"""
SP4N LAPOR - Web Scraper untuk Fine-tuning Dataset
===================================================
Scrapes halaman Kisah Sukses lalu masuk ke detail setiap aduan.
Data yang diambil: ID, Judul, Isi, Kategori Laporan

Fitur:
  - Loop otomatis sampai halaman terakhir (tidak perlu tahu total halaman)
  - Resume otomatis kalau scraping terputus di tengah jalan
  - Simpan progress ke checkpoint setiap selesai 1 laporan

Install dulu:
    pip install requests beautifulsoup4 pandas

Jalankan:
    python lapor_scraper.py

Untuk mulai dari awal (hapus checkpoint):
    python lapor_scraper.py --reset
"""

import requests
from bs4 import BeautifulSoup
import pandas as pd
import time
import random
import json
import logging
import os
import sys

# ─── Konfigurasi ────────────────────────────────────────────────────────────
BASE_URL        = "https://www.lapor.go.id"
LIST_URL        = BASE_URL + "/kisah-sukses?page={page}"
OUTPUT_CSV      = "lapor_dataset.csv"
OUTPUT_JSON     = "lapor_dataset.json"
CHECKPOINT_FILE = "checkpoint.json"   # menyimpan progress scraping

DELAY_MIN = 2.0   # detik — jangan dikurangi agar tidak diblokir
DELAY_MAX = 4.0

HEADERS = {
    "User-Agent": (
        "Mozilla/5.0 (Windows NT 10.0; Win64; x64) "
        "AppleWebKit/537.36 (KHTML, like Gecko) "
        "Chrome/120.0.0.0 Safari/537.36"
    ),
    "Accept-Language": "id-ID,id;q=0.9,en-US;q=0.8",
}

# ─── Setup logging ───────────────────────────────────────────────────────────
logging.basicConfig(
    level=logging.INFO,
    format="%(asctime)s [%(levelname)s] %(message)s",
    handlers=[
        logging.FileHandler("scraper.log", encoding="utf-8"),
        logging.StreamHandler()
    ]
)
log = logging.getLogger(__name__)

# ─── Session ─────────────────────────────────────────────────────────────────
session = requests.Session()
session.headers.update(HEADERS)

# Cookie sesi login LAPOR — ganti nilai ini kalau expired
LARAVEL_SESSION = "eyJpdiI6Imk5ODBKZmpoK3VNblFuZmlXbGd0VEE9PSIsInZhbHVlIjoiTkhjZHdkNW0rV1dQeUF3K2xBVm1nQm1zcUhPbXBMaU9HRXZqclhcLzRORG52SUpMWGdXZHJhek5wd1BraUhlR3Y2aXFCWmd3MnQzUGhcL2E5NmdiWDRWZz09IiwibWFjIjoiMDM0NzVkZGYwYmY2NjdiNTExZWU5OGRiNDkwNGVlZDc3ZmZhOTFlOGQ5YzQ2MTFmZDcyMzMxMDBiNDJjMDY3NCJ9"
session.cookies.set("laravel_session", LARAVEL_SESSION, domain="lapor.go.id", path="/")


# ═════════════════════════════════════════════════════════════════════════════
# CHECKPOINT  —  simpan & load progress
# ═════════════════════════════════════════════════════════════════════════════

def load_checkpoint() -> tuple[set, list]:
    """
    Load progress dari file checkpoint.
    Return: (seen_ids, all_data)
    """
    if os.path.exists(CHECKPOINT_FILE):
        with open(CHECKPOINT_FILE, "r", encoding="utf-8") as f:
            cp = json.load(f)
        seen_ids = set(cp.get("seen_ids", []))
        all_data = cp.get("all_data", [])
        log.info(f"Resume dari checkpoint: {len(all_data)} laporan sudah tersimpan.")
        return seen_ids, all_data
    return set(), []


def save_checkpoint(seen_ids: set, all_data: list):
    """Simpan progress ke file checkpoint."""
    with open(CHECKPOINT_FILE, "w", encoding="utf-8") as f:
        json.dump(
            {"seen_ids": list(seen_ids), "all_data": all_data},
            f, ensure_ascii=False
        )


def reset_checkpoint():
    """Hapus checkpoint untuk mulai dari awal."""
    if os.path.exists(CHECKPOINT_FILE):
        os.remove(CHECKPOINT_FILE)
        log.info("Checkpoint dihapus. Mulai dari awal.")


# ═════════════════════════════════════════════════════════════════════════════
# FETCH & PARSE
# ═════════════════════════════════════════════════════════════════════════════

def get_page(url: str, retries: int = 3) -> BeautifulSoup | None:
    """Fetch URL dan kembalikan BeautifulSoup. Retry otomatis jika gagal."""
    for attempt in range(1, retries + 1):
        try:
            resp = session.get(url, timeout=30)  # naikkan ke 30 untuk server LAPOR yang lambat
            resp.raise_for_status()
            return BeautifulSoup(resp.text, "html.parser")
        except requests.Timeout:
            # Timeout: retry cepat, tidak perlu nunggu lama
            log.warning(f"Timeout attempt {attempt}/{retries}: {url}")
            time.sleep(2)
        except requests.RequestException as e:
            # Error lain (koneksi putus, dll): nunggu lebih lama
            log.warning(f"Attempt {attempt}/{retries} gagal ({url}): {e}")
            time.sleep(DELAY_MAX * attempt)
    log.error(f"Semua percobaan gagal: {url}")
    return None


def get_report_links(page_num: int) -> list[str] | None:
    """
    Ambil semua link detail aduan dari satu halaman list.
    Return None  -> halaman gagal di-fetch (koneksi error)
    Return []    -> halaman berhasil di-fetch tapi kosong (sudah mentok)
    Return [...] -> daftar URL detail
    """
    url = LIST_URL.format(page=page_num)
    log.info(f"── Halaman {page_num}: {url}")
    soup = get_page(url)

    if soup is None:
        return None   # gagal fetch, bukan berarti mentok

    links = []
    for card in soup.select("div.post-title.h4.mg-0"):
        a_tag = card.find("a", href=True)
        if a_tag:
            href = a_tag["href"]
            if not href.startswith("http"):
                href = BASE_URL + href
            links.append(href)

    log.info(f"   -> {len(links)} laporan ditemukan")
    return links


def parse_detail(url: str) -> dict | None:
    """
    Ambil data detail satu aduan.
    Elemen HTML:
      ID       : <p>Tracking ID : <b>#XXXXX</b></p>
      Judul    : <h1 class="complaint-title">
      Isi      : <div class="complaint-excerpt"> <p>
      Kategori : <a href=".../laporan/kategori/...">
    """
    soup = get_page(url)
    if not soup:
        return None

    # ID
    tracking_id = None
    for p in soup.find_all("p"):
        if "Tracking ID" in p.get_text():
            b_tag = p.find("b")
            if b_tag:
                tracking_id = b_tag.get_text(strip=True).replace("#", "")
            break

    # Judul
    title_tag = soup.find("h1", class_="complaint-title")
    judul = title_tag.get_text(strip=True) if title_tag else None

    # Isi
    excerpt_div = soup.find("div", class_="complaint-excerpt")
    isi = None
    if excerpt_div:
        p_tag = excerpt_div.find("p")
        isi = p_tag.get_text(strip=True) if p_tag else excerpt_div.get_text(strip=True)

    # Kategori
    kategori = None
    kat_a = soup.select_one('a[href*="/laporan/kategori/"]')
    if kat_a:
        kategori = kat_a.get_text(strip=True)

    if not all([tracking_id, judul, isi]):
        log.warning(f"Data tidak lengkap: {url}")

    return {
        "id"      : tracking_id,
        "judul"   : judul,
        "isi"     : isi,
        "kategori": kategori,
        "url"     : url,
    }


# ═════════════════════════════════════════════════════════════════════════════
# MAIN LOOP  —  auto-stop + resume
# ═════════════════════════════════════════════════════════════════════════════

def scrape():
    seen_ids, all_data = load_checkpoint()

    page = 1
    empty_streak = 0       # hitung halaman kosong berturut-turut
    MAX_EMPTY_STREAK = 3   # stop kalau 3 halaman kosong berturut-turut

    while True:
        links = get_report_links(page)

        # ── Gagal fetch (koneksi error, bukan mentok) ──
        if links is None:
            log.warning("Gagal fetch halaman list. Coba lagi dalam 10 detik...")
            time.sleep(10)
            continue   # coba halaman yang sama lagi

        # ── Halaman kosong → kemungkinan sudah mentok ──
        if not links:
            empty_streak += 1
            log.info(f"Halaman {page} kosong ({empty_streak}/{MAX_EMPTY_STREAK}).")
            if empty_streak >= MAX_EMPTY_STREAK:
                log.info("Sudah mentok. Scraping selesai!")
                break
            page += 1
            time.sleep(random.uniform(DELAY_MIN, DELAY_MAX))
            continue

        empty_streak = 0   # reset kalau halaman ada isinya

        # ── Loop tiap link detail di halaman ini ──
        for link in links:
            log.info(f"   Detail: {link}")
            data = parse_detail(link)

            if data is None:
                log.warning("      x Gagal parse, skip.")
            elif data["id"] in seen_ids:
                log.info(f"      x Duplikat ID={data['id']}, skip.")
            else:
                all_data.append(data)
                seen_ids.add(data["id"])
                log.info(
                    f"      v ID={data['id']} | "
                    f"{(data['judul'] or '')[:45]} | {data['kategori']}"
                )
                # Simpan checkpoint setiap 1 laporan berhasil
                save_checkpoint(seen_ids, all_data)

            time.sleep(random.uniform(DELAY_MIN, DELAY_MAX))

        log.info(f"   Total terkumpul sejauh ini: {len(all_data)} laporan\n")

        page += 1
        time.sleep(random.uniform(DELAY_MIN, DELAY_MAX))

    return all_data


# ═════════════════════════════════════════════════════════════════════════════
# SAVE FINAL
# ═════════════════════════════════════════════════════════════════════════════

def save_final(data: list[dict]):
    """Simpan hasil akhir ke CSV dan JSON."""
    if not data:
        log.warning("Tidak ada data.")
        return

    df = pd.DataFrame(data, columns=["id", "judul", "isi", "kategori", "url"])
    df.to_csv(OUTPUT_CSV, index=False, encoding="utf-8-sig")
    log.info(f"CSV tersimpan -> {OUTPUT_CSV} ({len(df)} baris)")

    with open(OUTPUT_JSON, "w", encoding="utf-8") as f:
        json.dump(data, f, ensure_ascii=False, indent=2)
    log.info(f"JSON tersimpan -> {OUTPUT_JSON}")


# ═════════════════════════════════════════════════════════════════════════════
# ENTRY POINT
# ═════════════════════════════════════════════════════════════════════════════

if __name__ == "__main__":
    if "--reset" in sys.argv:
        reset_checkpoint()

    log.info("=== SP4N LAPOR Scraper dimulai ===")
    results = scrape()
    save_final(results)
    log.info(f"=== Selesai. Total {len(results)} laporan berhasil diambil. ===")2026-04-01 07:49:34,188 [INFO] === SP4N LAPOR Scraper dimulai ===
2026-04-01 07:49:34,188 [INFO] Resume dari checkpoint: 1 laporan sudah tersimpan.
2026-04-01 07:49:34,188 [INFO] ── Halaman 1: https://www.lapor.go.id/kisah-sukses?page=1
2026-04-01 07:49:42,054 [INFO]    -> 10 laporan ditemukan
2026-04-01 07:49:42,054 [INFO]    Detail: https://www.lapor.go.id/laporan/detil/proyek-jalan-tol-pejagan-pemalang-seksi-3
2026-04-01 07:49:42,977 [WARNING] Data tidak lengkap: https://www.lapor.go.id/laporan/detil/proyek-jalan-tol-pejagan-pemalang-seksi-3
2026-04-01 07:49:42,977 [INFO]       x Duplikat ID=None, skip.
2026-04-01 07:49:46,956 [INFO]    Detail: https://www.lapor.go.id/laporan/detil/tenaga-dokter-di-nusa-tenggara-timur
2026-04-01 07:49:48,429 [WARNING] Data tidak lengkap: https://www.lapor.go.id/laporan/detil/tenaga-dokter-di-nusa-tenggara-timur
2026-04-01 07:49:48,429 [INFO]       x Duplikat ID=None, skip.
2026-04-01 07:49:51,174 [INFO]    Detail: https://www.lapor.go.id/laporan/detil/standarisasi-pornografi-pornoaksi
2026-04-01 07:49:54,300 [WARNING] Data tidak lengkap: https://www.lapor.go.id/laporan/detil/standarisasi-pornografi-pornoaksi
2026-04-01 07:49:54,302 [INFO]       x Duplikat ID=None, skip.
2026-04-01 08:04:57,139 [INFO] === SP4N LAPOR Scraper dimulai ===
2026-04-01 08:04:57,141 [INFO] Resume dari checkpoint: 1 laporan sudah tersimpan.
2026-04-01 08:04:57,141 [INFO] ── Halaman 1: https://www.lapor.go.id/kisah-sukses?page=1
2026-04-01 08:05:04,493 [INFO]    -> 10 laporan ditemukan
2026-04-01 08:05:04,493 [INFO]    Detail: https://www.lapor.go.id/laporan/detil/proyek-jalan-tol-pejagan-pemalang-seksi-3
2026-04-01 08:05:06,383 [WARNING] Data tidak lengkap: https://www.lapor.go.id/laporan/detil/proyek-jalan-tol-pejagan-pemalang-seksi-3
2026-04-01 08:05:06,385 [INFO]       x Duplikat ID=None, skip.
2026-04-01 08:05:09,549 [INFO]    Detail: https://www.lapor.go.id/laporan/detil/tenaga-dokter-di-nusa-tenggara-timur
2026-04-01 08:05:10,682 [WARNING] Data tidak lengkap: https://www.lapor.go.id/laporan/detil/tenaga-dokter-di-nusa-tenggara-timur
2026-04-01 08:05:10,682 [INFO]       x Duplikat ID=None, skip.
2026-04-01 08:05:14,325 [INFO]    Detail: https://www.lapor.go.id/laporan/detil/standarisasi-pornografi-pornoaksi
2026-04-01 08:05:15,773 [WARNING] Data tidak lengkap: https://www.lapor.go.id/laporan/detil/standarisasi-pornografi-pornoaksi
2026-04-01 08:05:15,773 [INFO]       x Duplikat ID=None, skip.
2026-04-01 08:05:18,338 [INFO]    Detail: https://www.lapor.go.id/laporan/detil/biaya-operasi-untuk-pasien-tidak-mampu
2026-04-01 08:05:20,132 [WARNING] Data tidak lengkap: https://www.lapor.go.id/laporan/detil/biaya-operasi-untuk-pasien-tidak-mampu
2026-04-01 08:05:20,135 [INFO]       x Duplikat ID=None, skip.
2026-04-01 08:05:24,000 [INFO]    Detail: https://www.lapor.go.id/laporan/detil/pembayaran-gaji-dokter-ptt-di-maluku-utara
2026-04-01 08:05:24,797 [WARNING] Data tidak lengkap: https://www.lapor.go.id/laporan/detil/pembayaran-gaji-dokter-ptt-di-maluku-utara
2026-04-01 08:05:24,797 [INFO]       x Duplikat ID=None, skip.
2026-04-01 08:05:26,834 [INFO]    Detail: https://www.lapor.go.id/laporan/detil/pembalakan-liar-di-kalimantan-tengah
2026-04-01 08:05:27,530 [WARNING] Data tidak lengkap: https://www.lapor.go.id/laporan/detil/pembalakan-liar-di-kalimantan-tengah
2026-04-01 08:05:27,530 [INFO]       x Duplikat ID=None, skip.
2026-04-01 08:13:03,466 [INFO] Checkpoint dihapus. Mulai dari awal.
2026-04-01 08:13:03,466 [INFO] === SP4N LAPOR Scraper dimulai ===
2026-04-01 08:13:03,466 [INFO] ── Halaman 1: https://www.lapor.go.id/kisah-sukses?page=1
2026-04-01 08:13:05,020 [INFO]    -> 10 laporan ditemukan
2026-04-01 08:13:05,020 [INFO]    Detail: https://www.lapor.go.id/laporan/detil/proyek-jalan-tol-pejagan-pemalang-seksi-3
2026-04-01 08:13:06,228 [WARNING] Data tidak lengkap: https://www.lapor.go.id/laporan/detil/proyek-jalan-tol-pejagan-pemalang-seksi-3
2026-04-01 08:13:06,228 [INFO]       v ID=None |  | None
2026-04-01 08:13:24,125 [INFO] Checkpoint dihapus. Mulai dari awal.
2026-04-01 08:13:24,125 [INFO] === SP4N LAPOR Scraper dimulai ===
2026-04-01 08:13:24,125 [INFO] ── Halaman 1: https://www.lapor.go.id/kisah-sukses?page=1
2026-04-01 08:13:26,734 [INFO]    -> 10 laporan ditemukan
2026-04-01 08:13:26,734 [INFO]    Detail: https://www.lapor.go.id/laporan/detil/proyek-jalan-tol-pejagan-pemalang-seksi-3
2026-04-01 08:13:34,673 [INFO]       v ID=22005 | Proyek Jalan Tol Pejagan-Pemalang Seksi 3 | Infrastruktur
2026-04-01 08:13:37,164 [INFO]    Detail: https://www.lapor.go.id/laporan/detil/tenaga-dokter-di-nusa-tenggara-timur
2026-04-01 08:13:43,904 [INFO]       v ID=22022 | Tenaga Dokter di Nusa Tenggara Timur | Bidang Kesejahteraan Rakyat
2026-04-01 08:13:47,410 [INFO]    Detail: https://www.lapor.go.id/laporan/detil/standarisasi-pornografi-pornoaksi
2026-04-01 08:13:54,250 [INFO]       v ID=22033 | Standarisasi Pornografi & Pornoaksi | Teknologi Informasi dan Komunikasi
2026-04-01 08:13:57,593 [INFO]    Detail: https://www.lapor.go.id/laporan/detil/biaya-operasi-untuk-pasien-tidak-mampu
2026-04-01 08:14:02,770 [INFO]       v ID=22039 | Biaya Operasi untuk Pasien Tidak Mampu | Kesehatan
2026-04-01 08:14:05,699 [INFO]    Detail: https://www.lapor.go.id/laporan/detil/pembayaran-gaji-dokter-ptt-di-maluku-utara
2026-04-01 08:14:14,214 [INFO]       v ID=22067 | Pembayaran Gaji Dokter PTT di Maluku Utara | Kesehatan
2026-04-01 08:14:18,050 [INFO]    Detail: https://www.lapor.go.id/laporan/detil/pembalakan-liar-di-kalimantan-tengah
2026-04-01 08:14:26,869 [INFO]       v ID=22145 | Pembalakan Liar di Kalimantan Tengah | Lingkungan Hidup dan Penanggulangan Bencana
2026-04-01 08:14:29,719 [INFO]    Detail: https://www.lapor.go.id/laporan/detil/pelayanan-kebersihan-rs-rangkasbitung-dan-pandeglang-mengecewakan
2026-04-01 08:14:37,752 [INFO]       v ID=196038 | Pelayanan & Kebersihan RS Rangkasbitung dan P | Kesehatan
2026-04-01 08:14:41,444 [INFO]    Detail: https://www.lapor.go.id/laporan/detil/pencairan-dana-sertifikasi-guru-tidak-pernah-tuntas
2026-04-01 08:14:51,499 [INFO]       v ID=197168 | Pencairan Dana Sertifikasi Guru Tidak Pernah  | Pendidikan
2026-04-01 08:14:55,458 [INFO]    Detail: https://www.lapor.go.id/laporan/detil/layanan-balik-nama-sertifikat-tanah-bpn-tangerang-lambat
2026-04-01 08:15:02,702 [INFO]       v ID=198229 | Layanan Balik Nama Sertifikat Tanah BPN Tange | Reformasi Birokrasi dan Tata Kelola
2026-04-01 08:15:05,772 [INFO]    Detail: https://www.lapor.go.id/laporan/detil/anggaran-normalisasi-sungai-juwana-di-pati-jawa-tengah
2026-04-01 08:15:17,087 [INFO]       v ID=219038 | Anggaran Normalisasi Sungai Juwana di Pati, J | Infrastruktur
2026-04-01 08:15:19,485 [INFO]    Total terkumpul sejauh ini: 10 laporan

2026-04-01 08:15:21,723 [INFO] ── Halaman 2: https://www.lapor.go.id/kisah-sukses?page=2
2026-04-01 08:15:27,978 [INFO]    -> 10 laporan ditemukan
2026-04-01 08:15:27,978 [INFO]    Detail: https://www.lapor.go.id/laporan/detil/jalan-berlubang-di-jalan-raya-jakarta-bogor
2026-04-01 08:15:35,629 [INFO]       v ID=220220 | Jalan Berlubang di Jalan Raya Jakarta-Bogor | Infrastruktur
2026-04-01 08:15:38,212 [INFO]    Detail: https://www.lapor.go.id/laporan/detil/permasalahan-pembangunan-di-desa-tembongwah-tegal
2026-04-01 08:15:47,528 [INFO]       v ID=220387 | Permasalahan Pembangunan di Desa Tembongwah,  | Bidang Kesejahteraan Rakyat
2026-04-01 08:15:49,786 [INFO]    Detail: https://www.lapor.go.id/laporan/detil/dana-sertifikasi-guru-di-tanjungbalai-sumatera-utara-belum-dibayar
2026-04-01 08:15:57,239 [INFO]       v ID=220995 | Dana Sertifikasi Guru di Tanjungbalai, Sumate | Pendidikan
2026-04-01 08:16:01,031 [INFO]    Detail: https://www.lapor.go.id/laporan/detil/harapan-petani-tebu-di-jember-akan-pinjaman-lunak
2026-04-01 08:16:09,371 [INFO]       v ID=221269 | Harapan Petani Tebu di Jember Akan Pinjaman L | Pertanian
2026-04-01 08:16:11,925 [INFO]    Detail: https://www.lapor.go.id/laporan/detil/indikasi-pungutan-liar-biaya-pembuatan-e-ktp-di-bekasi-utara
2026-04-01 08:16:17,951 [INFO]       v ID=222409 | Indikasi Pungutan Liar Biaya Pembuatan E-KTP  | Reformasi Birokrasi dan Tata Kelola
2026-04-01 08:16:20,633 [INFO]    Detail: https://www.lapor.go.id/laporan/detil/sering-padam-lampu-di-kebun-jeruk-jakarta
2026-04-01 08:16:29,093 [INFO]       v ID=222594 | Sering Padam Lampu di Kebun Jeruk, Jakarta | Infrastruktur
2026-04-01 08:16:32,996 [INFO]    Detail: https://www.lapor.go.id/laporan/detil/akses-data-penggunaan-anggaran-kecamatan-kelurahan-di-dki-jakarta
2026-04-01 08:16:42,546 [INFO]       v ID=234809 | Akses Data Penggunaan Anggaran Kecamatan/Kelu | Reformasi Birokrasi dan Tata Kelola
2026-04-01 08:16:46,533 [INFO]    Detail: https://www.lapor.go.id/laporan/detil/bangunan-tanpa-imb-di-kelapa-gading
2026-04-01 08:16:54,301 [INFO]       v ID=234948 | Bangunan tanpa IMB di Kelapa Gading | Bidang Politik, Hukum, dan Keamanan
2026-04-01 08:16:56,761 [INFO]    Detail: https://www.lapor.go.id/laporan/detil/pertanyaan-mengenai-besar-dana-bos-untuk-murid-sekolah-dasar
2026-04-01 08:17:04,837 [INFO]       v ID=235543 | Pertanyaan mengenai Besar Dana BOS untuk Muri | Pendidikan
2026-04-01 08:17:08,547 [INFO]    Detail: https://www.lapor.go.id/laporan/detil/pengurusan-kk-dan-ktp-lama-urusan-penduduk-oku-selatan-sumatera-selatan-terhambat
2026-04-01 08:17:17,034 [INFO]       v ID=236813 | Pengurusan KK dan KTP Lama, Urusan Penduduk O | Reformasi Birokrasi dan Tata Kelola
2026-04-01 08:17:21,008 [INFO]    Total terkumpul sejauh ini: 20 laporan

2026-04-01 08:17:24,530 [INFO] ── Halaman 3: https://www.lapor.go.id/kisah-sukses?page=3
2026-04-01 08:17:31,255 [INFO]    -> 10 laporan ditemukan
2026-04-01 08:17:31,255 [INFO]    Detail: https://www.lapor.go.id/laporan/detil/pemutusan-sepihak-tunjangan-khusus-guru-di-smp-negeri-2-daha-selatan
2026-04-01 08:17:40,171 [INFO]       v ID=240870 | Pemutusan Sepihak Tunjangan Khusus Guru di SM | Pendidikan
2026-04-01 08:17:42,687 [INFO]    Detail: https://www.lapor.go.id/laporan/detil/kesalahan-data-menyulitkan-perpanjangan-ktp-warga
2026-04-01 08:17:50,500 [INFO]       v ID=240884 | Kesalahan Data Menyulitkan Perpanjangan KTP W | Reformasi Birokrasi dan Tata Kelola
2026-04-01 08:17:53,023 [INFO]    Detail: https://www.lapor.go.id/laporan/detil/saran-penambahan-jembatan-penyeberangan-di-stasiun-juanda
2026-04-01 08:18:01,411 [INFO]       v ID=800124 | Saran Penambahan Jembatan Penyeberangan di St | Infrastruktur
2026-04-01 08:18:05,140 [INFO]    Detail: https://www.lapor.go.id/laporan/detil/ganti-rugi-lahan-belum-dibayarkan-pt-pembangunan-jaya-ancol
2026-04-01 08:18:13,232 [INFO]       v ID=806155 | Ganti Rugi Lahan Belum Dibayarkan PT Pembangu | Bidang Politik, Hukum, dan Keamanan
2026-04-01 08:18:16,734 [INFO]    Detail: https://www.lapor.go.id/laporan/detil/biaya-pencatatan-pernikahan-berbeda-dengan-ketentuan
2026-04-01 08:18:23,902 [INFO]       v ID=812895 | Biaya Pencatatan Pernikahan Berbeda dengan Ke | Reformasi Birokrasi dan Tata Kelola
2026-04-01 08:18:26,966 [INFO]    Detail: https://www.lapor.go.id/laporan/detil/indikasi-air-tercemar-di-lingkungan-tegal-alur-jakarta
2026-04-01 08:18:34,008 [INFO]       v ID=958665 | Indikasi Air Tercemar di Lingkungan Tegal Alu | Lingkungan Hidup dan Penanggulangan Bencana
2026-04-01 08:18:36,799 [INFO]    Detail: https://www.lapor.go.id/laporan/detil/parkir-liar-di-jalan-roxy-mas
2026-04-01 08:18:43,824 [INFO]       v ID=1104282 | Parkir Liar Di Jalan Roxy Mas | Topik Lainnya
2026-04-01 08:18:46,808 [INFO]    Detail: https://www.lapor.go.id/laporan/detil/informasi-posisi-stasiun-di-dalam-kereta-commuter-line
2026-04-01 08:18:53,786 [INFO]       v ID=1110023 | Informasi Posisi Stasiun di dalam Kereta Comm | Infrastruktur
2026-04-01 08:18:57,480 [INFO]    Detail: https://www.lapor.go.id/laporan/detil/belum-ada-listrik-di-desa-bakustulama-kab-belu-karena-pln-takut-merugi
2026-04-01 08:19:04,846 [INFO]       v ID=1127713 | Belum Ada Listrik di Desa Bakustulama, Kab. B | Infrastruktur
2026-04-01 08:19:07,076 [INFO]    Detail: https://www.lapor.go.id/laporan/detil/membangun-gedung-di-atas-lahan-pemkot
2026-04-01 08:19:15,775 [INFO]       v ID=1141090 | Membangun Gedung di Atas Lahan Pemkot | Topik Lainnya
2026-04-01 08:19:18,583 [INFO]    Total terkumpul sejauh ini: 30 laporan

2026-04-01 08:19:22,400 [INFO] ── Halaman 4: https://www.lapor.go.id/kisah-sukses?page=4
2026-04-01 08:19:32,849 [INFO]    -> 10 laporan ditemukan
2026-04-01 08:19:32,849 [INFO]    Detail: https://www.lapor.go.id/laporan/detil/banjir-jakarta-jalan-pulo-besar-3-kelurahan-sunter-jaya-kecamatan-tanjung-priok-logistik
2026-04-01 08:19:42,548 [INFO]       v ID=1164117 | Banjir Jakarta - Jalan Pulo besar 3, Keluraha | Banjir Jakarta
2026-04-01 08:19:45,929 [INFO]    Detail: https://www.lapor.go.id/laporan/detil/banjir-jakarta-kelurahan-semper-barat
2026-04-01 08:19:53,164 [INFO]       v ID=1164475 | Banjir Jakarta - kelurahan Semper Barat | Banjir Jakarta
2026-04-01 08:19:57,046 [INFO]    Detail: https://www.lapor.go.id/laporan/detil/kemana-uang-pungutan-pajak-restoran-dan-cafe-ilegal-2
2026-04-01 08:20:07,533 [INFO]       v ID=1169553 | Kemana Uang Pungutan Pajak Restoran dan Cafe  | Korupsi
2026-04-01 08:20:10,854 [INFO]    Detail: https://www.lapor.go.id/laporan/detil/sertifikat-tanah-belum-selesai-di-kantor-pertanahan-kabupaten-cibinong-bogor
2026-04-01 08:20:18,703 [INFO]       v ID=1171908 | Sertifikat Tanah Belum Selesai di Kantor Pert | Reformasi Birokrasi dan Tata Kelola
2026-04-01 08:20:22,532 [INFO]    Detail: https://www.lapor.go.id/laporan/detil/tumpukan-sampah-di-stasiun-depok-lama
2026-04-01 08:20:30,178 [INFO]       v ID=1199735 | Tumpukan Sampah di Stasiun Depok Lama | Infrastruktur
2026-04-01 08:20:33,928 [INFO]    Detail: https://www.lapor.go.id/laporan/detil/lcd-gedung-kementerian-perdagangan-tidak-berfungsi
2026-04-01 08:20:41,361 [INFO]       v ID=1200729 | LCD Gedung Kementerian Perdagangan Tidak Berf | Infrastruktur
2026-04-01 08:20:44,237 [INFO]    Detail: https://www.lapor.go.id/laporan/detil/pertanyaan-mengenai-mekanisme-pengawasan-kualitas-bangunan
2026-04-01 08:20:53,322 [INFO]       v ID=1202807 | Pertanyaan mengenai Mekanisme Pengawasan Kual | Infrastruktur
2026-04-01 08:20:56,517 [INFO]    Detail: https://www.lapor.go.id/laporan/detil/pengurusan-perizinan-dalam-perubahan-nama-perusahaan-1212491
2026-04-01 08:21:05,835 [INFO]       v ID=1212491 | Pengurusan Perizinan dalam Perubahan Nama Per | Perdagangan, Perindustrian, Iklim Usaha, dan Investasi
2026-04-01 08:21:09,566 [INFO]    Detail: https://www.lapor.go.id/laporan/detil/listrik-sering-padam-di-kabupaten-nias-utara-1222146
2026-04-01 08:21:17,589 [INFO]       v ID=1222146 | Listrik Sering Padam di Kabupaten Nias Utara | Energi dan Sumber Daya Alam
2026-04-01 08:21:20,977 [INFO]    Detail: https://www.lapor.go.id/laporan/detil/permohonan-penertiban-pkl-di-jembatan-pasar-ikan-dan-di-terminal-tanjung-priok-1224482
2026-04-01 08:21:29,045 [INFO]       v ID=1224482 | Permohonan Penertiban PKL di Jembatan Pasar I | Lingkungan Hidup
2026-04-01 08:21:31,978 [INFO]    Total terkumpul sejauh ini: 40 laporan

2026-04-01 08:21:34,974 [INFO] ── Halaman 5: https://www.lapor.go.id/kisah-sukses?page=5
2026-04-01 08:21:44,417 [INFO]    -> 10 laporan ditemukan
2026-04-01 08:21:44,417 [INFO]    Detail: https://www.lapor.go.id/laporan/detil/vaksin-cacar-tidak-tersedia-di-beberapa-rumah-sakit-di-jakarta-1229190
2026-04-01 08:21:51,222 [INFO]       v ID=1229190 | Vaksin Cacar Tidak Tersedia di Beberapa Rumah | Kesehatan
2026-04-01 08:21:54,015 [INFO]    Detail: https://www.lapor.go.id/laporan/detil/keterlambatan-tunjangan-sertifikasi-guru-di-kabupaten-kutai-barat-1240126
2026-04-01 08:22:02,340 [INFO]       v ID=1240126 | Keterlambatan Tunjangan Sertifikasi Guru di K | Reformasi Birokrasi dan Tata Kelola
2026-04-01 08:22:04,472 [INFO]    Detail: https://www.lapor.go.id/laporan/detil/antisipasi-wabah-cacar-di-kota-bogor-1243962
2026-04-01 08:22:14,002 [INFO]       v ID=1243962 | Antisipasi Wabah Cacar di Kota Bogor | Kesehatan
2026-04-01 08:22:17,485 [INFO]    Detail: https://www.lapor.go.id/laporan/detil/masyarakat-pulau-papagarang-kabupaten-manggarai-barat-kesulitan-memperoleh-air-bersih-1245469
2026-04-01 08:22:27,634 [INFO]       v ID=1245469 | Masyarakat Pulau Papagarang, Kabupaten Mangga | Pembangunan Desa, Daerah Tertinggal, Terdepan, Terluar, dan Transmigrasi
2026-04-01 08:22:30,631 [INFO]    Detail: https://www.lapor.go.id/laporan/detil/pertanyaan-mengenai-pembelian-karet-tabung-gas-3-kg-1248006
2026-04-01 08:22:39,999 [INFO]       v ID=1248006 | Pertanyaan Mengenai Pembelian Karet Tabung Ga | Energi dan Sumber Daya Alam
2026-04-01 08:22:42,489 [INFO]    Detail: https://www.lapor.go.id/laporan/detil/pertanyaan-mengenai-kemasan-rokok-1248063
2026-04-01 08:22:50,699 [INFO]       v ID=1248063 | Pertanyaan Mengenai Kemasan Rokok | Kesehatan
2026-04-01 08:22:52,853 [INFO]    Detail: https://www.lapor.go.id/laporan/detil/masa-berlaku-ijin-reklame-1250318
2026-04-01 08:22:59,171 [INFO]       v ID=1250318 | Masa Berlaku Ijin Reklame | Topik Lainnya
2026-04-01 08:23:02,034 [INFO]    Detail: https://www.lapor.go.id/laporan/detil/internship-ujian-kompetensi-dokter-indonesia-tak-kunjung-diberangkatkan-1255665
2026-04-01 08:23:09,342 [INFO]       v ID=1255665 | Internship Ujian Kompetensi Dokter Indonesia  | Kesehatan
2026-04-01 08:23:13,142 [INFO]    Detail: https://www.lapor.go.id/laporan/detil/gaji-dokter-ptt-di-kabupaten-asahan-1260930
2026-04-01 08:23:20,263 [INFO]       v ID=1260930 | Gaji Dokter PTT di Kabupaten Asahan | Kesehatan
2026-04-01 08:23:22,433 [INFO]    Detail: https://www.lapor.go.id/laporan/detil/upaya-memberantas-rokok-di-indonesia-1269330
2026-04-01 08:23:29,124 [INFO]       v ID=1269330 | Upaya Memberantas Rokok di Indonesia | Kesehatan
2026-04-01 08:23:31,787 [INFO]    Total terkumpul sejauh ini: 50 laporan

2026-04-01 08:23:34,234 [INFO] ── Halaman 6: https://www.lapor.go.id/kisah-sukses?page=6
2026-04-01 08:23:42,912 [INFO]    -> 10 laporan ditemukan
2026-04-01 08:23:42,912 [INFO]    Detail: https://www.lapor.go.id/laporan/detil/perlunya-irigasi-persawahan-di-bunguraya-siak-1277221
2026-04-01 08:23:51,183 [INFO]       v ID=1277221 | Perlunya Irigasi Persawahan di Bunguraya, Sia | Infrastruktur
2026-04-01 08:23:55,099 [INFO]    Detail: https://www.lapor.go.id/laporan/detil/antrian-rumah-sakit-mata-cicendo-sangat-lama-1278454
2026-04-01 08:24:01,117 [INFO]       v ID=1278454 | Antrian Rumah Sakit Mata Cicendo Sangat Lama | Kesehatan
2026-04-01 08:24:03,490 [INFO]    Detail: https://www.lapor.go.id/laporan/detil/pedagang-kaki-lima-di-sekitar-jalan-masuk-gor-ragunan-1285198
2026-04-01 08:24:11,941 [INFO]       v ID=1285198 | Pedagang Kaki Lima di Sekitar Jalan Masuk GOR | Topik Lainnya
2026-04-01 08:24:15,466 [INFO]    Detail: https://www.lapor.go.id/laporan/detil/nominal-iuran-bpjs-kesehatan-lebih-besar-dari-ketentuan-1286845
2026-04-01 08:24:21,878 [INFO]       v ID=1286845 | Nominal Iuran BPJS Kesehatan Lebih Besar Dari | None
2026-04-01 08:24:24,760 [INFO]    Detail: https://www.lapor.go.id/laporan/detil/tidak-dapat-cetak-e-id-bpjs-kesehatan-1291367
2026-04-01 08:24:32,402 [INFO]       v ID=1291367 | Tidak Dapat Cetak e-ID BPJS Kesehatan | None
2026-04-01 08:24:35,915 [INFO]    Detail: https://www.lapor.go.id/laporan/detil/harga-gas-3-kg-mencapai-rp-20-000-di-pontianak-1294348
2026-04-01 08:24:46,457 [INFO]       v ID=1294348 | Harga Gas 3 Kg Mencapai Rp. 20.000 di Pontian | Energi dan Sumber Daya Alam
2026-04-01 08:24:49,868 [INFO]    Detail: https://www.lapor.go.id/laporan/detil/lampu-pju-tidak-di-nyalakan-setelah-di-perbaiki-1299551
2026-04-01 08:24:57,997 [INFO]       v ID=1299551 | Lampu PJU Tidak di Nyalakan Setelah di Perbai | Energi dan Sumber Daya Alam
2026-04-01 08:25:01,922 [INFO]    Detail: https://www.lapor.go.id/laporan/detil/aktivasi-e-id-bpjs-kesehatan-bermasalah-1301186
2026-04-01 08:25:09,169 [INFO]       v ID=1301186 | Aktivasi e-ID BPJS Kesehatan Bermasalah | Kesehatan
2026-04-01 08:25:12,244 [INFO]    Detail: https://www.lapor.go.id/laporan/detil/keberatan-dengan-aktifitas-pt-baja-satya-pratama-1301477
2026-04-01 08:25:20,261 [INFO]       v ID=1301477 | Keberatan dengan aktifitas PT. Baja Satya Pra | Topik Lainnya
2026-04-01 08:25:23,996 [INFO]    Detail: https://www.lapor.go.id/laporan/detil/link-pencetakan-e-id-bpjs-kesehatan-tidak-muncul-1301548
2026-04-01 08:25:30,750 [INFO]       v ID=1301548 | Link Pencetakan e-ID BPJS Kesehatan Tidak Mun | Kesehatan
2026-04-01 08:25:34,411 [INFO]    Total terkumpul sejauh ini: 60 laporan

2026-04-01 08:25:38,403 [INFO] ── Halaman 7: https://www.lapor.go.id/kisah-sukses?page=7
2026-04-01 08:25:45,379 [INFO]    -> 10 laporan ditemukan
2026-04-01 08:25:45,381 [INFO]    Detail: https://www.lapor.go.id/laporan/detil/rincian-data-bps-tentang-jumlah-sekolah-di-kab-solok-1302351
2026-04-01 08:25:52,480 [INFO]       v ID=1302351 | Rincian Data BPS tentang Jumlah Sekolah di Ka | None
2026-04-01 08:25:55,175 [INFO]    Detail: https://www.lapor.go.id/laporan/detil/saklar-listrik-di-perpustakaan-daerah-kuningan-perlu-ditambah-1314358
2026-04-01 08:26:02,434 [INFO]       v ID=1314358 | Saklar Listrik Di Perpustakaan Daerah Kuninga | Reformasi Birokrasi dan Tata Kelola
2026-04-01 08:26:06,075 [INFO]    Detail: https://www.lapor.go.id/laporan/detil/jalan-rusak-di-jalan-dr-soepomo-tebet-1314681
2026-04-01 08:26:12,165 [INFO]       v ID=1314681 | Jalan Rusak di Jalan Dr Soepomo Tebet | Topik Lainnya
2026-04-01 08:26:16,150 [INFO]    Detail: https://www.lapor.go.id/laporan/detil/adakah-batasan-usia-untuk-pendaftaran-peserta-bpjs-kesehatan-1321537
2026-04-01 08:26:24,999 [INFO]       v ID=1321537 | Adakah Batasan Usia Untuk Pendaftaran Peserta | None
2026-04-01 08:26:27,787 [INFO]    Detail: https://www.lapor.go.id/laporan/detil/permohonan-perbaikan-jl-ais-nas-bojonegoro-1322308
2026-04-01 08:26:35,436 [INFO]       v ID=1322308 | PERMOHONAN PERBAIKAN Jl. AIS NAS BOJONEGORO | Infrastruktur
2026-04-01 08:26:37,471 [INFO]    Detail: https://www.lapor.go.id/laporan/detil/gajah-taman-nasional-way-kambas-merusak-tanaman-padi-di-desa-tambah-dadi-1325923
2026-04-01 08:26:45,652 [INFO]       v ID=1325923 | Gajah Taman Nasional Way Kambas Merusak Tanam | Kehutanan
2026-04-01 08:26:48,704 [INFO]    Detail: https://www.lapor.go.id/laporan/detil/sekitar-pembangunan-bandung-teknopolis-1325948
2026-04-01 08:26:56,917 [INFO]       v ID=1325948 | Sekitar Pembangunan Bandung Teknopolis | Topik Lainnya
2026-04-01 08:26:59,446 [INFO]    Detail: https://www.lapor.go.id/laporan/detil/banyak-kotoran-kuda-di-jalan-banjarjo-rt-19-bojonegoro-1325966
2026-04-01 08:27:07,119 [INFO]       v ID=1325966 | Banyak Kotoran Kuda di Jalan Banjarjo RT 19 B | Lingkungan Hidup
2026-04-01 08:27:09,922 [INFO]    Detail: https://www.lapor.go.id/laporan/detil/padamnya-lampu-penerangan-jalan-raya-kamal-outer-ring-road-cengkareng-1326888
2026-04-01 08:27:16,775 [INFO]       v ID=1326888 | Padamnya Lampu Penerangan Jalan Raya Kamal Ou | Listrik
2026-04-01 08:27:18,784 [INFO]    Detail: https://www.lapor.go.id/laporan/detil/e-ktp-tidak-kunjung-dicetak-namun-harus-membayar-rp-200-000-untuk-pencetakannya-1327973
2026-04-01 08:27:27,099 [INFO]       v ID=1327973 | E-KTP Tidak Kunjung Dicetak Namun Harus Memba | Administrasi Kependudukan
2026-04-01 08:27:30,183 [INFO]    Total terkumpul sejauh ini: 70 laporan

2026-04-01 08:27:33,858 [INFO] ── Halaman 8: https://www.lapor.go.id/kisah-sukses?page=8
2026-04-01 08:27:40,949 [INFO]    -> 10 laporan ditemukan
2026-04-01 08:27:40,949 [INFO]    Detail: https://www.lapor.go.id/laporan/detil/rusaknya-jalan-di-jalan-utan-jati-kalideres-jakarta-barat-1329148
2026-04-01 08:27:48,351 [INFO]       v ID=1329148 | Rusaknya Jalan di Jalan Utan Jati, Kalideres  | Infrastruktur
2026-04-01 08:27:50,821 [INFO]    Detail: https://www.lapor.go.id/laporan/detil/pembuatan-surat-kematian-kel-margasari-kec-buah-batu-1331756
2026-04-01 08:27:58,399 [INFO]       v ID=1331756 | Pembuatan surat kematian kel Margasari Kec Bu | Administrasi Kependudukan
2026-04-01 08:28:01,304 [INFO]    Detail: https://www.lapor.go.id/laporan/detil/tetap-diminta-pajak-bandara-padahal-tiket-penerbangan-sudah-termasuk-pajak-1332032
2026-04-01 08:28:09,314 [INFO]       v ID=1332032 | Tetap Diminta Pajak Bandara Padahal Tiket Pen | Perhubungan
2026-04-01 08:28:12,331 [INFO]    Detail: https://www.lapor.go.id/laporan/detil/pengurusan-sertifikat-di-bpn-majalengka-tidak-kunjung-selesai-1332491
2026-04-01 08:28:21,614 [INFO]       v ID=1332491 | Pengurusan Sertifikat di BPN Majalengka Tidak | Pertanahan dan Permukiman
2026-04-01 08:28:24,226 [INFO]    Detail: https://www.lapor.go.id/laporan/detil/pju-di-jalan-balai-pustaka-ii-rawamangun-tidak-berfungsi-1338701
2026-04-01 08:28:32,393 [INFO]       v ID=1338701 | PJU di Jalan Balai Pustaka II Rawamangun Tida | Perhubungan
2026-04-01 08:28:34,408 [INFO]    Detail: https://www.lapor.go.id/laporan/detil/babinsa-menguasai-taman-flexi-1343690
2026-04-01 08:28:42,928 [INFO]       v ID=1343690 | Babinsa Menguasai Taman Flexi | Topik Lainnya
2026-04-01 08:28:45,189 [INFO]    Detail: https://www.lapor.go.id/laporan/detil/permohonan-npik-tpt-melalui-hak-akses-inatrade-1350896
2026-04-01 08:28:54,807 [INFO]       v ID=1350896 | Permohonan NPIK TPT melalui Hak Akses Inatrad | Reformasi Birokrasi dan Tata Kelola
2026-04-01 08:28:58,706 [INFO]    Detail: https://www.lapor.go.id/laporan/detil/pencemaran-lingkungan-yang-menyebabkan-jalan-kotor-1360205
2026-04-01 08:29:05,657 [INFO]       v ID=1360205 | Pencemaran Lingkungan Yang Menyebabkan Jalan  | Lingkungan Hidup
2026-04-01 08:29:09,204 [INFO]    Detail: https://www.lapor.go.id/laporan/detil/website-bpjs-ketenagakerjaan-tidak-bisa-diakses-1361457
2026-04-01 08:29:17,796 [INFO]       v ID=1361457 | Website BPJS Ketenagakerjaan Tidak Bisa Diaks | Ketenagakerjaan
2026-04-01 08:29:21,717 [INFO]    Detail: https://www.lapor.go.id/laporan/detil/pengurusan-permohonan-sk-pelepasan-hak-tanah-tidak-kunjung-selesai-1361651
2026-04-01 08:29:28,821 [INFO]       v ID=1361651 | Pengurusan Permohonan SK Pelepasan Hak Tanah  | Pertanahan dan Permukiman
2026-04-01 08:29:32,568 [INFO]    Total terkumpul sejauh ini: 80 laporan

2026-04-01 08:29:34,895 [INFO] ── Halaman 9: https://www.lapor.go.id/kisah-sukses?page=9
2026-04-01 08:29:42,813 [INFO]    -> 10 laporan ditemukan
2026-04-01 08:29:42,813 [INFO]    Detail: https://www.lapor.go.id/laporan/detil/pabrik-tahu-mencemari-lingkungan-sekitar-1364380
2026-04-01 08:29:50,844 [INFO]       v ID=1364380 | Pabrik Tahu Mencemari Lingkungan Sekitar | Lingkungan Hidup
2026-04-01 08:29:53,948 [INFO]    Detail: https://www.lapor.go.id/laporan/detil/informasi-penyandang-disabilitas-pada-bumn
2026-04-01 08:29:59,998 [INFO]       v ID=1366991 | Informasi Penyandang Disabilitas pada BUMN | Pelayanan Masyarakat
2026-04-01 08:30:03,529 [INFO]    Detail: https://www.lapor.go.id/laporan/detil/aktivasi-pendaftaran-bpjs-kesehatan-yang-tertunda-1367632
2026-04-01 08:30:10,337 [INFO]       v ID=1367632 | Aktivasi Pendaftaran BPJS Kesehatan yang Tert | Administrasi pendaftaran online (KK tidak ditemukan, Anggota Kel Berbeda dengan KK, Salah Satu Anggota kel sudah terdaftar)
2026-04-01 08:30:13,121 [INFO]    Detail: https://www.lapor.go.id/laporan/detil/prosedur-penggunaan-bpjs-kesehatan-di-luar-kota
2026-04-01 08:30:20,392 [INFO]       v ID=1368238 | Prosedur Penggunaan BPJS Kesehatan di Luar Ko | BPJS Kesehatan
2026-04-01 08:30:23,923 [INFO]    Detail: https://www.lapor.go.id/laporan/detil/apakah-sistem-online-bpjs-kesehatan-sedang-mengalami-kerusakan
2026-04-01 08:30:31,360 [INFO]       v ID=1369420 | Apakah Sistem Online BPJS Kesehatan Sedang Me | Administrasi pendaftaran online (KK tidak ditemukan, Anggota Kel Berbeda dengan KK, Salah Satu Anggota kel sudah terdaftar)
2026-04-01 08:30:34,350 [INFO]    Detail: https://www.lapor.go.id/laporan/detil/prosedur-dan-pengawasan-penanaman-modal-asing-di-simeulue
2026-04-01 08:30:41,793 [INFO]       v ID=1370970 | Prosedur dan Pengawasan Penanaman Modal Asing | Perekonomian
2026-04-01 08:30:44,343 [INFO]    Detail: https://www.lapor.go.id/laporan/detil/rs-kanker-dharmais-perlu-penambahan-fasilitas-1374091
2026-04-01 08:30:51,950 [INFO]       v ID=1374091 | RS Kanker Dharmais Perlu Penambahan Fasilitas | Kesehatan
2026-04-01 08:30:54,352 [INFO]    Detail: https://www.lapor.go.id/laporan/detil/penerbitan-izin-jamu-dikembalikan-ke-dinas-kesehatan-1375654
2026-04-01 08:31:02,257 [INFO]       v ID=1375654 | Penerbitan Izin Jamu Dikembalikan Ke Dinas Ke | Koperasi, UKM, dan Ekonomi Kreatif
2026-04-01 08:31:04,857 [INFO]    Detail: https://www.lapor.go.id/laporan/detil/syarat-memperoleh-surat-kematian
2026-04-01 08:31:10,999 [INFO]       v ID=1377605 | Syarat Memperoleh Surat Kematian | Administrasi Kependudukan
2026-04-01 08:31:13,255 [INFO]    Detail: https://www.lapor.go.id/laporan/detil/peralihan-kepesertaan-anak-ppu-usia-di-atas-21-tahun
2026-04-01 08:31:21,010 [INFO]       v ID=1378907 | Peralihan Kepesertaan Anak PPU Usia di Atas 2 | None
2026-04-01 08:31:24,200 [INFO]    Total terkumpul sejauh ini: 90 laporan

2026-04-01 08:31:27,243 [INFO] ── Halaman 10: https://www.lapor.go.id/kisah-sukses?page=10
2026-04-01 08:31:36,881 [INFO]    -> 10 laporan ditemukan
2026-04-01 08:31:36,881 [INFO]    Detail: https://www.lapor.go.id/laporan/detil/traffic-light-perempatan-ds-ngumpakdalem-kec-dander-tidak-berfungsi-1382650
2026-04-01 08:31:45,989 [INFO]       v ID=1382650 | Traffic Light Perempatan Ds. Ngumpakdalem, Ke | Perhubungan
2026-04-01 08:31:49,513 [INFO]    Detail: https://www.lapor.go.id/laporan/detil/permintaan-informasi-terkait-data-pdrb-kecamatan-pada-kota-jambi-tahun-2010-2014
2026-04-01 08:31:57,517 [INFO]       v ID=1383744 | Permintaan Informasi terkait data PDRB Kecama | Pelayanan Masyarakat
2026-04-01 08:32:00,889 [INFO]    Detail: https://www.lapor.go.id/laporan/detil/jalan-poros-desa-sendangrejo-kec-dander-rusak
2026-04-01 08:32:07,533 [INFO]       v ID=1384327 | JALAN POROS DESA SENDANGREJO KEC. DANDER, RUS | Infrastruktur
2026-04-01 08:32:11,082 [INFO]    Detail: https://www.lapor.go.id/laporan/detil/air-pam-mati-tolal-di-pejaten-barat-1385215
2026-04-01 08:32:19,891 [INFO]       v ID=1385215 | Air Pam Mati Tolal di Pejaten Barat | Lingkungan Hidup
2026-04-01 08:32:22,357 [INFO]    Detail: https://www.lapor.go.id/laporan/detil/masih-adanya-parkir-liar-kendaraan-di-jl-petak-9-1385602
2026-04-01 08:32:31,805 [INFO]       v ID=1385602 | Masih Adanya Parkir Liar Kendaraan di Jl. Pet | Perhubungan
2026-04-01 08:32:34,012 [INFO]    Detail: https://www.lapor.go.id/laporan/detil/kepesertaan-tidak-aktif-1385905
2026-04-01 08:32:42,452 [INFO]       v ID=1385905 | Kepesertaan Tidak Aktif | BPJS Kesehatan
2026-04-01 08:32:44,546 [INFO]    Detail: https://www.lapor.go.id/laporan/detil/pengiriman-barang-melalui-ems-belum-juga-tiba-1386116
2026-04-01 08:32:53,877 [INFO]       v ID=1386116 | Pengiriman Barang Melalui EMS Belum Juga Tiba | Layanan Pos
2026-04-01 08:32:55,949 [INFO]    Detail: https://www.lapor.go.id/laporan/detil/peternakan-ayam-potong-di-tengah-permukiman-masyarakat-1387845
2026-04-01 08:33:02,963 [INFO]       v ID=1387845 | Peternakan ayam potong di tengah permukiman m | Reformasi Birokrasi dan Tata Kelola
2026-04-01 08:33:06,157 [INFO]    Detail: https://www.lapor.go.id/laporan/detil/proese-pendaftaran-melalui-website-bpjs-kesehatan-1387879
2026-04-01 08:33:12,048 [INFO]       v ID=1387879 | Proese Pendaftaran Melalui Website BPJS Keseh | BPJS Kesehatan
2026-04-01 08:33:15,052 [INFO]    Detail: https://www.lapor.go.id/laporan/detil/kepengurusan-surat-keterangan-impor-bahan-kimia
2026-04-01 08:33:22,221 [INFO]       v ID=1389234 | Kepengurusan Surat Keterangan Impor Bahan Kim | Bea dan Cukai
2026-04-01 08:33:25,569 [INFO]    Total terkumpul sejauh ini: 100 laporan

2026-04-01 08:33:27,827 [INFO] ── Halaman 11: https://www.lapor.go.id/kisah-sukses?page=11
2026-04-01 08:33:35,076 [INFO]    -> 10 laporan ditemukan
2026-04-01 08:33:35,076 [INFO]    Detail: https://www.lapor.go.id/laporan/detil/pengawasan-pengurusan-prona-oleh-dprd-kabupaten-bekasi
2026-04-01 08:33:45,009 [INFO]       v ID=1390741 | Pengawasan Pengurusan Prona Oleh DPRD Kabupat | Peraturan Perundang-undangan
2026-04-01 08:33:48,462 [INFO]    Detail: https://www.lapor.go.id/laporan/detil/barang-belum-sampai-dari-3-minggu-yang-lalu
2026-04-01 08:33:58,023 [INFO]       v ID=1392430 | Barang Belum Sampai Dari 3 Minggu Yang Lalu | Layanan Pos
2026-04-01 08:34:01,564 [INFO]    Detail: https://www.lapor.go.id/laporan/detil/kami-butuh-perpustakaan
2026-04-01 08:34:10,609 [INFO]       v ID=1393120 | Kami Butuh Perpustakaan | Pendidikan
2026-04-01 08:34:14,459 [INFO]    Detail: https://www.lapor.go.id/laporan/detil/kritik-terhadap-bpn-terkait-pelayanan-dan-banyaknya-calo
2026-04-01 08:34:22,266 [INFO]       v ID=1393564 | Kritik Terhadap BPN Terkait Pelayanan dan Ban | SMS
2026-04-01 08:34:26,062 [INFO]    Detail: https://www.lapor.go.id/laporan/detil/sudah-membayar-tunggakan-tapi-masih-ditagihkan
2026-04-01 08:34:32,400 [INFO]       v ID=1393571 | Sudah membayar tunggakan tapi masih ditagihka | None
2026-04-01 08:34:35,489 [INFO]    Detail: https://www.lapor.go.id/laporan/detil/paket-kiriman-tertahan-di-bea-cukai-bandung
2026-04-01 08:34:46,101 [INFO]       v ID=1393807 | Paket Kiriman Tertahan di Bea Cukai Bandung | Bea dan Cukai
2026-04-01 08:34:49,800 [INFO]    Detail: https://www.lapor.go.id/laporan/detil/pembuatan-ktp-di-kec-kapas-lama
2026-04-01 08:34:59,324 [INFO]       v ID=1394825 | PEMBUATAN KTP DI KEC. KAPAS, LAMA | Administrasi Kependudukan
2026-04-01 08:35:02,255 [INFO]    Detail: https://www.lapor.go.id/laporan/detil/pusat-rosokan-berdampak-pada-lingkungan-sekitar-1395696
2026-04-01 08:35:10,988 [INFO]       v ID=1395696 | Pusat Rosokan Berdampak Pada Lingkungan Sekit | Lingkungan Hidup
2026-04-01 08:35:14,353 [INFO]    Detail: https://www.lapor.go.id/laporan/detil/dana-hibah-tpa-tpq
2026-04-01 08:35:22,286 [INFO]       v ID=1399158 | DANA HIBAH TPA/ TPQ | Bidang Kesejahteraan Rakyat
2026-04-01 08:35:24,955 [INFO]    Detail: https://www.lapor.go.id/laporan/detil/apakah-akta-kelahiran-dapat-digantikan-dengan-buku-nikah-ijazah-dalam-pembuatan-paspor-1402760
2026-04-01 08:35:32,828 [INFO]       v ID=1402760 | Apakah Akta Kelahiran Dapat Digantikan Dengan | Imigrasi
2026-04-01 08:35:36,251 [INFO]    Total terkumpul sejauh ini: 110 laporan

2026-04-01 08:35:38,903 [INFO] ── Halaman 12: https://www.lapor.go.id/kisah-sukses?page=12
2026-04-01 08:35:50,056 [INFO]    -> 10 laporan ditemukan
2026-04-01 08:35:50,056 [INFO]    Detail: https://www.lapor.go.id/laporan/detil/paket-kiriman-pos-belum-diterima-padahal-status-terakhir-adalah-final-delivery
2026-04-01 08:35:58,171 [INFO]       v ID=1403573 | Paket Kiriman Pos Belum Diterima Padahal Stat | Layanan Pos
2026-04-01 08:36:00,761 [INFO]    Detail: https://www.lapor.go.id/laporan/detil/bau-kotoran-sapi-yang-menggangu
2026-04-01 08:36:08,955 [INFO]       v ID=1403807 | Bau Kotoran Sapi Yang Menggangu | Lingkungan Hidup dan Penanggulangan Bencana
2026-04-01 08:36:12,691 [INFO]    Detail: https://www.lapor.go.id/laporan/detil/pencemaran-lingkungan-menganggu-ketenangan-warga-1405064
2026-04-01 08:36:21,114 [INFO]       v ID=1405064 | Pencemaran Lingkungan Menganggu Ketenangan Wa | Lingkungan Hidup
2026-04-01 08:36:23,618 [INFO]    Detail: https://www.lapor.go.id/laporan/detil/pelayanan-di-kantor-pos-masih-mengecewakan
2026-04-01 08:36:30,007 [INFO]       v ID=1405431 | Pelayanan di Kantor Pos Masih Mengecewakan | Layanan Pos
2026-04-01 08:36:33,461 [INFO]    Detail: https://www.lapor.go.id/laporan/detil/perawatan-air-waduk-pacal-dan-alun-alun-1405613
2026-04-01 08:36:41,220 [INFO]       v ID=1405613 | Perawatan Air Waduk Pacal dan Alun-alun | Pariwisata
2026-04-01 08:36:43,739 [INFO]    Detail: https://www.lapor.go.id/laporan/detil/apa-ada-bantuan-modal-untuk-peternak-kecil
2026-04-01 08:36:53,434 [INFO]       v ID=1407421 | Apa Ada Bantuan Modal Untuk Peternak Kecil ? | Koperasi, UKM, dan Ekonomi Kreatif
2026-04-01 08:36:55,592 [INFO]    Detail: https://www.lapor.go.id/laporan/detil/kartu-keluarga-tak-kunjung-jadi-di-kecamatan-babat-jawa-timur-1407690
2026-04-01 08:37:03,588 [INFO]       v ID=1407690 | Kartu Keluarga Tak Kunjung Jadi di Kecamatan  | Pelayanan Masyarakat
2026-04-01 08:37:07,092 [INFO]    Detail: https://www.lapor.go.id/laporan/detil/permintaan-tong-di-pu-1408040
2026-04-01 08:37:16,434 [INFO]       v ID=1408040 | PERMINTAAN TONG DI PU | Sarana dan Prasarana
2026-04-01 08:37:20,149 [INFO]    Detail: https://www.lapor.go.id/laporan/detil/informasi-prosedur-pengukuran-tanah-1409189
2026-04-01 08:37:27,833 [INFO]       v ID=1409189 | Informasi Prosedur Pengukuran Tanah | Pertanahan dan Permukiman
2026-04-01 08:37:31,784 [INFO]    Detail: https://www.lapor.go.id/laporan/detil/paket-kiriman-pos-tertahan-di-kantor-mpc-jakarta-7
2026-04-01 08:37:37,867 [INFO]       v ID=1410976 | Paket Kiriman Pos Tertahan di Kantor MPC Jaka | Pelayanan Masyarakat
2026-04-01 08:37:41,081 [INFO]    Total terkumpul sejauh ini: 120 laporan

2026-04-01 08:37:44,588 [INFO] ── Halaman 13: https://www.lapor.go.id/kisah-sukses?page=13
2026-04-01 08:37:52,338 [INFO]    -> 10 laporan ditemukan
2026-04-01 08:37:52,338 [INFO]    Detail: https://www.lapor.go.id/laporan/detil/perpanjangan-paspor-di-kbri-uae-1412109
2026-04-01 08:38:01,200 [INFO]       v ID=1412109 | Perpanjangan Paspor di KBRI UAE | Imigrasi
2026-04-01 08:38:03,361 [INFO]    Detail: https://www.lapor.go.id/laporan/detil/tinjau-ulang-semua-izin-usahanya-1412258
2026-04-01 08:38:11,910 [INFO]       v ID=1412258 | Tinjau ulang semua izin usahanya | Pertanahan dan Permukiman
2026-04-01 08:38:14,995 [INFO]    Detail: https://www.lapor.go.id/laporan/detil/paket-kiriman-pos-tidak-dapat-diteruskan-karena-masalah-registrasi-isi-paket
2026-04-01 08:38:22,601 [INFO]       v ID=1412451 | Paket Kiriman Pos Tidak Dapat Diteruskan Kare | Layanan Pos
2026-04-01 08:38:25,220 [INFO]    Detail: https://www.lapor.go.id/laporan/detil/nomer-pengaduan-tidak-berfungsi-1413230
2026-04-01 08:38:33,045 [INFO]       v ID=1413230 | Nomer pengaduan tidak berfungsi | Pelayanan Masyarakat
2026-04-01 08:38:35,226 [INFO]    Detail: https://www.lapor.go.id/laporan/detil/benahi-taman-dan-parkir-di-taman-tegallega
2026-04-01 08:38:43,302 [INFO]       v ID=1415451 | Benahi taman dan parkir di Taman Tegallega | Reformasi Birokrasi dan Tata Kelola
2026-04-01 08:38:46,517 [INFO]    Detail: https://www.lapor.go.id/laporan/detil/tidak-bisa-mencetak-e-id-33
2026-04-01 08:38:56,809 [INFO]       v ID=1415478 | Tidak Bisa Mencetak E-ID | Administrasi pendaftaran online (KK tidak ditemukan, Anggota Kel Berbeda dengan KK, Salah Satu Anggota kel sudah terdaftar)
2026-04-01 08:38:58,819 [INFO]    Detail: https://www.lapor.go.id/laporan/detil/mohon-perbaikan-trotoar-yang-ambles
2026-04-01 08:39:06,376 [INFO]       v ID=1416463 | Mohon Perbaikan Trotoar yang Ambles | Lingkungan Hidup
2026-04-01 08:39:08,709 [INFO]    Detail: https://www.lapor.go.id/laporan/detil/tagihan-iuran-tidak-sesuai-984
2026-04-01 08:39:16,582 [INFO]       v ID=1416935 | Tagihan Iuran Tidak Sesuai | Tagihan Iuran Tidak Sesuai
2026-04-01 08:39:19,008 [INFO]    Detail: https://www.lapor.go.id/laporan/detil/pembatasan-nomor-antrian-di-bpjs-kesehatan-1419470
2026-04-01 08:39:28,704 [INFO]       v ID=1419470 | Pembatasan Nomor Antrian di BPJS Kesehatan | Sulit Dapat Antrian
2026-04-01 08:39:32,028 [INFO]    Detail: https://www.lapor.go.id/laporan/detil/rumah-susun-tidak-tepat-sasaran-1420707
2026-04-01 08:39:39,223 [INFO]       v ID=1420707 | Rumah Susun tidak Tepat Sasaran | Lingkungan Hidup
2026-04-01 08:39:42,395 [INFO]    Total terkumpul sejauh ini: 130 laporan

2026-04-01 08:39:46,088 [INFO] ── Halaman 14: https://www.lapor.go.id/kisah-sukses?page=14
2026-04-01 08:39:53,276 [INFO]    -> 10 laporan ditemukan
2026-04-01 08:39:53,276 [INFO]    Detail: https://www.lapor.go.id/laporan/detil/tidak-punya-rekening-saat-mendaftar-online
2026-04-01 08:39:59,803 [INFO]       v ID=1422883 | Tidak Punya Rekening Saat Mendaftar Online | None
2026-04-01 08:40:03,062 [INFO]    Detail: https://www.lapor.go.id/laporan/detil/puas-dengan-pelayanan-kanim-jakut
2026-04-01 08:40:11,568 [INFO]       v ID=1423274 | Puas dengan Pelayanan Kanim Jakut | Imigrasi
2026-04-01 08:40:15,395 [INFO]    Detail: https://www.lapor.go.id/laporan/detil/kesulitan-konfirmasi-kode-bank-dalam-registrasi-paspor-online-1423887
2026-04-01 08:40:22,136 [INFO]       v ID=1423887 | Kesulitan Konfirmasi Kode Bank dalam Registra | Imigrasi
2026-04-01 08:40:24,929 [INFO]    Detail: https://www.lapor.go.id/laporan/detil/jalan-berlubang-dan-tidak-ada-penerangan-1424689
2026-04-01 08:40:32,417 [INFO]       v ID=1424689 | Jalan Berlubang dan  Tidak Ada Penerangan | Infrastruktur
2026-04-01 08:40:35,553 [INFO]    Detail: https://www.lapor.go.id/laporan/detil/jemaah-umroh-1425627
2026-04-01 08:40:42,201 [INFO]       v ID=1425627 | Jemaah Umroh | Haji dan Umrah
2026-04-01 08:40:44,672 [INFO]    Detail: https://www.lapor.go.id/laporan/detil/pipa-pdam-bocor-mohon-segera-di-tangani
2026-04-01 08:40:51,753 [INFO]       v ID=1426035 | Pipa PDAM Bocor, Mohon Segera Di Tangani | Layanan Air Minum
2026-04-01 08:40:55,625 [INFO]    Detail: https://www.lapor.go.id/laporan/detil/status-pengiriman-pos-belum-diantar
2026-04-01 08:41:02,519 [INFO]       v ID=1427107 | Status Pengiriman Pos Belum Diantar | Layanan Pos
2026-04-01 08:41:04,533 [INFO]    Detail: https://www.lapor.go.id/laporan/detil/pelayanan-kesehatan-menggunakan-bpjs-kesehatan
2026-04-01 08:41:12,412 [INFO]       v ID=1430322 | Pelayanan Kesehatan Menggunakan BPJS Kesehata | None
2026-04-01 08:41:14,740 [INFO]    Detail: https://www.lapor.go.id/laporan/detil/bagaimana-caranya-izin-usaha
2026-04-01 08:41:21,609 [INFO]       v ID=1430423 | BAGAIMANA CARANYA IZIN USAHA | Perdagangan, Perindustrian, Iklim Usaha, dan Investasi
2026-04-01 08:41:23,941 [INFO]    Detail: https://www.lapor.go.id/laporan/detil/pju-mati-1431075
2026-04-01 08:41:31,000 [INFO]       v ID=1431075 | PJU MATI | Listrik
2026-04-01 08:41:34,393 [INFO]    Total terkumpul sejauh ini: 140 laporan

2026-04-01 08:41:37,808 [INFO] ── Halaman 15: https://www.lapor.go.id/kisah-sukses?page=15
2026-04-01 08:41:48,185 [INFO]    -> 10 laporan ditemukan
2026-04-01 08:41:48,185 [INFO]    Detail: https://www.lapor.go.id/laporan/detil/double-tagihan-5
2026-04-01 08:41:57,126 [INFO]       v ID=1435494 | Double Tagihan | BPJS Kesehatan
2026-04-01 08:41:59,780 [INFO]    Detail: https://www.lapor.go.id/laporan/detil/kebijakan-eksklusif-pln
2026-04-01 08:42:06,111 [INFO]       v ID=1435689 | Kebijakan Eksklusif PLN | Pelayanan Masyarakat
2026-04-01 08:42:09,502 [INFO]    Detail: https://www.lapor.go.id/laporan/detil/sertifikat-tanah-belum-keluar-2
2026-04-01 08:42:16,325 [INFO]       v ID=1437395 | Sertifikat Tanah Belum Keluar | Pertanahan dan Permukiman
2026-04-01 08:42:19,413 [INFO]    Detail: https://www.lapor.go.id/laporan/detil/pemulihan-nama-di-bi
2026-04-01 08:42:26,287 [INFO]       v ID=1439258 | Pemulihan Nama di BI | Perbankan
2026-04-01 08:42:28,327 [INFO]    Detail: https://www.lapor.go.id/laporan/detil/air-palyja-tidak-pernah-lagi-berjalan-normal
2026-04-01 08:42:36,747 [INFO]       v ID=1441029 | Air PALYJA Tidak Pernah Lagi Berjalan Normal | Pelayanan Masyarakat
2026-04-01 08:42:39,728 [INFO]    Detail: https://www.lapor.go.id/laporan/detil/jalan-rusak-di-jl-taman-s-parman
2026-04-01 08:42:47,829 [INFO]       v ID=1441312 | Jalan Rusak di Jl. Taman S. Parman | Infrastruktur
2026-04-01 08:42:51,368 [INFO]    Detail: https://www.lapor.go.id/laporan/detil/berkas-sertifikat-tanah-hilang-di-bpn
2026-04-01 08:43:01,304 [INFO]       v ID=1441464 | Berkas Sertifikat Tanah Hilang di BPN | Pertanahan dan Permukiman
2026-04-01 08:43:03,878 [INFO]    Detail: https://www.lapor.go.id/laporan/detil/perpanjang-paspor-di-minta-lampirkan-sbkri
2026-04-01 08:43:11,231 [INFO]       v ID=1441819 | perpanjang paspor di minta lampirkan sbkri | Pelayanan Masyarakat
2026-04-01 08:43:13,398 [INFO]    Detail: https://www.lapor.go.id/laporan/detil/penolakan-klaim-langsung
2026-04-01 08:43:20,879 [INFO]       v ID=1442011 | PENOLAKAN KLAIM LANGSUNG | Tidak Bisa akses Eklaim
2026-04-01 08:43:22,973 [INFO]    Detail: https://www.lapor.go.id/laporan/detil/paspor-24-halaman-untuk-umroh
2026-04-01 08:43:31,443 [INFO]       v ID=1442547 | Paspor 24 halaman untuk umroh | Imigrasi
2026-04-01 08:43:34,360 [INFO]    Total terkumpul sejauh ini: 150 laporan

2026-04-01 08:43:37,949 [INFO] ── Halaman 16: https://www.lapor.go.id/kisah-sukses?page=16
2026-04-01 08:43:45,783 [INFO]    -> 10 laporan ditemukan
2026-04-01 08:43:45,783 [INFO]    Detail: https://www.lapor.go.id/laporan/detil/dana-operasional-pengurus-raskin
2026-04-01 08:43:57,026 [INFO]       v ID=1443578 | Dana Operasional Pengurus Raskin | Pengentasan Kemiskinan
2026-04-01 08:44:00,538 [INFO]    Detail: https://www.lapor.go.id/laporan/detil/link-aktivasi-sulit-dibuka
2026-04-01 08:44:09,311 [INFO]       v ID=1443595 | Link Aktivasi Sulit Dibuka | Gangguan Aplikasi Pendaftaran Online
2026-04-01 08:44:12,778 [INFO]    Detail: https://www.lapor.go.id/laporan/detil/menonaktifkan-kepesertaan-bpjs-mandiri-karena-mendapatkan-kis
2026-04-01 08:44:19,563 [INFO]       v ID=1443988 | Menonaktifkan Kepesertaan BPJS Mandiri karena | Permintaan Informasi Tentang Pendaftaran PBI
2026-04-01 08:44:23,170 [INFO]    Detail: https://www.lapor.go.id/laporan/detil/pengembangan-situs-budaya-mandiangin
2026-04-01 08:44:29,970 [INFO]       v ID=1444762 | Pengembangan Situs Budaya Mandiangin | Kebudayaan
2026-04-01 08:44:32,180 [INFO]    Detail: https://www.lapor.go.id/laporan/detil/pelayanan-e-ktp-di-kel-ciracas
2026-04-01 08:44:42,460 [INFO]       v ID=1450980 | Pelayanan E-KTP Di Kel. Ciracas | Administrasi Kependudukan
2026-04-01 08:44:45,490 [INFO]    Detail: https://www.lapor.go.id/laporan/detil/sertifikat-tanah-belum-selesai-melebihi-ketentuan-waktu-standar-pelayanan
2026-04-01 08:44:53,861 [INFO]       v ID=1452647 | Sertifikat Tanah Belum Selesai, Melebihi Kete | Pertanahan dan Permukiman
2026-04-01 08:44:57,526 [INFO]    Detail: https://www.lapor.go.id/laporan/detil/apakan-bojonegoro-memiliki-perangkat-hukum-pengelolaan-pengaduan
2026-04-01 08:45:04,927 [INFO]       v ID=1455757 | Apakan Bojonegoro Memiliki Perangkat Hukum Pe | Reformasi Birokrasi dan Tata Kelola
2026-04-01 08:45:08,917 [INFO]    Detail: https://www.lapor.go.id/laporan/detil/permintaan-informasi-cara-mengakses-daftar-nama-penerima-sertifikasi-guru
2026-04-01 08:45:15,976 [INFO]       v ID=1456158 | Permintaan Informasi Cara Mengakses Daftar Na | Topik Lainnya
2026-04-01 08:45:19,852 [INFO]    Detail: https://www.lapor.go.id/laporan/detil/kelangkaan-gas-lpg-14
2026-04-01 08:45:27,039 [INFO]       v ID=1457675 | Kelangkaan Gas LPG | Energi dan Sumber Daya Alam
2026-04-01 08:45:31,029 [INFO]    Detail: https://www.lapor.go.id/laporan/detil/aspirasi-mengenai-pembangunan-nasional
2026-04-01 08:45:37,440 [INFO]       v ID=1458285 | Aspirasi Mengenai Pembangunan Nasional | Infrastruktur
2026-04-01 08:45:39,946 [INFO]    Total terkumpul sejauh ini: 160 laporan

2026-04-01 08:45:42,382 [INFO] ── Halaman 17: https://www.lapor.go.id/kisah-sukses?page=17
2026-04-01 08:45:51,121 [INFO]    -> 10 laporan ditemukan
2026-04-01 08:45:51,121 [INFO]    Detail: https://www.lapor.go.id/laporan/detil/jalan-ambles-membahayakan-pengguna
2026-04-01 08:45:58,621 [INFO]       v ID=1458516 | Jalan Ambles Membahayakan Pengguna | Infrastruktur
2026-04-01 08:46:01,150 [INFO]    Detail: https://www.lapor.go.id/laporan/detil/seleksi-tugas-belajar-kementerian-kesehatan-2
2026-04-01 08:46:08,943 [INFO]       v ID=1459484 | Seleksi Tugas Belajar Kementerian Kesehatan | Pendidikan
2026-04-01 08:46:11,095 [INFO]    Detail: https://www.lapor.go.id/laporan/detil/usulan-pemindahan-ibu-kota-negara
2026-04-01 08:46:18,892 [INFO]       v ID=1459708 | Usulan Pemindahan Ibu Kota Negara | Situasi Khusus
2026-04-01 08:46:21,948 [INFO]    Detail: https://www.lapor.go.id/laporan/detil/status-permintaan-klaim-jht
2026-04-01 08:46:29,821 [INFO]       v ID=1461065 | STATUS PERMINTAAN KLAIM JHT | Keluhan Program Jaminan Hari Tua
2026-04-01 08:46:32,485 [INFO]    Detail: https://www.lapor.go.id/laporan/detil/drainase-tidak-berfungsi-2
2026-04-01 08:46:40,152 [INFO]       v ID=1461441 | Drainase Tidak Berfungsi | Infrastruktur
2026-04-01 08:46:43,313 [INFO]    Detail: https://www.lapor.go.id/laporan/detil/syarat-perijinan-mendirikan-toko
2026-04-01 08:46:51,403 [INFO]       v ID=1461576 | Syarat Perijinan Mendirikan Toko | Pajak
2026-04-01 08:46:54,434 [INFO]    Detail: https://www.lapor.go.id/laporan/detil/mohon-memerdekakan-tempat-tinggal-saya
2026-04-01 08:47:03,298 [INFO]       v ID=1461583 | Mohon Memerdekakan Tempat Tinggal Saya | Pertanahan dan Permukiman
2026-04-01 08:47:05,973 [INFO]    Detail: https://www.lapor.go.id/laporan/detil/identitas-salah-17
2026-04-01 08:47:13,914 [INFO]       v ID=1466274 | Identitas salah | Data peserta tidak sesuai (Nama/TTL/NIK/Alamat/Faskes Tk.I)
2026-04-01 08:47:16,960 [INFO]    Detail: https://www.lapor.go.id/laporan/detil/permintaan-informasi-perihal-pelayanan-administrasi-penambahan-anggota-keluarga
2026-04-01 08:47:26,662 [INFO]       v ID=1468227 | Permintaan Informasi perihal Pelayanan Admini | Permintaan Informasi Tentang Perubahan Susunan Penambahan Anggota Keluarga
2026-04-01 08:47:30,373 [INFO]    Detail: https://www.lapor.go.id/laporan/detil/ketersediaan-vaksin-imunisasi
2026-04-01 08:47:37,607 [INFO]       v ID=1470919 | Ketersediaan Vaksin Imunisasi | Kesehatan
2026-04-01 08:47:40,720 [INFO]    Total terkumpul sejauh ini: 170 laporan

2026-04-01 08:47:43,204 [INFO] ── Halaman 18: https://www.lapor.go.id/kisah-sukses?page=18
2026-04-01 08:47:52,754 [INFO]    -> 10 laporan ditemukan
2026-04-01 08:47:52,754 [INFO]    Detail: https://www.lapor.go.id/laporan/detil/pengaduan-traffic-light-2
2026-04-01 08:48:00,254 [INFO]       v ID=1479744 | Pengaduan traffic light | Infrastruktur
2026-04-01 08:48:02,952 [INFO]    Detail: https://www.lapor.go.id/laporan/detil/kenaikan-biaya-hidup-dasar-dokter-di-daerah-timur-1480810
2026-04-01 08:48:10,566 [INFO]       v ID=1480810 | Kenaikan Biaya Hidup Dasar Dokter di Daerah T | Kesehatan
2026-04-01 08:48:12,718 [INFO]    Detail: https://www.lapor.go.id/laporan/detil/pengaduan-gangguan-lingkungan-1480979
2026-04-01 08:48:20,837 [INFO]       v ID=1480979 | Pengaduan Gangguan Lingkungan | Lingkungan Hidup
2026-04-01 08:48:22,996 [INFO]    Detail: https://www.lapor.go.id/laporan/detil/notifikasi-eklaim-29
2026-04-01 08:48:29,783 [INFO]       v ID=1483303 | NOTIFIKASI EKLAIM | BPJS Ketenagakerjaan
2026-04-01 08:48:33,242 [INFO]    Detail: https://www.lapor.go.id/laporan/detil/pengaduan-database-warga-miskin
2026-04-01 08:48:42,329 [INFO]       v ID=1485426 | Pengaduan Database Warga Miskin | Pengentasan Kemiskinan
2026-04-01 08:48:44,707 [INFO]    Detail: https://www.lapor.go.id/laporan/detil/nomor-telepon-kanim-ulp-pondok-pinang-tidak-bisa-dihubungi
2026-04-01 08:48:53,818 [INFO]       v ID=1487907 | Nomor Telepon Kanim ULP Pondok Pinang Tidak B | Imigrasi
2026-04-01 08:48:57,316 [INFO]    Detail: https://www.lapor.go.id/laporan/detil/apakah-bisa-anak-pns-dapat-beasiswa
2026-04-01 08:49:05,153 [INFO]       v ID=1491956 | Apakah bisa anak PNS dapat beasiswa ? | Pendidikan
2026-04-01 08:49:08,546 [INFO]    Detail: https://www.lapor.go.id/laporan/detil/pengaduan-lampu-jalan-di-kyai-saleh
2026-04-01 08:49:16,162 [INFO]       v ID=1498152 | Pengaduan Lampu Jalan di Kyai Saleh | Infrastruktur
2026-04-01 08:49:18,917 [INFO]    Detail: https://www.lapor.go.id/laporan/detil/mendaftar-paspor-online-dengan-status-permohonan-paspor-baru
2026-04-01 08:49:27,273 [INFO]       v ID=1525612 | Mendaftar paspor online dengan status permoho | Imigrasi
2026-04-01 08:49:30,166 [INFO]    Detail: https://www.lapor.go.id/laporan/detil/kesulitan-dalam-pembuatan-paspor-24-halaman-1526485
2026-04-01 08:49:35,839 [INFO]       v ID=1526485 | Kesulitan dalam Pembuatan Paspor 24 Halaman | Imigrasi
2026-04-01 08:49:38,810 [INFO]    Total terkumpul sejauh ini: 180 laporan

2026-04-01 08:49:42,786 [INFO] ── Halaman 19: https://www.lapor.go.id/kisah-sukses?page=19
2026-04-01 08:49:53,574 [INFO]    -> 10 laporan ditemukan
2026-04-01 08:49:53,574 [INFO]    Detail: https://www.lapor.go.id/laporan/detil/kapan-transparansi-tingkat-desa-mulai-di-lakukan
2026-04-01 08:50:01,475 [INFO]       v ID=1552981 | Kapan Transparansi Tingkat Desa Mulai di Laku | Reformasi Birokrasi dan Tata Kelola
2026-04-01 08:50:05,436 [INFO]    Detail: https://www.lapor.go.id/laporan/detil/permintaan-konfirmasi-keterhubungan-pemkab-cianjur-dengan-lapor
2026-04-01 08:50:14,225 [INFO]       v ID=1560167 | Permintaan Konfirmasi Keterhubungan Pemkab Ci | Kritik/Saran untuk LAPOR!
2026-04-01 08:50:16,705 [INFO]    Detail: https://www.lapor.go.id/laporan/detil/kualitas-pelayanan-kesehatan-di-kabupaten-jepara
2026-04-01 08:50:23,632 [INFO]       v ID=1563518 | Kualitas Pelayanan Kesehatan di Kabupaten Jep | Pelayanan Kesehatan
2026-04-01 08:50:26,747 [INFO]    Detail: https://www.lapor.go.id/laporan/detil/permintaan-informasi-biaya-pemecahan-sertifikat-tanah
2026-04-01 08:50:34,274 [INFO]       v ID=1563973 | Permintaan Informasi Biaya Pemecahan Sertifik | None
2026-04-01 08:50:38,132 [INFO]    Detail: https://www.lapor.go.id/laporan/detil/akte-kelahiran-sudah-jadi-paspor-online-tetap-lanjut
2026-04-01 08:50:45,318 [INFO]       v ID=1564416 | Akte Kelahiran Sudah Jadi, Paspor Online Teta | Imigrasi
2026-04-01 08:50:48,984 [INFO]    Detail: https://www.lapor.go.id/laporan/detil/pengurusan-izin-penyalur-alat-kesehatan-perlu-diperbaiki
2026-04-01 08:50:55,243 [INFO]       v ID=1567466 | Pengurusan Izin Penyalur Alat Kesehatan Perlu | Pelayanan Masyarakat
2026-04-01 08:50:57,546 [INFO]    Detail: https://www.lapor.go.id/laporan/detil/stok-e-ktp-habis-2
2026-04-01 08:51:04,762 [INFO]       v ID=1567626 | Stok e-KTP Habis | Administrasi Kependudukan
2026-04-01 08:51:06,965 [INFO]    Detail: https://www.lapor.go.id/laporan/detil/indikasi-manipulasi-data-kks-kip-dan-kis-oleh-lsm-pospera
2026-04-01 08:51:13,472 [INFO]       v ID=1579903 | Indikasi Manipulasi Data KKS,KIP dan KIS oleh | None
2026-04-01 08:51:16,993 [INFO]    Detail: https://www.lapor.go.id/laporan/detil/konfirmasi-perihal-paper-banking
2026-04-01 08:51:23,908 [INFO]       v ID=1584560 | Konfirmasi Perihal Paper Banking | Perbankan
2026-04-01 08:51:26,362 [INFO]    Detail: https://www.lapor.go.id/laporan/detil/pembuatan-sertifikat-tanah-di-bpn-cianjur-tidak-kunjung-jadi
2026-04-01 08:51:34,284 [INFO]       v ID=1587438 | Pembuatan Sertifikat Tanah di BPN Cianjur Tid | Pertanahan dan Permukiman
2026-04-01 08:51:38,252 [INFO]    Total terkumpul sejauh ini: 190 laporan

2026-04-01 08:51:42,134 [INFO] ── Halaman 20: https://www.lapor.go.id/kisah-sukses?page=20
2026-04-01 08:51:52,398 [INFO]    -> 10 laporan ditemukan
2026-04-01 08:51:52,398 [INFO]    Detail: https://www.lapor.go.id/laporan/detil/mohon-tanggul-segera-diperbaiki
2026-04-01 08:51:59,854 [INFO]       v ID=1588626 | mohon tanggul segera diperbaiki | Infrastruktur
2026-04-01 08:52:03,674 [INFO]    Detail: https://www.lapor.go.id/laporan/detil/gagal-konfirmasi-pembayaran-paspor-online-2
2026-04-01 08:52:10,187 [INFO]       v ID=1592545 | Gagal Konfirmasi Pembayaran Paspor Online | Imigrasi
2026-04-01 08:52:12,787 [INFO]    Detail: https://www.lapor.go.id/laporan/detil/pengurusan-roya-sertifikat-belum-selesai-sejak-mei-2016-di-kota-bandung
2026-04-01 08:52:20,627 [INFO]       v ID=1594163 | Pengurusan Roya Sertifikat Belum Selesai Seja | Pelayanan Masyarakat
2026-04-01 08:52:24,437 [INFO]    Detail: https://www.lapor.go.id/laporan/detil/gagal-memasukkan-ntpn-dalam-verifikasi-pembayaran-paspor-online
2026-04-01 08:52:30,769 [INFO]       v ID=1596191 | Gagal Memasukkan NTPN dalam Verifikasi Pembay | Imigrasi
2026-04-01 08:52:32,850 [INFO]    Detail: https://www.lapor.go.id/laporan/detil/informasi-pengurusan-akta-jual-beli-tanah
2026-04-01 08:52:40,520 [INFO]       v ID=1597077 | Informasi Pengurusan Akta Jual Beli Tanah | Pertanahan dan Permukiman
2026-04-01 08:52:44,002 [INFO]    Detail: https://www.lapor.go.id/laporan/detil/ada-lubang-di-jalan-lintas-pematangreba-sekitar-hotel-rafana
2026-04-01 08:52:52,986 [INFO]       v ID=1603019 | Ada Lubang di Jalan Lintas Pematangreba sekit | Lain-lain
2026-04-01 08:52:56,873 [INFO]    Detail: https://www.lapor.go.id/laporan/detil/air-pdam-di-kawasan-perumda-keruh
2026-04-01 08:53:04,057 [INFO]       v ID=1604896 | Air PDAM di Kawasan perumda Keruh | Layanan Air Minum
2026-04-01 08:53:07,901 [INFO]    Detail: https://www.lapor.go.id/laporan/detil/mohon-diperiksa-ijin-usaha-di-daerah-hunian
2026-04-01 08:53:16,655 [INFO]       v ID=1620775 | Mohon Diperiksa Ijin Usaha di Daerah Hunian | Perdagangan, Perindustrian, Iklim Usaha, dan Investasi
2026-04-01 08:53:20,056 [INFO]    Detail: https://www.lapor.go.id/laporan/detil/rumit-dan-lamanya-proses-pembuatan-imb-ijin-mendirikan-bangunan
2026-04-01 08:53:27,270 [INFO]       v ID=1642551 | Rumit dan Lamanya Proses Pembuatan IMB(Ijin M | Pertanahan dan Permukiman
2026-04-01 08:53:30,087 [INFO]    Detail: https://www.lapor.go.id/laporan/detil/lampu-penerangan-jalan-tidak-hidup-dan-jalan-rusak-di-jalan-siak-kecamatan-mandau-kabupaten-bengkalis-duri
2026-04-01 08:53:35,623 [INFO]       v ID=1646319 | Lampu penerangan jalan tidak hidup dan jalan  | Usulan Perbaikan
2026-04-01 08:53:39,031 [INFO]    Total terkumpul sejauh ini: 200 laporan

2026-04-01 08:53:41,036 [INFO] ── Halaman 21: https://www.lapor.go.id/kisah-sukses?page=21
2026-04-01 08:53:50,089 [INFO]    -> 10 laporan ditemukan
2026-04-01 08:53:50,089 [INFO]    Detail: https://www.lapor.go.id/laporan/detil/perlu-dilakukan-penertiban-pkl-parkir-liar-dan-sampah-liar-terutama-di-jl-seroja
2026-04-01 08:53:58,468 [INFO]       v ID=1685911 | Perlu dilakukan penertiban PKL, parkir liar d | Perhubungan
2026-04-01 08:54:02,142 [INFO]    Detail: https://www.lapor.go.id/laporan/detil/penertiban-tower-telekomunikasi-belum-berijin-di-atas-toko-roti-hotel-semesta-jl-kh-wahid-hasim-kranggan-semarang
2026-04-01 08:54:09,027 [INFO]       v ID=1688803 | Penertiban tower telekomunikasi belum berijin | Topik Lainnya
2026-04-01 08:54:11,836 [INFO]    Detail: https://www.lapor.go.id/laporan/detil/tolong-pkl-di-depan-bank-ocbc-nisp-jl-brigjen-katamso-ditertibkan
2026-04-01 08:54:20,282 [INFO]       v ID=1692829 | Tolong PKL di depan Bank OCBC NISP Jl Brigjen | Topik Lainnya
2026-04-01 08:54:22,637 [INFO]    Detail: https://www.lapor.go.id/laporan/detil/masalah-perpanjangan-paspor
2026-04-01 08:54:33,187 [INFO]       v ID=1693456 | Masalah Perpanjangan Paspor | Imigrasi
2026-04-01 08:54:35,208 [INFO]    Detail: https://www.lapor.go.id/laporan/detil/beasiswa-pemkab-apa-sudah-ada-pengumumannya-1708993
2026-04-01 08:54:45,929 [INFO]       v ID=1708993 | Beasiswa Pemkab Apa Sudah Ada Pengumumannya? | Pendidikan Tinggi (Dikti)
2026-04-01 08:54:48,883 [INFO]    Detail: https://www.lapor.go.id/laporan/detil/kendala-dalam-konfirmasi-pembayaran-1709868
2026-04-01 08:54:57,151 [INFO]       v ID=1709868 | Kendala dalam Konfirmasi Pembayaran | Imigrasi
2026-04-01 08:54:59,316 [INFO]    Detail: https://www.lapor.go.id/laporan/detil/kendala-pembuatan-paspor-online-1710287
2026-04-01 08:55:06,054 [INFO]       v ID=1710287 | Kendala Pembuatan Paspor Online | Imigrasi
2026-04-01 08:55:09,741 [INFO]    Detail: https://www.lapor.go.id/laporan/detil/error-permohonan-paspor-online-1711033
2026-04-01 08:55:16,630 [INFO]       v ID=1711033 | Error Permohonan Paspor Online | Imigrasi
2026-04-01 08:55:19,674 [INFO]    Detail: https://www.lapor.go.id/laporan/detil/tidak-bisa-melanjutkan-proses-permohonan-1712645
2026-04-01 08:55:26,641 [INFO]       v ID=1712645 | Tidak Bisa Melanjutkan Proses Permohonan | Imigrasi
2026-04-01 08:55:29,032 [INFO]    Detail: https://www.lapor.go.id/laporan/detil/website-paspor-online-beberapa-pekan-ini-tidak-bisa-diakses-1722300
2026-04-01 08:55:37,223 [INFO]       v ID=1722300 | Website paspor online, beberapa pekan ini tid | Imigrasi
2026-04-01 08:55:40,538 [INFO]    Total terkumpul sejauh ini: 210 laporan

2026-04-01 08:55:44,186 [INFO] ── Halaman 22: https://www.lapor.go.id/kisah-sukses?page=22
2026-04-01 08:55:57,278 [INFO]    -> 10 laporan ditemukan
2026-04-01 08:55:57,278 [INFO]    Detail: https://www.lapor.go.id/laporan/detil/mohon-bantuan-pembangunan-jalan-1726536
2026-04-01 08:56:08,250 [INFO]       v ID=1726536 | Mohon bantuan pembangunan jalan | Perhubungan
2026-04-01 08:56:11,145 [INFO]    Detail: https://www.lapor.go.id/laporan/detil/penerima-pkh-tidak-sesuai-sasaran-1726851
2026-04-01 08:56:20,083 [INFO]       v ID=1726851 | Penerima PKH tidak sesuai sasaran | SMS
2026-04-01 08:56:22,567 [INFO]    Detail: https://www.lapor.go.id/laporan/detil/kerusakan-jalan-36
2026-04-01 08:56:29,891 [INFO]       v ID=1739780 | Kerusakan jalan | Infrastruktur
2026-04-01 08:56:32,161 [INFO]    Detail: https://www.lapor.go.id/laporan/detil/pohon-kering-dan-patah
2026-04-01 08:56:40,355 [INFO]       v ID=1739789 | Pohon Kering dan Patah | Lingkungan Hidup dan Penanggulangan Bencana
2026-04-01 08:56:44,261 [INFO]    Detail: https://www.lapor.go.id/laporan/detil/permintaan-informasi-alamat-kantor-dinas-kominfo-kota-ternate
2026-04-01 08:56:55,023 [INFO]       v ID=1744599 | Permintaan informasi alamat kantor Dinas Komi | Lain-lain
2026-04-01 08:56:58,933 [INFO]    Detail: https://www.lapor.go.id/laporan/detil/apresiasi-terhadap-pelayanan-kantor-rupbasan-jogyakarta
2026-04-01 08:57:06,642 [INFO]       v ID=1746378 | Apresiasi Terhadap Pelayanan Kantor Rupbasan  | Pelayanan Masyarakat
2026-04-01 08:57:08,912 [INFO]    Detail: https://www.lapor.go.id/laporan/detil/status-klaim-845
2026-04-01 08:57:17,991 [INFO]       v ID=1748393 | status klaim | Status Klaim
2026-04-01 08:57:20,924 [INFO]    Detail: https://www.lapor.go.id/laporan/detil/perbaikan-lampu-penerangan-jalan-2
2026-04-01 08:57:26,584 [INFO]       v ID=1749545 | Perbaikan Lampu Penerangan Jalan | Perhubungan
2026-04-01 08:57:29,349 [INFO]    Detail: https://www.lapor.go.id/laporan/detil/pendataan-subsidi-listrik-4
2026-04-01 08:57:34,458 [INFO]       v ID=1756733 | Pendataan Subsidi Listrik | Subsidi Listrik
2026-04-01 08:57:37,150 [INFO]    Detail: https://www.lapor.go.id/laporan/detil/jalan-rusak-terindikasi-berbahaya
2026-04-01 08:57:44,177 [INFO]       v ID=1776557 | Jalan Rusak terindikasi berbahaya | Transportasi Darat
2026-04-01 08:57:47,423 [INFO]    Total terkumpul sejauh ini: 220 laporan

2026-04-01 08:57:49,649 [INFO] ── Halaman 23: https://www.lapor.go.id/kisah-sukses?page=23
2026-04-01 08:57:58,019 [INFO]    -> 10 laporan ditemukan
2026-04-01 08:57:58,021 [INFO]    Detail: https://www.lapor.go.id/laporan/detil/aduan-tunjangan-sertifikasi-guru-tidak-kunjung-diterima-3
2026-04-01 08:58:05,305 [INFO]       v ID=1784894 | Aduan Tunjangan Sertifikasi Guru Tidak Kunjun | Pendidikan Dasar dan Menengah (Dikdasmen)
2026-04-01 08:58:07,538 [INFO]    Detail: https://www.lapor.go.id/laporan/detil/mengajukan-subsidi-listrik-dengan-kartu-bpjs-dan-kis
2026-04-01 08:58:15,201 [INFO]       v ID=1788467 | Mengajukan Subsidi Listrik Dengan Kartu BPJS  | Subsidi Listrik
2026-04-01 08:58:18,027 [INFO]    Detail: https://www.lapor.go.id/laporan/detil/pembuatan-e-ktp-yang-hilang
2026-04-01 08:58:25,322 [INFO]       v ID=1803669 | Pembuatan E KTP yang hilang | Administrasi Kependudukan
2026-04-01 08:58:27,562 [INFO]    Detail: https://www.lapor.go.id/laporan/detil/permintaan-informasi-mengenai-3t
2026-04-01 08:58:35,470 [INFO]       v ID=1822768 | Permintaan Informasi Mengenai 3T | Daerah 3T
2026-04-01 08:58:38,784 [INFO]    Detail: https://www.lapor.go.id/laporan/detil/saleri-pjs-sma-3
2026-04-01 08:58:47,703 [INFO]       v ID=1830932 | Saleri PJS Sma 3 | Usulan Perbaikan
2026-04-01 08:58:51,696 [INFO]    Detail: https://www.lapor.go.id/laporan/detil/himbauan-untuk-warga-tentang-membuang-sampah
2026-04-01 08:59:01,515 [INFO]       v ID=1845328 | Himbauan untuk warga tentang membuang sampah | Topik Lainnya
2026-04-01 08:59:03,964 [INFO]    Detail: https://www.lapor.go.id/laporan/detil/pengaspalan-di-komplek-kurnia-asri
2026-04-01 08:59:10,590 [INFO]       v ID=1854917 | Pengaspalan di Komplek Kurnia Asri | Infrastruktur
2026-04-01 08:59:14,243 [INFO]    Detail: https://www.lapor.go.id/laporan/detil/pengurusan-situ-di-kecamatan
2026-04-01 08:59:24,675 [INFO]       v ID=1873538 | Pengurusan SITU di Kecamatan | Pelayanan Masyarakat
2026-04-01 08:59:27,204 [INFO]    Detail: https://www.lapor.go.id/laporan/detil/drainase-mampet-4
2026-04-01 08:59:33,891 [INFO]       v ID=1874852 | Drainase Mampet | Keluhan
2026-04-01 08:59:36,827 [INFO]    Detail: https://www.lapor.go.id/laporan/detil/tps-di-jl-menur-raya-perumnas-sendangmulyo-saat-ini-sangat2-menimbulkan-bau-yg-sangat-tdk-sedap
2026-04-01 08:59:46,371 [INFO]       v ID=1881354 | Tps di Jl Menur Raya Perumnas Sendangmulyo sa | Lingkungan Hidup
2026-04-01 08:59:49,648 [INFO]    Total terkumpul sejauh ini: 230 laporan

2026-04-01 08:59:52,182 [INFO] ── Halaman 24: https://www.lapor.go.id/kisah-sukses?page=24
2026-04-01 09:00:01,723 [INFO]    -> 10 laporan ditemukan
2026-04-01 09:00:01,725 [INFO]    Detail: https://www.lapor.go.id/laporan/detil/lurah-sendangmulyo-tdk-responsif-tdk-komunikatif
2026-04-01 09:00:08,004 [INFO]       v ID=1881355 | Lurah Sendangmulyo tdk responsif & tdk komuni | Pelayanan Masyarakat
2026-04-01 09:00:11,722 [INFO]    Detail: https://www.lapor.go.id/laporan/detil/keluhan-layanan-kantor-cabang-11
2026-04-01 09:00:21,575 [INFO]       v ID=1882850 | keluhan layanan kantor cabang | Keluhan Layanan Kantor Cabang
2026-04-01 09:00:23,652 [INFO]    Detail: https://www.lapor.go.id/laporan/detil/alamat-kantor-disdik-kabupaten
2026-04-01 09:00:30,162 [INFO]       v ID=1885394 | alamat kantor disdik kabupaten | Permintaan Informasi
2026-04-01 09:00:32,455 [INFO]    Detail: https://www.lapor.go.id/laporan/detil/sleman-beras-raskin-bulan-november-tidak-layak-konsumsi
2026-04-01 09:00:40,638 [INFO]       v ID=1889348 | [Sleman] Beras Raskin Bulan November Tidak La | Kualitas
2026-04-01 09:00:42,794 [INFO]    Detail: https://www.lapor.go.id/laporan/detil/harga-elpiji-mahal-di-ngawen-klaten
2026-04-01 09:00:48,611 [INFO]       v ID=1892520 | Harga Elpiji Mahal Di Ngawen, Klaten | Harga Elpiji
2026-04-01 09:00:51,472 [INFO]    Detail: https://www.lapor.go.id/laporan/detil/tunggakan-iuran-6
2026-04-01 09:00:58,751 [INFO]       v ID=1894632 | tunggakan iuran | Pembayaran Iuran
2026-04-01 09:01:01,262 [INFO]    Detail: https://www.lapor.go.id/laporan/detil/muara-enim-kualitas-buruk
2026-04-01 09:01:09,317 [INFO]       v ID=1899842 | [Muara Enim] Kualitas Buruk | Kualitas
2026-04-01 09:01:12,920 [INFO]    Detail: https://www.lapor.go.id/laporan/detil/keluhan-proses-berlabuh-kapal-1899944
2026-04-01 09:01:18,747 [INFO]       v ID=1899944 | Keluhan Proses Berlabuh Kapal | Perhubungan
2026-04-01 09:01:22,628 [INFO]    Detail: https://www.lapor.go.id/laporan/detil/elpiji-langka-dan-harganya-mahal-di-kota-klaten
2026-04-01 09:01:28,885 [INFO]       v ID=1904366 | Elpiji Langka dan Harganya Mahal Di Kota Klat | Kelangkaan Elpiji
2026-04-01 09:01:31,972 [INFO]    Detail: https://www.lapor.go.id/laporan/detil/permintaan-informasi-rekrutmen-pegawai-asdp
2026-04-01 09:01:38,674 [INFO]       v ID=1918310 | Permintaan Informasi Rekrutmen Pegawai ASDP | Kepegawaian
2026-04-01 09:01:41,937 [INFO]    Total terkumpul sejauh ini: 240 laporan

2026-04-01 09:01:44,549 [INFO] ── Halaman 25: https://www.lapor.go.id/kisah-sukses?page=25
2026-04-01 09:01:54,669 [INFO]    -> 10 laporan ditemukan
2026-04-01 09:01:54,669 [INFO]    Detail: https://www.lapor.go.id/laporan/detil/usulan-pemasalang-rambu2-di-jl-abdurrachman-saleh
2026-04-01 09:02:00,347 [INFO]       v ID=1923323 | usulan pemasalang rambu2 di jl abdurrachman s | Topik Lainnya
2026-04-01 09:02:02,645 [INFO]    Detail: https://www.lapor.go.id/laporan/detil/pasuruan-penganduan-rastra
2026-04-01 09:02:10,829 [INFO]       v ID=1927785 | [Pasuruan] penganduan rastra | Waktu
2026-04-01 09:02:13,597 [INFO]    Detail: https://www.lapor.go.id/laporan/detil/kendala-melakukan-pendaftaran-visa-online
2026-04-01 09:02:20,486 [INFO]       v ID=1931581 | Kendala Melakukan Pendaftaran Visa Online | Imigrasi
2026-04-01 09:02:23,740 [INFO]    Detail: https://www.lapor.go.id/laporan/detil/permohonan-penertiban-pedagang-2
2026-04-01 09:02:30,830 [INFO]       v ID=1932962 | Permohonan Penertiban Pedagang | Keamanan dan Ketertiban Masyarakat
2026-04-01 09:02:33,205 [INFO]    Detail: https://www.lapor.go.id/laporan/detil/pajak-mata-uang-digital
2026-04-01 09:02:41,353 [INFO]       v ID=1933933 | Pajak Mata Uang Digital | Pajak
2026-04-01 09:02:45,019 [INFO]    Detail: https://www.lapor.go.id/laporan/detil/kendala-pengisian-tanggal-di-nomor-antrean-paspor-online
2026-04-01 09:02:54,463 [INFO]       v ID=1936753 | Kendala Pengisian Tanggal di Nomor Antrean Pa | Imigrasi
2026-04-01 09:02:58,109 [INFO]    Detail: https://www.lapor.go.id/laporan/detil/bantuan-bencana-4
2026-04-01 09:03:06,068 [INFO]       v ID=1937452 | Bantuan Bencana | Penanggulangan Bencana
2026-04-01 09:03:09,144 [INFO]    Detail: https://www.lapor.go.id/laporan/detil/jalan-ariloka-bagian-barat-kota-semarang-kumuh
2026-04-01 09:03:16,894 [INFO]       v ID=1937530 | Jalan Ariloka Bagian Barat Kota Semarang Kumu | Infrastruktur
2026-04-01 09:03:20,759 [INFO]    Detail: https://www.lapor.go.id/laporan/detil/permintaan-lampu-di-jalan-wr-supratman-kota-semarang
2026-04-01 09:03:28,978 [INFO]       v ID=1937660 | Permintaan Lampu di Jalan WR.Supratman Kota S | Infrastruktur
2026-04-01 09:03:32,466 [INFO]    Detail: https://www.lapor.go.id/laporan/detil/informasi-beasiswa-dikti-4
2026-04-01 09:03:40,972 [INFO]       v ID=1937948 | Informasi Beasiswa Dikti | Pendidikan Tinggi (Dikti)
2026-04-01 09:03:43,366 [INFO]    Total terkumpul sejauh ini: 250 laporan

2026-04-01 09:03:47,296 [INFO] ── Halaman 26: https://www.lapor.go.id/kisah-sukses?page=26
2026-04-01 09:03:56,135 [INFO]    -> 10 laporan ditemukan
2026-04-01 09:03:56,135 [INFO]    Detail: https://www.lapor.go.id/laporan/detil/pungutan-pembuatan-surat-domisili
2026-04-01 09:04:02,925 [INFO]       v ID=1943187 | Pungutan Pembuatan Surat Domisili | Administrasi Kependudukan
2026-04-01 09:04:05,419 [INFO]    Detail: https://www.lapor.go.id/laporan/detil/aspirasi-guru-4
2026-04-01 09:04:14,021 [INFO]       v ID=1943309 | Aspirasi Guru | Kepegawaian
2026-04-01 09:04:16,199 [INFO]    Detail: https://www.lapor.go.id/laporan/detil/permintaan-informasi-terkait-pendaftaran-npwp-1944163
2026-04-01 09:04:21,490 [INFO]       v ID=1944163 | Permintaan Informasi terkait Pendaftaran NPWP | Pajak
2026-04-01 09:04:24,240 [INFO]    Detail: https://www.lapor.go.id/laporan/detil/informasi-skp-guru
2026-04-01 09:04:31,049 [INFO]       v ID=1945726 | Informasi SKP Guru | Kepegawaian
2026-04-01 09:04:35,049 [INFO]    Detail: https://www.lapor.go.id/laporan/detil/peternakan-ayam-potong-di-tengah-pemukiman-warga
2026-04-01 09:04:41,490 [INFO]       v ID=1961941 | Peternakan Ayam Potong Di Tengah Pemukiman Wa | Peternakan
2026-04-01 09:04:44,906 [INFO]    Detail: https://www.lapor.go.id/laporan/detil/aspirasi-daerah-terkait-dak-fisik
2026-04-01 09:04:53,960 [INFO]       v ID=1965770 | Aspirasi Daerah terkait DAK Fisik | Lain-lain
2026-04-01 09:04:57,055 [INFO]    Detail: https://www.lapor.go.id/laporan/detil/kantor-perpustakaan-daerah-stok-buku-nya-kurang-banyak
2026-04-01 09:05:06,669 [INFO]       v ID=1976810 | kantor perpustakaan daerah stok buku nya kura | Lain-lain
2026-04-01 09:05:09,046 [INFO]    Detail: https://www.lapor.go.id/laporan/detil/kejelasan-susu-kental-manis
2026-04-01 09:05:17,585 [INFO]       v ID=1989873 | Kejelasan Susu Kental Manis | Lain-lain
2026-04-01 09:05:20,245 [INFO]    Detail: https://www.lapor.go.id/laporan/detil/telah-melakukan-pembayaran-paspor-dibatalkan
2026-04-01 09:05:30,007 [INFO]       v ID=1991802 | Telah Melakukan Pembayaran, Paspor Dibatalkan | Imigrasi
2026-04-01 09:05:32,063 [INFO]    Detail: https://www.lapor.go.id/laporan/detil/permintaan-informasi-766
2026-04-01 09:05:42,002 [INFO]       v ID=1995111 | Permintaan informasi | Informasi Lupa User ID
2026-04-01 09:05:44,046 [INFO]    Total terkumpul sejauh ini: 260 laporan

2026-04-01 09:05:46,600 [INFO] ── Halaman 27: https://www.lapor.go.id/kisah-sukses?page=27
2026-04-01 09:05:58,812 [INFO]    -> 10 laporan ditemukan
2026-04-01 09:05:58,812 [INFO]    Detail: https://www.lapor.go.id/laporan/detil/saran-pembagian-bansos
2026-04-01 09:06:07,944 [INFO]       v ID=1998338 | Saran Pembagian Bansos | Bantuan Sosial
2026-04-01 09:06:10,878 [INFO]    Detail: https://www.lapor.go.id/laporan/detil/penyimpangan-kinerja-oknum-kades-polsek-dan-pejabat-pertanahan
2026-04-01 09:06:16,476 [INFO]       v ID=2013659 | Penyimpangan Kinerja Oknum Kades, Polsek dan  | Lapor Kecurangan
2026-04-01 09:06:19,273 [INFO]    Detail: https://www.lapor.go.id/laporan/detil/pelayanan-pt-asdp-kurang-baik
2026-04-01 09:06:26,515 [INFO]       v ID=2013709 | Pelayanan PT ASDP Kurang Baik | Perhubungan
2026-04-01 09:06:29,033 [INFO]    Detail: https://www.lapor.go.id/laporan/detil/aduan-buruknya-pelayanan-penyebrangan-merak
2026-04-01 09:06:42,578 [INFO]       v ID=2028102 | Aduan Buruknya Pelayanan Penyebrangan Merak | Transportasi Laut
2026-04-01 09:06:45,116 [INFO]    Detail: https://www.lapor.go.id/laporan/detil/lebak-ijin-usaha-peternakan-belum-diproses-oleh-dinas-peternakan
2026-04-01 09:06:54,842 [INFO]       v ID=2057364 | LEBAK. Ijin Usaha Peternakan belum diproses o | Perizinan
2026-04-01 09:06:58,691 [INFO]    Detail: https://www.lapor.go.id/laporan/detil/mohon-bantuan-longsor
2026-04-01 09:07:04,407 [INFO]       v ID=4892537 | Mohon Bantuan Longsor | Lainnya ...
2026-04-01 09:07:07,086 [INFO]    Detail: https://www.lapor.go.id/laporan/detil/permintaan-bantuan
2026-04-01 09:07:15,584 [INFO]       v ID=4892547 | permintaan bantuan | Penanggulangan Bencana
2026-04-01 09:07:17,915 [INFO]    Detail: https://www.lapor.go.id/laporan/detil/kenaikan-honor-pendidik-dan-jaminan-kesehatan-untuk-kader-kesehatan
2026-04-01 09:07:26,294 [INFO]       v ID=4897491 | Kenaikan Honor Pendidik Dan Jaminan Kesehatan | Pendidikan
2026-04-01 09:07:29,301 [INFO]    Detail: https://www.lapor.go.id/laporan/detil/pengambilan-e-ktp
2026-04-01 09:07:36,141 [INFO]       v ID=4901047 | PENGAMBILAN E KTP | Administrasi Kependudukan
2026-04-01 09:07:39,437 [INFO]    Detail: https://www.lapor.go.id/laporan/detil/pengurusan-ktp-dan-kk
2026-04-01 09:07:45,212 [INFO]       v ID=4904763 | Pengurusan KTP dan KK | Administrasi Kependudukan
2026-04-01 09:07:48,814 [INFO]    Total terkumpul sejauh ini: 270 laporan

2026-04-01 09:07:52,691 [INFO] ── Halaman 28: https://www.lapor.go.id/kisah-sukses?page=28
2026-04-01 09:08:06,501 [INFO]    -> 10 laporan ditemukan
2026-04-01 09:08:06,501 [INFO]    Detail: https://www.lapor.go.id/laporan/detil/prengaduan-mahalnya-tiket-kapal
2026-04-01 09:08:14,244 [INFO]       v ID=4906861 | Prengaduan Mahalnya Tiket Kapal | Perhubungan
2026-04-01 09:08:16,688 [INFO]    Detail: https://www.lapor.go.id/laporan/detil/peningkatan-sistem-administrasi-asdp
2026-04-01 09:08:22,943 [INFO]       v ID=4957317 | Peningkatan Sistem Administrasi ASDP | Keluhan
2026-04-01 09:08:25,452 [INFO]    Detail: https://www.lapor.go.id/laporan/detil/penolakan-sertifikat-tanah-bpn-merauke
2026-04-01 09:08:32,952 [INFO]       v ID=4960973 | Penolakan Sertifikat Tanah BPN Merauke | Pertanahan dan Permukiman
2026-04-01 09:08:36,106 [INFO]    Detail: https://www.lapor.go.id/laporan/detil/biaya-lks-dan-spp-sma-negri-2
2026-04-01 09:08:43,433 [INFO]       v ID=4966610 | Biaya Lks Dan Spp Sma Negri 2 | Topik Lainnya
2026-04-01 09:08:46,225 [INFO]    Detail: https://www.lapor.go.id/laporan/detil/kepastian-pencairan-tpg
2026-04-01 09:08:56,515 [INFO]       v ID=4980681 | Kepastian Pencairan TPG | Pendidikan Dasar dan Menengah (Dikdasmen)
2026-04-01 09:08:58,851 [INFO]    Detail: https://www.lapor.go.id/laporan/detil/cara-mengurus-nrg-secara-manual
2026-04-01 09:09:04,331 [INFO]       v ID=4980781 | Cara Mengurus NRG Secara Manual | Pendidikan Dasar dan Menengah (Dikdasmen)
2026-04-01 09:09:06,361 [INFO]    Detail: https://www.lapor.go.id/laporan/detil/hutan-register-202509160903541757988234633
2026-04-01 09:09:13,347 [INFO]       v ID=5010544 | hutan register | Kehutanan
2026-04-01 09:09:16,066 [INFO]    Detail: https://www.lapor.go.id/laporan/detil/sinyal-tower-telkomsel-di-kecamatan-makarti-jaya-desa-purwosari-sering-lemot
2026-04-01 09:09:21,506 [INFO]       v ID=5019455 | Sinyal Tower Telkomsel Di Kecamatan Makarti J | Keluhan
2026-04-01 09:09:24,201 [INFO]    Detail: https://www.lapor.go.id/laporan/detil/dana-masyarakat
2026-04-01 09:09:32,089 [INFO]       v ID=5025325 | Dana Masyarakat | Administrasi
2026-04-01 09:09:35,738 [INFO]    Detail: https://www.lapor.go.id/laporan/detil/pengurusan-lembar-verifikasi-hasil-penangkapan-ikan
2026-04-01 09:09:42,854 [INFO]       v ID=5037178 | Pengurusan Lembar Verifikasi Hasil Penangkapa | None
2026-04-01 09:09:45,423 [INFO]    Total terkumpul sejauh ini: 280 laporan

2026-04-01 09:09:48,789 [INFO] ── Halaman 29: https://www.lapor.go.id/kisah-sukses?page=29
2026-04-01 09:10:04,161 [INFO]    -> 10 laporan ditemukan
2026-04-01 09:10:04,161 [INFO]    Detail: https://www.lapor.go.id/laporan/detil/pelayanan-rsud-sampang
2026-04-01 09:10:10,985 [INFO]       v ID=5042123 | Pelayanan RSUD Sampang | BPJS Kesehatan
2026-04-01 09:10:13,411 [INFO]    Detail: https://www.lapor.go.id/laporan/detil/blangko-ktp-2
2026-04-01 09:10:22,239 [INFO]       v ID=5046226 | Blangko Ktp | Administrasi
2026-04-01 09:10:25,449 [INFO]    Detail: https://www.lapor.go.id/laporan/detil/indikasi-kinerja-kejati-jawa-timur-yang-kurang-kooperatif-terhadap-pelayanannya
2026-04-01 09:10:33,099 [INFO]       v ID=5058072 | Indikasi kinerja Kejati Jawa timur yang kuran | Pelayanan Administrasi
2026-04-01 09:10:36,687 [INFO]    Detail: https://www.lapor.go.id/laporan/detil/puskesmas-rowosari
2026-04-01 09:10:45,622 [INFO]       v ID=5073583 | Puskesmas Rowosari | Pelayanan Masyarakat
2026-04-01 09:10:47,982 [INFO]    Detail: https://www.lapor.go.id/laporan/detil/alamat-kantor-dinas-pertanian
2026-04-01 09:10:55,976 [INFO]       v ID=5104858 | Alamat Kantor Dinas Pertanian | Permintaan Informasi
2026-04-01 09:10:58,224 [INFO]    Detail: https://www.lapor.go.id/laporan/detil/di-buat-zona-selamat-sekolah-agar-bisa-mengurangi-resiko-kecelakaan-di-jalan-raya
2026-04-01 09:11:05,791 [INFO]       v ID=5133220 | di buat Zona Selamat Sekolah agar bisa mengur | Infrastruktur
2026-04-01 09:11:09,228 [INFO]    Detail: https://www.lapor.go.id/laporan/detil/lulusan-sma-negeri-1-bolaang-tahun-2019-belum-memperoleh-ijazah
2026-04-01 09:11:17,951 [INFO]       v ID=5138022 | Lulusan Sma Negeri 1 Bolaang Tahun 2019 Belum | Lainnya terkait Pendidikan dan Kebudayaan
2026-04-01 09:11:21,644 [INFO]    Detail: https://www.lapor.go.id/laporan/detil/pengaduan-255
2026-04-01 09:11:29,020 [INFO]       v ID=5149882 | PENGADUAN | Badan Usaha Milik Desa (BUMDes)
2026-04-01 09:11:31,971 [INFO]    Detail: https://www.lapor.go.id/laporan/detil/sarang-ular-cobra
2026-04-01 09:11:39,482 [INFO]       v ID=5171412 | Sarang Ular Cobra | Penanggulangan Bencana
2026-04-01 09:11:41,911 [INFO]    Detail: https://www.lapor.go.id/laporan/detil/kendala-dalam-menaiki-kapal
2026-04-01 09:11:47,453 [INFO]       v ID=5209373 | Kendala dalam Menaiki Kapal | Transportasi Laut
2026-04-01 09:11:50,142 [INFO]    Total terkumpul sejauh ini: 290 laporan

2026-04-01 09:11:53,063 [INFO] ── Halaman 30: https://www.lapor.go.id/kisah-sukses?page=30
2026-04-01 09:12:04,340 [INFO]    -> 10 laporan ditemukan
2026-04-01 09:12:04,340 [INFO]    Detail: https://www.lapor.go.id/laporan/detil/penggunaan-alat-tangkap-yang-dilarang-3
2026-04-01 09:12:10,182 [INFO]       v ID=5223993 | Penggunaan Alat Tangkap Yang Dilarang | Kelautan dan Perikanan
2026-04-01 09:12:13,512 [INFO]    Detail: https://www.lapor.go.id/laporan/detil/minta-bantuan
2026-04-01 09:12:20,402 [INFO]       v ID=5224530 | Minta bantuan | Bantuan Sosial
2026-04-01 09:12:23,066 [INFO]    Detail: https://www.lapor.go.id/laporan/detil/di-depan-rumah-saya-setiap-pagi-tetangga-saya-pak-bambang-membakar-sampah
2026-04-01 09:12:29,839 [INFO]       v ID=5227631 | di depan rumah saya setiap pagi tetangga saya | Administrasi
2026-04-01 09:12:33,619 [INFO]    Detail: https://www.lapor.go.id/laporan/detil/pengaduan-perselingkuhan-asn
2026-04-01 09:12:40,376 [INFO]       v ID=5237807 | Pengaduan Perselingkuhan ASN | Kepegawaian
2026-04-01 09:12:42,757 [INFO]    Detail: https://www.lapor.go.id/laporan/detil/test-46
2026-04-01 09:12:52,641 [INFO]       v ID=5252765 | test | None
2026-04-01 09:12:55,519 [INFO]    Detail: https://www.lapor.go.id/laporan/detil/lahan-202509011133001756701180805
2026-04-01 09:13:02,898 [INFO]       v ID=5254071 | lahan | Lainnya terkait Ketenteraman, Ketertiban Umum, dan Pelindungan Masyarakat
2026-04-01 09:13:06,207 [INFO]    Detail: https://www.lapor.go.id/laporan/detil/indikasi-kecurangan-penjaringan-perangkat-desa-di-kabupaten-minahasa-tenggara
2026-04-01 09:13:14,465 [INFO]       v ID=5257569 | Indikasi Kecurangan Penjaringan Perangkat Des | Kepegawaian
2026-04-01 09:13:16,898 [INFO]    Detail: https://www.lapor.go.id/laporan/detil/keluhan-belum-naik-pangkat
2026-04-01 09:13:23,062 [INFO]       v ID=5266830 | Keluhan Belum Naik Pangkat | Kepegawaian
2026-04-01 09:13:26,774 [INFO]    Detail: https://www.lapor.go.id/laporan/detil/warga-keluhkan-kerusakan-pemukiman-yang-diakibatkan-pembangunan-kereta-cepat
2026-04-01 09:13:32,189 [INFO]       v ID=5271260 | Warga Keluhkan Kerusakan Pemukiman Yang Diaki | Infrastruktur
2026-04-01 09:13:34,289 [INFO]    Detail: https://www.lapor.go.id/laporan/detil/berita-hoax-atau-bukan
2026-04-01 09:13:40,581 [INFO]       v ID=5271704 | Berita hoax atau bukan | Corona Virus
2026-04-01 09:13:43,534 [INFO]    Total terkumpul sejauh ini: 300 laporan

2026-04-01 09:13:46,649 [INFO] ── Halaman 31: https://www.lapor.go.id/kisah-sukses?page=31
2026-04-01 09:13:57,951 [INFO]    -> 10 laporan ditemukan
2026-04-01 09:13:57,951 [INFO]    Detail: https://www.lapor.go.id/laporan/detil/bantuan-untuk-kelangsunngan-hidup
2026-04-01 09:14:03,351 [INFO]       v ID=5272435 | Bantuan Untuk Kelangsunngan Hidup | Corona - Kekurangan Kebutuhan Logistik dan APD
2026-04-01 09:14:05,484 [INFO]    Detail: https://www.lapor.go.id/laporan/detil/penyemprotan-disinfektan-di-rumah-warga
2026-04-01 09:14:11,862 [INFO]       v ID=5277467 | Penyemprotan Disinfektan Di Rumah Warga | Corona Virus
2026-04-01 09:14:15,396 [INFO]    Detail: https://www.lapor.go.id/laporan/detil/perkenalkan-saya-aulia-iqbal-ktp-3172031210820010-hp-081261000643-alamat-di-dmarco-cilodong-depok-16415
2026-04-01 09:14:23,314 [INFO]       v ID=5291378 | Perkenalkan saya aulia Iqbal, KTP 31720312108 | Corona Virus
2026-04-01 09:14:26,079 [INFO]    Detail: https://www.lapor.go.id/laporan/detil/mohon-ditindak-pihak-rt-012-rw-01-kel-abadijaya
2026-04-01 09:14:32,739 [INFO]       v ID=5292048 | Mohon ditindak pihak RT 012 RW 01 Kel abadija | Corona - Karantina Wilayah
2026-04-01 09:14:35,991 [INFO]    Detail: https://www.lapor.go.id/laporan/detil/belum-adanya-informasi-pendataan-bantuan-terdampak-covid-19-di-desa-sukasari
2026-04-01 09:14:45,704 [INFO]       v ID=5292485 | Belum Adanya Informasi Pendataan Bantuan Terd | Corona - Bantuan untuk Masyarakat
2026-04-01 09:14:48,508 [INFO]    Detail: https://www.lapor.go.id/laporan/detil/kebijakan-covid19
2026-04-01 09:14:54,715 [INFO]       v ID=5292954 | Kebijakan Covid19 | Corona - Dampak Ekonomi
2026-04-01 09:14:57,783 [INFO]    Detail: https://www.lapor.go.id/laporan/detil/permohonan-bantuan-bagi-yang-terkena-dampak-covid-19
2026-04-01 09:15:07,917 [INFO]       v ID=5293265 | Permohonan Bantuan bagi yang Terkena Dampak C | Corona - Bantuan untuk Masyarakat
2026-04-01 09:15:10,636 [INFO]    Detail: https://www.lapor.go.id/laporan/detil/pengaduan-ketenagakerjaan-29
2026-04-01 09:15:22,659 [INFO]       v ID=5296174 | pengaduan ketenagakerjaan | WFH
2026-04-01 09:15:26,613 [INFO]    Detail: https://www.lapor.go.id/laporan/detil/permohonan-informasi-410
2026-04-01 09:15:34,778 [INFO]       v ID=5305379 | Permohonan informasi | Corona - Bantuan untuk Masyarakat
2026-04-01 09:15:37,786 [INFO]    Detail: https://www.lapor.go.id/laporan/detil/bantuan-sembako-6
2026-04-01 09:15:44,997 [INFO]       v ID=5314581 | Bantuan Sembako | Corona - Bantuan untuk Masyarakat
2026-04-01 09:15:47,020 [INFO]    Total terkumpul sejauh ini: 310 laporan

2026-04-01 09:15:49,808 [INFO] ── Halaman 32: https://www.lapor.go.id/kisah-sukses?page=32
2026-04-01 09:16:04,822 [INFO]    -> 10 laporan ditemukan
2026-04-01 09:16:04,822 [INFO]    Detail: https://www.lapor.go.id/laporan/detil/minta-syarat-dtks
2026-04-01 09:16:11,320 [INFO]       v ID=5316894 | Minta syarat Dtks | Pendidikan Tinggi (Dikti)
2026-04-01 09:16:14,319 [INFO]    Detail: https://www.lapor.go.id/laporan/detil/kerumunan-ramai-saat-akan-berbuka-puasa
2026-04-01 09:16:20,297 [INFO]       v ID=5318443 | Kerumunan Ramai Saat Akan Berbuka Puasa | Corona - Jaga Jarak Aman (Physical Distancing)
2026-04-01 09:16:24,157 [INFO]    Detail: https://www.lapor.go.id/laporan/detil/pemutakhiran-data-penerima-bantuan-sosial
2026-04-01 09:16:31,063 [INFO]       v ID=5320170 | Pemutakhiran data penerima bantuan sosial. | Bantuan Sosial
2026-04-01 09:16:33,207 [INFO]    Detail: https://www.lapor.go.id/laporan/detil/saya-ingin-melaporkan-kegiatan-perkumpulan-yang-dilakukan-oleh-sekelompok-anak
2026-04-01 09:16:38,339 [INFO]       v ID=5321932 | saya ingin melaporkan kegiatan perkumpulan ya | Corona - Jaga Jarak Aman (Physical Distancing)
2026-04-01 09:16:41,331 [INFO]    Detail: https://www.lapor.go.id/laporan/detil/kepada-pihak-yang-berwewenangsaya-mau-laporkan-bahwa-di-kantor-kelurahan-ballaparang-kota-makassartidak-menerima-layanan-publik-di-hari-kerja-dengan-alasan-masih-pandemisy-bertujuan-mengurus-blt-akibat-phk-dari-kantorsudah-ada-surat-dari-rt
2026-04-01 09:16:47,338 [INFO]       v ID=5325496 | Kepada pihak yang berwewenangSaya mau laporka | Bantuan Sosial
2026-04-01 09:16:49,841 [INFO]    Detail: https://www.lapor.go.id/laporan/detil/tidak-mendapat-blt-dana-desa-2
2026-04-01 09:16:55,500 [INFO]       v ID=5326722 | Tidak Mendapat Blt Dana Desa | Corona - Bantuan untuk Masyarakat
2026-04-01 09:16:58,389 [INFO]    Detail: https://www.lapor.go.id/laporan/detil/saya-mau-melaporkan-ada-tindakan-pelanggaran-pspb
2026-04-01 09:17:07,927 [INFO]       v ID=5328741 | saya mau melaporkan ada tindakan pelanggaran  | Corona - Jaga Jarak Aman (Physical Distancing)
2026-04-01 09:17:11,650 [INFO]    Detail: https://www.lapor.go.id/laporan/detil/pelanggaran-social-distancing-4
2026-04-01 09:17:19,007 [INFO]       v ID=5329711 | Pelanggaran Social Distancing | Pelanggaran Social Distancing
2026-04-01 09:17:21,963 [INFO]    Detail: https://www.lapor.go.id/laporan/detil/laporan-belum-terima-bansos-covid-19-an-danny-christian-mewengkang
2026-04-01 09:17:30,130 [INFO]       v ID=5335675 | Laporan Belum Terima Bansos Covid-19 A.n. Dan | Corona - Bantuan untuk Masyarakat
2026-04-01 09:17:33,714 [INFO]    Detail: https://www.lapor.go.id/laporan/detil/minta-dibuatkan-kartu-sehat-untuk-keluarga-saya-yang-akan-melahirkan
2026-04-01 09:17:39,855 [INFO]       v ID=5339906 | Minta Dibuatkan Kartu Sehat Untuk Keluarga Sa | Keluhan Kesulitan mendapatkan Kartu JKN KIS
2026-04-01 09:17:43,472 [INFO]    Total terkumpul sejauh ini: 320 laporan

2026-04-01 09:17:46,341 [INFO] ── Halaman 33: https://www.lapor.go.id/kisah-sukses?page=33
2026-04-01 09:17:59,930 [INFO]    -> 10 laporan ditemukan
2026-04-01 09:17:59,930 [INFO]    Detail: https://www.lapor.go.id/laporan/detil/penyediaan-jaringan-internet-di-ruang-publik
2026-04-01 09:18:06,896 [INFO]       v ID=5341300 | Penyediaan Jaringan Internet Di Ruang Publik | Ruang Publik
2026-04-01 09:18:10,261 [INFO]    Detail: https://www.lapor.go.id/laporan/detil/bantuan-sosial-225
2026-04-01 09:18:16,804 [INFO]       v ID=5344221 | Bantuan Sosial | Penyelewengan Bansos Daerah Covid
2026-04-01 09:18:20,281 [INFO]    Detail: https://www.lapor.go.id/laporan/detil/masyarakat-tidak-mematuhi-protokol-covid-19
2026-04-01 09:18:26,710 [INFO]       v ID=5351766 | Masyarakat Tidak Mematuhi Protokol Covid-19 | Informasi Media COVID-19 Lainnya
2026-04-01 09:18:29,362 [INFO]    Detail: https://www.lapor.go.id/laporan/detil/pembuat-e-ktp-yang-memakan-banyak-waktu
2026-04-01 09:18:35,156 [INFO]       v ID=5360165 | Pembuat E-Ktp Yang Memakan Banyak Waktu | Administrasi Kependudukan dan Pencatatan Sipil
2026-04-01 09:18:38,413 [INFO]    Detail: https://www.lapor.go.id/laporan/detil/pupus-ngebel
2026-04-01 09:18:44,592 [INFO]       v ID=5363022 | Pupus, Ngebel | Informasi Umum
2026-04-01 09:18:48,141 [INFO]    Detail: https://www.lapor.go.id/laporan/detil/imunisasi-5
2026-04-01 09:18:55,888 [INFO]       v ID=5363356 | Imunisasi | Kesehatan Masyarakat
2026-04-01 09:18:58,443 [INFO]    Detail: https://www.lapor.go.id/laporan/detil/tolong-ditinjau-kembali-data-bantuan-dana-sosial
2026-04-01 09:19:04,703 [INFO]       v ID=5373127 | Tolong Ditinjau Kembali Data Bantuan Dana Sos | Bantuan Sosial
2026-04-01 09:19:07,856 [INFO]    Detail: https://www.lapor.go.id/laporan/detil/fasilitas-pendidikan-yang-belum-di-nikmati-oleh-masyarakat-pegunungan-seram-utara
2026-04-01 09:19:13,780 [INFO]       v ID=5374866 | Fasilitas Pendidikan Yang Belum Di Nikmati Ol | Lainnya terkait Pendidikan dan Kebudayaan
2026-04-01 09:19:17,139 [INFO]    Detail: https://www.lapor.go.id/laporan/detil/kartu-keluarga-sejahtera-43
2026-04-01 09:19:23,750 [INFO]       v ID=5377789 | Kartu Keluarga Sejahtera | Kartu/KKS, PIN, Buku Tabungan, Saldo/Transfer
2026-04-01 09:19:26,936 [INFO]    Detail: https://www.lapor.go.id/laporan/detil/jalur-penyebrangan-galala-namlea-kota-ambon-asdp
2026-04-01 09:19:35,302 [INFO]       v ID=5382651 | Jalur Penyebrangan Galala - Namlea Kota Ambon | Perhubungan
2026-04-01 09:19:37,827 [INFO]    Total terkumpul sejauh ini: 330 laporan

2026-04-01 09:19:41,320 [INFO] ── Halaman 34: https://www.lapor.go.id/kisah-sukses?page=34
2026-04-01 09:19:54,451 [INFO]    -> 10 laporan ditemukan
2026-04-01 09:19:54,451 [INFO]    Detail: https://www.lapor.go.id/laporan/detil/pembagian-bansos-tidak-tepat-sasaran-2
2026-04-01 09:19:59,817 [INFO]       v ID=5389630 | Pembagian Bansos Tidak Tepat Sasaran | Bantuan Sosial Tunai (BST)
2026-04-01 09:20:02,594 [INFO]    Detail: https://www.lapor.go.id/laporan/detil/pengaduan-pengurusan-sertipikat-yg-hilang
2026-04-01 09:20:09,116 [INFO]       v ID=5389673 | Pengaduan Pengurusan Sertipikat Yg Hilang | Topik Lainnya
2026-04-01 09:20:12,820 [INFO]    Detail: https://www.lapor.go.id/laporan/detil/tidak-ada-sosialisasi-dengan-warga-setempat-koq-izin-mendirikan-pt-energi-biomassa-investama-yang-terletak-di-desa-bareng-koq-terbit
2026-04-01 09:20:21,381 [INFO]       v ID=5393454 | Tidak Ada Sosialisasi Dengan Warga Setempat K | Kesehatan Masyarakat
2026-04-01 09:20:23,776 [INFO]    Detail: https://www.lapor.go.id/laporan/detil/pabrik-limbah-yg-merusak-lingkungan-padat-penduduk
2026-04-01 09:20:32,855 [INFO]       v ID=5398208 | Pabrik Limbah Yg Merusak Lingkungan Padat Pen | Kesehatan Masyarakat
2026-04-01 09:20:34,959 [INFO]    Detail: https://www.lapor.go.id/laporan/detil/kebijakan-gaji-ob-di-dprd-kabupaten-bekasi
2026-04-01 09:20:43,286 [INFO]       v ID=5399873 | Kebijakan Gaji OB di DPRD Kabupaten Bekasi | Kepegawaian
2026-04-01 09:20:47,078 [INFO]    Detail: https://www.lapor.go.id/laporan/detil/pelanggaran-psbb-perusahaan-karoke-family-depok
2026-04-01 09:20:54,422 [INFO]       v ID=5400762 | Pelanggaran Psbb Perusahaan Karoke Family Dep | Jaga Jarak Aman (Social Distancing)
2026-04-01 09:20:56,516 [INFO]    Detail: https://www.lapor.go.id/laporan/detil/permintaan-bantuan-202509041141431756960903919
2026-04-01 09:21:03,880 [INFO]       v ID=5406523 | Permintaan Bantuan | Lainnya terkait Jaminan Sosial Kesehatan
2026-04-01 09:21:06,500 [INFO]    Detail: https://www.lapor.go.id/laporan/detil/laporan-nengenai-kasus-kekerasan-terhadap-perempuan
2026-04-01 09:21:13,610 [INFO]       v ID=5407527 | Laporan Nengenai Kasus Kekerasan Terhadap Per | Kekerasan Seksual, Perundungan, dan Intoleransi
2026-04-01 09:21:17,355 [INFO]    Detail: https://www.lapor.go.id/laporan/detil/layanan-penyeberangan-expres-bakauheni
2026-04-01 09:21:24,291 [INFO]       v ID=5410672 | Layanan Penyeberangan Expres Bakauheni | Topik Lainnya
2026-04-01 09:21:27,397 [INFO]    Detail: https://www.lapor.go.id/laporan/detil/informasi-uji-klinis-vaksin-covid-19
2026-04-01 09:21:35,020 [INFO]       v ID=5414834 | Informasi Uji Klinis Vaksin Covid-19 | Pemeriksaan PCR atau Swab
2026-04-01 09:21:38,982 [INFO]    Total terkumpul sejauh ini: 340 laporan

2026-04-01 09:21:42,899 [INFO] ── Halaman 35: https://www.lapor.go.id/kisah-sukses?page=35
2026-04-01 09:21:54,890 [INFO]    -> 10 laporan ditemukan
2026-04-01 09:21:54,890 [INFO]    Detail: https://www.lapor.go.id/laporan/detil/permohonan-tracing-penyebaran-covid-19-di-ponpes
2026-04-01 09:22:00,916 [INFO]       v ID=5427815 | Permohonan Tracing Penyebaran Covid-19 Di Pon | Pelayanan Kesehatan lain yang terdampak akibat COVID-19
2026-04-01 09:22:04,125 [INFO]    Detail: https://www.lapor.go.id/laporan/detil/corona-1008
2026-04-01 09:22:12,191 [INFO]       v ID=5438844 | corona | Pengaduan Hotline/Call Center 117
2026-04-01 09:22:16,100 [INFO]    Detail: https://www.lapor.go.id/laporan/detil/hajatan-saat-covid
2026-04-01 09:22:22,352 [INFO]       v ID=5444207 | Hajatan Saat Covid | Jaga Jarak Aman (Social Distancing)
2026-04-01 09:22:24,390 [INFO]    Detail: https://www.lapor.go.id/laporan/detil/bantuan-sosial-669
2026-04-01 09:22:32,300 [INFO]       v ID=5451544 | bantuan sosial | Lainnya terkait Sosial dan Kesejahteraan
2026-04-01 09:22:35,596 [INFO]    Detail: https://www.lapor.go.id/laporan/detil/bangunan-liar-53
2026-04-01 09:22:41,236 [INFO]       v ID=5452691 | Bangunan Liar | Topik Lainnya
2026-04-01 09:22:44,392 [INFO]    Detail: https://www.lapor.go.id/laporan/detil/sampah-di-bawah-jembatan-danyang-desa-sukosari-ponorogo
2026-04-01 09:22:53,484 [INFO]       v ID=5456410 | Sampah Di Bawah Jembatan Danyang, Desa Sukosa | Topik Lainnya
2026-04-01 09:22:57,442 [INFO]    Detail: https://www.lapor.go.id/laporan/detil/pengaduan-pemkab-banyuasin
2026-04-01 09:23:04,024 [INFO]       v ID=5457365 | Pengaduan Pemkab Banyuasin | SP4N-LAPOR!
2026-04-01 09:23:07,028 [INFO]    Detail: https://www.lapor.go.id/laporan/detil/air-pdam-mati-156
2026-04-01 09:23:12,174 [INFO]       v ID=5462804 | Air Pdam Mati | Topik Lainnya
2026-04-01 09:23:14,220 [INFO]    Detail: https://www.lapor.go.id/laporan/detil/tidak-pernah-mendapat-bansos-27
2026-04-01 09:23:21,631 [INFO]       v ID=5463441 | Tidak Pernah Mendapat Bansos | Bantuan Sosial
2026-04-01 09:23:25,124 [INFO]    Detail: https://www.lapor.go.id/laporan/detil/tidak-pernah-dapat-bansospkh-apapun-itu
2026-04-01 09:23:31,777 [INFO]       v ID=5463450 | Tidak Pernah Dapat Bansos/pkh Apapun Itu | Bantuan Sosial
2026-04-01 09:23:35,438 [INFO]    Total terkumpul sejauh ini: 350 laporan

2026-04-01 09:23:38,743 [INFO] ── Halaman 36: https://www.lapor.go.id/kisah-sukses?page=36
2026-04-01 09:23:51,274 [INFO]    -> 10 laporan ditemukan
2026-04-01 09:23:51,274 [INFO]    Detail: https://www.lapor.go.id/laporan/detil/apoteker-asisten-apoteker-yang-berhak-mendapatkan-insentif-covid-19
2026-04-01 09:23:58,756 [INFO]       v ID=5471442 | Apoteker & Asisten Apoteker Yang Berhak Menda | Pengaduan Klaim COVID-19
2026-04-01 09:24:01,572 [INFO]    Detail: https://www.lapor.go.id/laporan/detil/informasi-di-masa-adaptasi-kebiasaan-baru-3
2026-04-01 09:24:07,138 [INFO]       v ID=5473659 | Informasi di Masa Adaptasi Kebiasaan Baru | Lainnya terkait Perkeretaapian
2026-04-01 09:24:10,232 [INFO]    Detail: https://www.lapor.go.id/laporan/detil/informasi-tentang-apb-kemdikbud-untuk-pekerja-seni-yang-terdampak-covid-19
2026-04-01 09:24:15,956 [INFO]       v ID=5474023 | Informasi Tentang Apb Kemdikbud Untuk Pekerja | Kebudayaan
2026-04-01 09:24:17,984 [INFO]    Detail: https://www.lapor.go.id/laporan/detil/penjualan-miras-secara-online-2
2026-04-01 09:24:24,267 [INFO]       v ID=5479506 | Penjualan Miras Secara Online | Lainnya terkait Perdagangan
2026-04-01 09:24:27,301 [INFO]    Detail: https://www.lapor.go.id/laporan/detil/dana-blt-dd-bulan-oktober-dan-november-belum-disalurkan
2026-04-01 09:24:34,846 [INFO]       v ID=5480242 | Dana Blt Dd Bulan Oktober Dan November Belum  | Lainnya terkait Sosial dan Kesejahteraan
2026-04-01 09:24:38,413 [INFO]    Detail: https://www.lapor.go.id/laporan/detil/seperti-blibli-tokopedia-membuka-akses-penjualan-miras-online
2026-04-01 09:24:44,376 [INFO]       v ID=5480850 | Seperti Blibli, Tokopedia Membuka Akses Penju | Lainnya terkait Teknologi Informasi dan Komunikasi
2026-04-01 09:24:47,373 [INFO]    Detail: https://www.lapor.go.id/laporan/detil/pasar-bunga-madiun
2026-04-01 09:24:52,968 [INFO]       v ID=5480857 | Pasar Bunga Madiun | Lainnya terkait Pekerjaan Umum dan Penataan Ruang
2026-04-01 09:24:55,298 [INFO]    Detail: https://www.lapor.go.id/laporan/detil/titik-tempat-pembuangan-sampah
2026-04-01 09:25:03,146 [INFO]       v ID=5484706 | Titik Tempat Pembuangan Sampah | Pencemaran Lingkungan
2026-04-01 09:25:05,274 [INFO]    Detail: https://www.lapor.go.id/laporan/detil/warga-pertanyakan-anggaran-pembangunan-wc-sdn-jayamukti
2026-04-01 09:25:11,289 [INFO]       v ID=5486601 | Warga Pertanyakan Anggaran Pembangunan WC SDN | Topik Lainnya
2026-04-01 09:25:13,998 [INFO]    Detail: https://www.lapor.go.id/laporan/detil/lapor-oknum-purnawirawan-tni
2026-04-01 09:25:21,344 [INFO]       v ID=5491236 | Lapor Oknum Purnawirawan Tni | Ketertiban Umum
2026-04-01 09:25:25,216 [INFO]    Total terkumpul sejauh ini: 360 laporan

2026-04-01 09:25:29,069 [INFO] ── Halaman 37: https://www.lapor.go.id/kisah-sukses?page=37
2026-04-01 09:25:44,189 [INFO]    -> 10 laporan ditemukan
2026-04-01 09:25:44,189 [INFO]    Detail: https://www.lapor.go.id/laporan/detil/lampu-jalan-mati-di-simpang-tiga-padang-ribu-ribu
2026-04-01 09:25:50,926 [INFO]       v ID=5491469 | Lampu Jalan Mati Di Simpang Tiga Padang Ribu- | Infrastruktur Jalan
2026-04-01 09:25:54,297 [INFO]    Detail: https://www.lapor.go.id/laporan/detil/tindak-lanjut-surat-dlh
2026-04-01 09:26:00,469 [INFO]       v ID=5499909 | Tindak Lanjut Surat Dlh | Lainnya terkait Ketenteraman, Ketertiban Umum, dan Pelindungan Masyarakat
2026-04-01 09:26:03,121 [INFO]    Detail: https://www.lapor.go.id/laporan/detil/tindak-pelanggaran-masif-terstruktur-sistematis-oleh-kandidat-no-urut-3-pilkada-bandar-lampung-kpu-dan-bawaslu-jgn-gentar-tunjukkan-marwahmu
2026-04-01 09:26:12,540 [INFO]       v ID=5518651 | Tindak Pelanggaran Masif, Terstruktur, Sistem | Pemilihan Umum
2026-04-01 09:26:14,632 [INFO]    Detail: https://www.lapor.go.id/laporan/detil/warga-lama-yang-sudah-mampu-masih-menerima-bantuan-secara-tunai-atau-non-tunai
2026-04-01 09:26:21,376 [INFO]       v ID=5522533 | Warga Lama Yang Sudah Mampu Masih Menerima Ba | Bantuan Sosial
2026-04-01 09:26:25,268 [INFO]    Detail: https://www.lapor.go.id/laporan/detil/pdam-sudah-pasang-pipa-lebih-dari-3-bulan-lalu-tapi-belum-ada-aliran-air
2026-04-01 09:26:31,914 [INFO]       v ID=5527487 | Pdam Sudah Pasang Pipa Lebih Dari 3 Bulan Lal | Lainnya terkait Layanan Air Minum
2026-04-01 09:26:34,564 [INFO]    Detail: https://www.lapor.go.id/laporan/detil/laporan-adanya-dugaan-pengeboman-ikan-destructive-fishing
2026-04-01 09:26:40,300 [INFO]       v ID=5551670 | Laporan adanya Dugaan Pengeboman Ikan (Destru | None
2026-04-01 09:26:43,847 [INFO]    Detail: https://www.lapor.go.id/laporan/detil/perdagangan-produk-atau-barang-palsu-atau-yang-juga-dikenal-dengan-barang-kw-2
2026-04-01 09:26:49,424 [INFO]       v ID=5556262 | Perdagangan Produk Atau Barang Palsu Atau Yan | Lainnya terkait Perdagangan
2026-04-01 09:26:52,436 [INFO]    Detail: https://www.lapor.go.id/laporan/detil/maraknya-penyelundupan-sepatu-bekas-ke-sumatra-sangat-merugikan-penjual-sepatu-baru
2026-04-01 09:26:59,954 [INFO]       v ID=5558280 | Maraknya Penyelundupan Sepatu Bekas Ke Sumatr | Lainnya terkait Perdagangan
2026-04-01 09:27:02,976 [INFO]    Detail: https://www.lapor.go.id/laporan/detil/keluhan-warga-terkait-lambannya-respon-dan-tidak-tegasnya-pemerintah-daerah-serta-berlarut-larutnya-proses-penyelesaian-permintaan-pembongkaran-pagar-panel-beton-yang-menutup-akses-jalan-umum-masyarakat-dan-meminta-tidak-ada-lagi-penambah
2026-04-01 09:27:08,984 [INFO]       v ID=5567793 | Keluhan Warga Terkait Lambannya Respon Dan Ti | Ketertiban Umum
2026-04-01 09:27:12,428 [INFO]    Detail: https://www.lapor.go.id/laporan/detil/laporan-covid-14
2026-04-01 09:27:19,607 [INFO]       v ID=5569924 | Laporan Covid | Kesetaraan Gender dan Sosial Inklusif
2026-04-01 09:27:22,690 [INFO]    Total terkumpul sejauh ini: 370 laporan

2026-04-01 09:27:26,002 [INFO] ── Halaman 38: https://www.lapor.go.id/kisah-sukses?page=38
2026-04-01 09:27:38,986 [INFO]    -> 10 laporan ditemukan
2026-04-01 09:27:38,986 [INFO]    Detail: https://www.lapor.go.id/laporan/detil/jalan-umum-rusak-5
2026-04-01 09:27:45,189 [INFO]       v ID=5588093 | Jalan Umum Rusak | Jalan Berlubang
2026-04-01 09:27:48,015 [INFO]    Detail: https://www.lapor.go.id/laporan/detil/keindahan-lingkungan
2026-04-01 09:27:53,843 [INFO]       v ID=5591852 | Keindahan Lingkungan | Lainnya terkait Pekerjaan Umum dan Penataan Ruang
2026-04-01 09:27:57,062 [INFO]    Detail: https://www.lapor.go.id/laporan/detil/pelayanan-nikah-di-kua-kecamatan-kotaagung-tanggamus-lampung-tidak-profesional
2026-04-01 09:28:02,315 [INFO]       v ID=5594170 | Pelayanan Nikah Di Kua Kecamatan Kotaagung, T | Lainnya terkait Pernikahan
2026-04-01 09:28:05,425 [INFO]    Detail: https://www.lapor.go.id/laporan/detil/masalah-sampah-kebersihan-lingkungan-hidup-kota-bitung
2026-04-01 09:28:10,602 [INFO]       v ID=5594377 | Masalah Sampah, Kebersihan Lingkungan Hidup K | Pencemaran Lingkungan
2026-04-01 09:28:13,622 [INFO]    Detail: https://www.lapor.go.id/laporan/detil/status-terdaftar-di-kemendikbud
2026-04-01 09:28:20,806 [INFO]       v ID=5608015 | Status Terdaftar Di Kemendikbud | Bantuan Sosial
2026-04-01 09:28:23,994 [INFO]    Detail: https://www.lapor.go.id/laporan/detil/adanya-pembuangan-limbah-di-dumoga-sulawesi-utara
2026-04-01 09:28:29,540 [INFO]       v ID=5610589 | adanya pembuangan limbah di Dumoga, Sulawesi  | None
2026-04-01 09:28:33,182 [INFO]    Detail: https://www.lapor.go.id/laporan/detil/mohon-penertiban-pemuda-yang-sering-membuat-keributan-di-sepanjang-jalan
2026-04-01 09:28:38,117 [INFO]       v ID=5623893 | Mohon Penertiban Pemuda Yang Sering Membuat K | Lainnya terkait Ketenteraman, Ketertiban Umum, dan Pelindungan Masyarakat
2026-04-01 09:28:40,460 [INFO]    Detail: https://www.lapor.go.id/laporan/detil/keributan-di-jalan-umum
2026-04-01 09:28:45,941 [INFO]       v ID=5639176 | Keributan Di Jalan Umum | Lainnya terkait Ketenteraman, Ketertiban Umum, dan Pelindungan Masyarakat
2026-04-01 09:28:49,672 [INFO]    Detail: https://www.lapor.go.id/laporan/detil/laporan-masyarakat-adanya-jual-beli-telur-penyu-di-pasar-bungi-kecamatan-lembang-kabupaten-pinrang-sulawesi-selatan
2026-04-01 09:28:56,252 [INFO]       v ID=5644357 | Laporan Masyarakat adanya jual beli Telur Pen | None
2026-04-01 09:28:59,260 [INFO]    Detail: https://www.lapor.go.id/laporan/detil/harga-tarif-bis-bima-suci-jurusan-merak-bekasi-tidak-wajar
2026-04-01 09:29:05,439 [INFO]       v ID=5655072 | Harga Tarif Bis Bima Suci Jurusan Merak - Bek | Transportasi Darat
2026-04-01 09:29:07,528 [INFO]    Total terkumpul sejauh ini: 380 laporan

2026-04-01 09:29:11,419 [INFO] ── Halaman 39: https://www.lapor.go.id/kisah-sukses?page=39
2026-04-01 09:29:26,798 [INFO]    -> 10 laporan ditemukan
2026-04-01 09:29:26,798 [INFO]    Detail: https://www.lapor.go.id/laporan/detil/lemparan-bola-golf-3
2026-04-01 09:29:32,380 [INFO]       v ID=5662886 | Lemparan Bola Golf | Lainnya terkait Ketenteraman, Ketertiban Umum, dan Pelindungan Masyarakat
2026-04-01 09:29:36,094 [INFO]    Detail: https://www.lapor.go.id/laporan/detil/terkait-perluasan-pemakaman-perwira-2
2026-04-01 09:29:43,113 [INFO]       v ID=5681708 | Terkait Perluasan Pemakaman Perwira | Topik Lainnya
2026-04-01 09:29:45,755 [INFO]    Detail: https://www.lapor.go.id/laporan/detil/suara-bising-16
2026-04-01 09:29:52,462 [INFO]       v ID=5693180 | Suara Bising | Lainnya terkait Ketenteraman, Ketertiban Umum, dan Pelindungan Masyarakat
2026-04-01 09:29:56,050 [INFO]    Detail: https://www.lapor.go.id/laporan/detil/garis-sepadan-jalan-di-jl-letjen-sarbini-margajaya-bekasi-selatan-2
2026-04-01 09:30:01,212 [INFO]       v ID=5695461 | Garis Sepadan Jalan Di Jl. Letjen Sarbini, Ma | Ketertiban Umum
2026-04-01 09:30:04,772 [INFO]    Detail: https://www.lapor.go.id/laporan/detil/tugas-kepala-desa-melebihi-wewenang-dan-kesewenang-wenangan
2026-04-01 09:30:12,648 [INFO]       v ID=5696607 | Tugas Kepala Desa Melebihi Wewenang Dan Kesew | Pemerintahan Desa
2026-04-01 09:30:15,983 [INFO]    Detail: https://www.lapor.go.id/laporan/detil/dugaan-adanya-kegiatan-destructive-fishing-di-bolaang-mongondow-utara
2026-04-01 09:30:22,992 [INFO]       v ID=5703166 | dugaan adanya kegiatan destructive fishing di | None
2026-04-01 09:30:25,172 [INFO]    Detail: https://www.lapor.go.id/laporan/detil/penertiban-garis-sempadan-jalan-di-jl-letjen-sarbini
2026-04-01 09:30:31,889 [INFO]       v ID=5720833 | Penertiban Garis Sempadan Jalan Di Jl. Letjen | Lainnya terkait Pekerjaan Umum dan Penataan Ruang
2026-04-01 09:30:35,169 [INFO]    Detail: https://www.lapor.go.id/laporan/detil/layanan-ptsp-kementerian-lingkungan-hidup-dan-kehutanan
2026-04-01 09:30:40,284 [INFO]       v ID=5729714 | Layanan Ptsp Kementerian Lingkungan Hidup Dan | Topik Lainnya
2026-04-01 09:30:42,611 [INFO]    Detail: https://www.lapor.go.id/laporan/detil/penunggakan-subsidi-ovo-alumni-pelatihan-kipan-jawa-tengah-2021-kemenpora-jawa-tengah
2026-04-01 09:30:48,505 [INFO]       v ID=5745234 | Penunggakan Subsidi Ovo Alumni Pelatihan Kipa | Topik Lainnya
2026-04-01 09:30:51,809 [INFO]    Detail: https://www.lapor.go.id/laporan/detil/panti-asuhan-fiktif-tempat-mabuk2an-2
2026-04-01 09:30:56,982 [INFO]       v ID=5751223 | Panti Asuhan Fiktif Tempat Mabuk2An | Lainnya terkait Ketenteraman, Ketertiban Umum, dan Pelindungan Masyarakat
2026-04-01 09:31:00,730 [INFO]    Total terkumpul sejauh ini: 390 laporan

2026-04-01 09:31:02,871 [INFO] ── Halaman 40: https://www.lapor.go.id/kisah-sukses?page=40
2026-04-01 09:31:19,620 [INFO]    -> 10 laporan ditemukan
2026-04-01 09:31:19,620 [INFO]    Detail: https://www.lapor.go.id/laporan/detil/bantua-sosial-202303210828351679362115845
2026-04-01 09:31:26,052 [INFO]       v ID=5757302 | Bantua Sosial | Bantuan Sosial
2026-04-01 09:31:29,501 [INFO]    Detail: https://www.lapor.go.id/laporan/detil/bpnt-240
2026-04-01 09:31:35,579 [INFO]       v ID=5782749 | Bpnt | Bantuan Pangan Non Tunan (BPNT)
2026-04-01 09:31:37,947 [INFO]    Detail: https://www.lapor.go.id/laporan/detil/nik-ktp-belum-terupdate
2026-04-01 09:31:43,670 [INFO]       v ID=5819523 | Nik Ktp Belum Terupdate | Administrasi Kependudukan dan Pencatatan Sipil
2026-04-01 09:31:46,419 [INFO]    Detail: https://www.lapor.go.id/laporan/detil/kecurangan-dalam-penerimaan-bansos
2026-04-01 09:31:51,489 [INFO]       v ID=5838765 | Kecurangan Dalam Penerimaan Bansos | Admin Bansos Daerah Covid
2026-04-01 09:31:53,942 [INFO]    Detail: https://www.lapor.go.id/laporan/detil/penolakan-permohonan-manual-kartu-garansi
2026-04-01 09:32:00,435 [INFO]       v ID=5852356 | Penolakan Permohonan Manual Kartu Garansi | Perdagangan
2026-04-01 09:32:03,679 [INFO]    Detail: https://www.lapor.go.id/laporan/detil/data-sertifikasi
2026-04-01 09:32:09,053 [INFO]       v ID=5853889 | Data Sertifikasi | Lainnya terkait Pendidikan dan Kebudayaan
2026-04-01 09:32:12,092 [INFO]    Detail: https://www.lapor.go.id/laporan/detil/lapor-kecurangan-bansos
2026-04-01 09:32:19,488 [INFO]       v ID=5865606 | Lapor Kecurangan Bansos | Data Terpadu Kesejahteraan Sosial (DTKS)
2026-04-01 09:32:22,478 [INFO]    Detail: https://www.lapor.go.id/laporan/detil/penerbitan-sertifikat-bpn-melalui-program-prona
2026-04-01 09:32:31,268 [INFO]       v ID=5866942 | Penerbitan Sertifikat Bpn Melalui Program Pro | Sertifikat Tanah
2026-04-01 09:32:33,663 [INFO]    Detail: https://www.lapor.go.id/laporan/detil/vaksinasi-universitas-teknik-pakuan-kelurahan-tegalega-chaos
2026-04-01 09:32:40,685 [INFO]       v ID=5870234 | Vaksinasi Universitas Teknik Pakuan Kelurahan | Pelayanan Kesehatan lain yang terdampak akibat COVID-19
2026-04-01 09:32:43,515 [INFO]    Detail: https://www.lapor.go.id/laporan/detil/laporan-pengaduan-secara-langsung-oleh-masyarakat-tentang-penambangan-pasir-di-jiko-belanga-bolaang-mongondow-timur
2026-04-01 09:32:52,966 [INFO]       v ID=5888056 | laporan pengaduan secara langsung oleh masyar | None
2026-04-01 09:32:55,131 [INFO]    Total terkumpul sejauh ini: 400 laporan

2026-04-01 09:32:58,060 [INFO] ── Halaman 41: https://www.lapor.go.id/kisah-sukses?page=41
2026-04-01 09:33:13,145 [INFO]    -> 10 laporan ditemukan
2026-04-01 09:33:13,145 [INFO]    Detail: https://www.lapor.go.id/laporan/detil/laporan-masyarakat-tentang-adanya-penyu-hijau-yang-terjaring-di-salah-satu-pukat-milik-nelayan-desa-tinakin-laut
2026-04-01 09:33:20,144 [INFO]       v ID=5888089 | laporan masyarakat tentang adanya penyu hijau | None
2026-04-01 09:33:23,604 [INFO]    Detail: https://www.lapor.go.id/laporan/detil/pohon-pinus-rawan-tumbang-dan-bisa-menimpa-masyarakat-yang-melintas
2026-04-01 09:33:30,734 [INFO]       v ID=5889143 | Pohon Pinus Rawan Tumbang Dan Bisa Menimpa Ma | Lainnya terkait Lingkungan Hidup dan Kehutanan
2026-04-01 09:33:33,753 [INFO]    Detail: https://www.lapor.go.id/laporan/detil/jalan-rusak-1359
2026-04-01 09:33:40,469 [INFO]       v ID=5899370 | Jalan Rusak | Lainnya terkait Infrastruktur Jalan
2026-04-01 09:33:42,597 [INFO]    Detail: https://www.lapor.go.id/laporan/detil/pendaftaran-npb-asam-sulfat
2026-04-01 09:33:49,393 [INFO]       v ID=5912798 | Pendaftaran Npb Asam Sulfat | Intrade/ Perizinanan Perdagangan
2026-04-01 09:33:52,789 [INFO]    Detail: https://www.lapor.go.id/laporan/detil/toilet-bayar-2
2026-04-01 09:33:59,449 [INFO]       v ID=5916512 | Toilet Bayar | Topik Lainnya
2026-04-01 09:34:02,583 [INFO]    Detail: https://www.lapor.go.id/laporan/detil/tempat-pembuangan-sampahkebersihan
2026-04-01 09:34:09,803 [INFO]       v ID=5918710 | Tempat Pembuangan Sampah/kebersihan | Lainnya terkait Lingkungan Hidup dan Kehutanan
2026-04-01 09:34:12,830 [INFO]    Detail: https://www.lapor.go.id/laporan/detil/jalan-rusak-202303052100531678024853671
2026-04-01 09:34:22,577 [INFO]       v ID=5920929 | jalan rusak | Infrastruktur Jalan
2026-04-01 09:34:25,321 [INFO]    Detail: https://www.lapor.go.id/laporan/detil/bedah-rumah-48
2026-04-01 09:34:33,517 [INFO]       v ID=5924440 | Bedah Rumah | Lainnya terkait Bantuan Sosial
2026-04-01 09:34:36,415 [INFO]    Detail: https://www.lapor.go.id/laporan/detil/guru-yang-sudah-tidak-mengajar-namun-masih-menerima-sertifikasi
2026-04-01 09:34:43,668 [INFO]       v ID=5933898 | Guru Yang Sudah Tidak Mengajar Namun Masih Me | Pendidikan Dasar dan Menengah
2026-04-01 09:34:46,275 [INFO]    Detail: https://www.lapor.go.id/laporan/detil/banjir-berkepanjangan
2026-04-01 09:34:54,696 [INFO]       v ID=5944158 | Banjir Berkepanjangan | Lainnya terkait Pekerjaan Umum dan Penataan Ruang
2026-04-01 09:34:58,248 [INFO]    Total terkumpul sejauh ini: 410 laporan

2026-04-01 09:35:00,456 [INFO] ── Halaman 42: https://www.lapor.go.id/kisah-sukses?page=42
2026-04-01 09:35:11,642 [WARNING] Attempt 1/3 gagal (https://www.lapor.go.id/kisah-sukses?page=42): ('Connection aborted.', RemoteDisconnected('Remote end closed connection without response'))
2026-04-01 09:35:33,196 [INFO]    -> 10 laporan ditemukan
2026-04-01 09:35:33,196 [INFO]    Detail: https://www.lapor.go.id/laporan/detil/bantuan-bedah-rumah-51
2026-04-01 09:36:03,197 [WARNING] Timeout attempt 1/3: https://www.lapor.go.id/laporan/detil/bantuan-bedah-rumah-51
2026-04-01 09:36:20,397 [WARNING] Attempt 2/3 gagal (https://www.lapor.go.id/laporan/detil/bantuan-bedah-rumah-51): HTTPSConnectionPool(host='www.lapor.go.id', port=443): Max retries exceeded with url: /laporan/detil/bantuan-bedah-rumah-51 (Caused by NewConnectionError('<urllib3.connection.HTTPSConnection object at 0x000001DD45475430>: Failed to establish a new connection: [WinError 10051] A socket operation was attempted to an unreachable network'))
2026-04-01 09:36:29,208 [INFO]       v ID=5948159 | Bantuan Bedah Rumah | Topik Lainnya
2026-04-01 09:36:31,421 [INFO]    Detail: https://www.lapor.go.id/laporan/detil/program-bedah-rumah-16
2026-04-01 09:36:37,863 [INFO]       v ID=5948273 | Program Bedah Rumah | Topik Lainnya
2026-04-01 09:36:40,253 [INFO]    Detail: https://www.lapor.go.id/laporan/detil/informasi-mengenai-transmigrasi-pada-tahun-2022
2026-04-01 09:37:10,263 [WARNING] Timeout attempt 1/3: https://www.lapor.go.id/laporan/detil/informasi-mengenai-transmigrasi-pada-tahun-2022
2026-04-01 09:37:12,265 [WARNING] Attempt 2/3 gagal (https://www.lapor.go.id/laporan/detil/informasi-mengenai-transmigrasi-pada-tahun-2022): HTTPSConnectionPool(host='www.lapor.go.id', port=443): Max retries exceeded with url: /laporan/detil/informasi-mengenai-transmigrasi-pada-tahun-2022 (Caused by NameResolutionError("<urllib3.connection.HTTPSConnection object at 0x000001DD454776B0>: Failed to resolve 'www.lapor.go.id' ([Errno 11001] getaddrinfo failed)"))
2026-04-01 09:37:20,267 [WARNING] Attempt 3/3 gagal (https://www.lapor.go.id/laporan/detil/informasi-mengenai-transmigrasi-pada-tahun-2022): HTTPSConnectionPool(host='www.lapor.go.id', port=443): Max retries exceeded with url: /laporan/detil/informasi-mengenai-transmigrasi-pada-tahun-2022 (Caused by NameResolutionError("<urllib3.connection.HTTPSConnection object at 0x000001DD45477170>: Failed to resolve 'www.lapor.go.id' ([Errno 11001] getaddrinfo failed)"))
2026-04-01 09:37:32,269 [ERROR] Semua percobaan gagal: https://www.lapor.go.id/laporan/detil/informasi-mengenai-transmigrasi-pada-tahun-2022
2026-04-01 09:37:32,269 [WARNING]       x Gagal parse, skip.
2026-04-01 09:37:35,809 [INFO]    Detail: https://www.lapor.go.id/laporan/detil/warga-yang-mampu-ekonominya-kaya-ternyata-menerima-bantuan-sosial-pbi
2026-04-01 09:37:35,813 [WARNING] Attempt 1/3 gagal (https://www.lapor.go.id/laporan/detil/warga-yang-mampu-ekonominya-kaya-ternyata-menerima-bantuan-sosial-pbi): HTTPSConnectionPool(host='www.lapor.go.id', port=443): Max retries exceeded with url: /laporan/detil/warga-yang-mampu-ekonominya-kaya-ternyata-menerima-bantuan-sosial-pbi (Caused by NameResolutionError("<urllib3.connection.HTTPSConnection object at 0x000001DD45474F20>: Failed to resolve 'www.lapor.go.id' ([Errno 11001] getaddrinfo failed)"))
2026-04-01 09:37:39,817 [WARNING] Attempt 2/3 gagal (https://www.lapor.go.id/laporan/detil/warga-yang-mampu-ekonominya-kaya-ternyata-menerima-bantuan-sosial-pbi): HTTPSConnectionPool(host='www.lapor.go.id', port=443): Max retries exceeded with url: /laporan/detil/warga-yang-mampu-ekonominya-kaya-ternyata-menerima-bantuan-sosial-pbi (Caused by NameResolutionError("<urllib3.connection.HTTPSConnection object at 0x000001DD45476BD0>: Failed to resolve 'www.lapor.go.id' ([Errno 11001] getaddrinfo failed)"))
2026-04-01 09:37:47,821 [WARNING] Attempt 3/3 gagal (https://www.lapor.go.id/laporan/detil/warga-yang-mampu-ekonominya-kaya-ternyata-menerima-bantuan-sosial-pbi): HTTPSConnectionPool(host='www.lapor.go.id', port=443): Max retries exceeded with url: /laporan/detil/warga-yang-mampu-ekonominya-kaya-ternyata-menerima-bantuan-sosial-pbi (Caused by NameResolutionError("<urllib3.connection.HTTPSConnection object at 0x000001DD45476EA0>: Failed to resolve 'www.lapor.go.id' ([Errno 11001] getaddrinfo failed)"))
2026-04-01 09:37:59,821 [ERROR] Semua percobaan gagal: https://www.lapor.go.id/laporan/detil/warga-yang-mampu-ekonominya-kaya-ternyata-menerima-bantuan-sosial-pbi
2026-04-01 09:37:59,821 [WARNING]       x Gagal parse, skip.
2026-04-01 09:38:02,055 [INFO]    Detail: https://www.lapor.go.id/laporan/detil/acara-tayangan-tv-nasional-menampilkan-pengunanan-alat-setrum-ikan
2026-04-01 09:38:32,499 [WARNING] Timeout attempt 1/3: https://www.lapor.go.id/laporan/detil/acara-tayangan-tv-nasional-menampilkan-pengunanan-alat-setrum-ikan
2026-04-01 09:38:43,501 [INFO]       v ID=5966845 | Acara Tayangan Tv Nasional Menampilkan Pengun | Kelautan dan Perikanan
2026-04-01 09:38:45,928 [INFO]    Detail: https://www.lapor.go.id/laporan/detil/dampak-ekonomi-terkait-laporan-ke-polisi
2026-04-01 09:38:52,695 [INFO]       v ID=5994288 | Dampak Ekonomi Terkait Laporan Ke Polisi | Lainnya terkait Ketenteraman, Ketertiban Umum, dan Pelindungan Masyarakat
2026-04-01 09:38:55,805 [INFO]    Detail: https://www.lapor.go.id/laporan/detil/pengambilan-bst-dan-blt-migor-bukan-penerimanyanama-yang-bersangkutanatau-ahli-warisnya
2026-04-01 09:39:03,636 [INFO]       v ID=6005018 | Pengambilan Bst Dan Blt Migor Bukan Peneriman | Bantuan Sosial
2026-04-01 09:39:06,342 [INFO]    Detail: https://www.lapor.go.id/laporan/detil/lampu-pju-dari-kemenhub-hidup-siang-hari-dan-mati-malam-hari
2026-04-01 09:39:12,974 [INFO]       v ID=6005839 | Lampu Pju Dari Kemenhub Hidup Siang Hari Dan  | Lainnya terkait Perhubungan
2026-04-01 09:39:15,300 [INFO]    Detail: https://www.lapor.go.id/laporan/detil/pengaduan-pln-14
2026-04-01 09:39:23,276 [INFO]       v ID=6009338 | Pengaduan Pln | Topik Lainnya
2026-04-01 09:39:26,563 [INFO]    Detail: https://www.lapor.go.id/laporan/detil/warung-mie-berisik-2
2026-04-01 09:39:35,281 [INFO]       v ID=6013058 | Warung Mie Berisik | Ketertiban Umum
2026-04-01 09:39:38,268 [INFO]    Total terkumpul sejauh ini: 418 laporan

2026-04-01 09:39:42,046 [INFO] ── Halaman 43: https://www.lapor.go.id/kisah-sukses?page=43
2026-04-01 09:39:57,381 [INFO]    -> 10 laporan ditemukan
2026-04-01 09:39:57,381 [INFO]    Detail: https://www.lapor.go.id/laporan/detil/kisruh-penyeberangan-ketapang-banyuwangi-lembar-ntb
2026-04-01 09:40:07,132 [INFO]       v ID=6013610 | Kisruh Penyeberangan Ketapang Banyuwangi - Le | Lainnya terkait Perhubungan
2026-04-01 09:40:10,144 [INFO]    Detail: https://www.lapor.go.id/laporan/detil/jalan-longsor-dan-rusak
2026-04-01 09:40:21,214 [WARNING] Attempt 1/3 gagal (https://www.lapor.go.id/laporan/detil/jalan-longsor-dan-rusak): ('Connection aborted.', RemoteDisconnected('Remote end closed connection without response'))
2026-04-01 09:40:26,675 [INFO]       v ID=6021187 | Jalan Longsor Dan Rusak | Infrastruktur Jalan
2026-04-01 09:40:29,198 [INFO]    Detail: https://www.lapor.go.id/laporan/detil/kebijakan-dzolim-semena-mena-plt-sekretaris-disperkim-kota-samarinda-terhadap-gaji-pttb-dan-ptth
2026-04-01 09:40:34,559 [INFO]       v ID=6023768 | Kebijakan Dzolim Semena-Mena Plt. Sekretaris  | SP4N-LAPOR!
2026-04-01 09:40:37,469 [INFO]    Detail: https://www.lapor.go.id/laporan/detil/penggunaan-keuangan-desa-yang-tidak-tepat
2026-04-01 09:40:42,247 [INFO]       v ID=6023981 | Penggunaan Keuangan Desa Yang Tidak Tepat | Lainnya terkait Ekonomi dan Keuangan
2026-04-01 09:40:45,170 [INFO]    Detail: https://www.lapor.go.id/laporan/detil/kurang-baiknya-pelayanan-kesehatan-di-rsud
2026-04-01 09:40:51,841 [INFO]       v ID=6026607 | Kurang Baiknya Pelayanan Kesehatan Di Rsud | Kualitas Pelayanan Kesehatan
2026-04-01 09:40:53,907 [INFO]    Detail: https://www.lapor.go.id/laporan/detil/rtlh-di-abaikan-pemerintah-pasuruan
2026-04-01 09:40:59,241 [INFO]       v ID=6028406 | Rtlh Di Abaikan Pemerintah Pasuruan | BLSM (Bantuan Langsung Sementara Masyarakat)
2026-04-01 09:41:03,152 [INFO]    Detail: https://www.lapor.go.id/laporan/detil/laporan-peternakan-di-pemukiman-warga
2026-04-01 09:41:08,676 [INFO]       v ID=6028675 | Laporan Peternakan Di Pemukiman Warga | Lainnya terkait Ketenteraman, Ketertiban Umum, dan Pelindungan Masyarakat
2026-04-01 09:41:12,694 [INFO]    Detail: https://www.lapor.go.id/laporan/detil/siswa-di-wajibkan-mengerjakan-modul-orang-tua-di-buat-pusing
2026-04-01 09:41:18,324 [INFO]       v ID=6029109 | Siswa Di Wajibkan Mengerjakan Modul Orang Tua | Pendidikan Dasar dan Menengah
2026-04-01 09:41:20,938 [INFO]    Detail: https://www.lapor.go.id/laporan/detil/pengaduan-pln-22
2026-04-01 09:41:26,173 [INFO]       v ID=6033200 | Pengaduan Pln | Topik Lainnya
2026-04-01 09:41:29,369 [INFO]    Detail: https://www.lapor.go.id/laporan/detil/pengaduan-pln-25
2026-04-01 09:41:35,367 [INFO]       v ID=6039249 | Pengaduan Pln | Topik Lainnya
2026-04-01 09:41:38,703 [INFO]    Total terkumpul sejauh ini: 428 laporan

2026-04-01 09:41:40,968 [INFO] ── Halaman 44: https://www.lapor.go.id/kisah-sukses?page=44
2026-04-01 09:41:56,336 [INFO]    -> 10 laporan ditemukan
2026-04-01 09:41:56,336 [INFO]    Detail: https://www.lapor.go.id/laporan/detil/pengaduan-pln-27
2026-04-01 09:42:16,201 [INFO]       v ID=6043214 | Pengaduan Pln | Topik Lainnya
2026-04-01 09:42:18,305 [INFO]    Detail: https://www.lapor.go.id/laporan/detil/seleksi-penerimaan-siswa-sman1-agak-rancu
2026-04-01 09:42:26,426 [INFO]       v ID=6056319 | Seleksi Penerimaan Siswa Sman1 Agak Rancu | Lainnya terkait Pendidikan dan Kebudayaan
2026-04-01 09:42:28,718 [INFO]    Detail: https://www.lapor.go.id/laporan/detil/ingin-tau-ppid
2026-04-01 09:42:52,226 [INFO]       v ID=6056592 | Ingin Tau Ppid | Topik Lainnya
2026-04-01 09:42:55,554 [INFO]    Detail: https://www.lapor.go.id/laporan/detil/pelanggaran-undang-undang-ketenagakerjaan
2026-04-01 09:43:01,690 [INFO]       v ID=6057448 | Pelanggaran Undang Undang Ketenagakerjaan | Hak Pekerja
2026-04-01 09:43:04,617 [INFO]    Detail: https://www.lapor.go.id/laporan/detil/tuntutan-warga-masyarakat-pemalang-kepada-bupati-untuk-mengembalikan-slogan-ikhlas-pada-gapura-ikonik-di-gandulan
2026-04-01 09:43:10,915 [INFO]       v ID=6057791 | Tuntutan Warga Masyarakat Pemalang Kepada Bup | Topik Lainnya
2026-04-01 09:43:13,196 [INFO]    Detail: https://www.lapor.go.id/laporan/detil/nama-kartu-keluarga-sejahtera-berbeda-di-ktp
2026-04-01 09:43:18,576 [INFO]       v ID=6058817 | Nama Kartu Keluarga Sejahtera Berbeda Di Ktp | KKS Program Sembako
2026-04-01 09:43:21,841 [INFO]    Detail: https://www.lapor.go.id/laporan/detil/permohonan-pemasangan-penerangan-jalan-3
2026-04-01 09:43:28,036 [INFO]       v ID=6059550 | Permohonan Pemasangan Penerangan Jalan | Penerangan Jalan
2026-04-01 09:43:30,409 [INFO]    Detail: https://www.lapor.go.id/laporan/detil/penyalahgunaan-wewenang-dan-permohonan-untuk-pemprov-jatim
2026-04-01 09:43:36,894 [INFO]       v ID=6060379 | Penyalahgunaan Wewenang Dan Permohonan Untuk  | Ketertiban Umum
2026-04-01 09:43:40,088 [INFO]    Detail: https://www.lapor.go.id/laporan/detil/jalan-tak-layak-di-perumahan
2026-04-01 09:43:49,286 [INFO]       v ID=6062361 | Jalan Tak Layak Di Perumahan | Lainnya terkait Ketenteraman, Ketertiban Umum, dan Pelindungan Masyarakat
2026-04-01 09:43:52,383 [INFO]    Detail: https://www.lapor.go.id/laporan/detil/informasi-kementerianlembaga-pemerintah-yang-dapat-menekanmemerintah-secara-langsung-kementerian-sosial
2026-04-01 09:43:58,364 [INFO]       v ID=6067119 | Informasi Kementerian/Lembaga Pemerintah Yang | Bantuan Sosial
2026-04-01 09:44:01,934 [INFO]    Total terkumpul sejauh ini: 438 laporan

2026-04-01 09:44:04,053 [INFO] ── Halaman 45: https://www.lapor.go.id/kisah-sukses?page=45
2026-04-01 09:44:21,447 [INFO]    -> 10 laporan ditemukan
2026-04-01 09:44:21,447 [INFO]    Detail: https://www.lapor.go.id/laporan/detil/perihal-orang-dalam-gangguan-jiwa-odgj
2026-04-01 09:44:28,278 [INFO]       v ID=6067665 | Perihal Orang Dalam Gangguan Jiwa (ODGJ) | Lainnya terkait Sosial dan Kesejahteraan
2026-04-01 09:44:30,965 [INFO]    Detail: https://www.lapor.go.id/laporan/detil/sarana-penyimpanan-arsip-aktif-jangan-hanya-filing-cabinet
2026-04-01 09:44:39,264 [INFO]       v ID=6071176 | Sarana Penyimpanan Arsip Aktif Jangan Hanya F | Lainnya terkait Administrasi Kependudukan dan Pencatatan Sipil
2026-04-01 09:44:41,435 [INFO]    Detail: https://www.lapor.go.id/laporan/detil/pelayanan-puskesmas-imogiri-2
2026-04-01 09:44:47,712 [INFO]       v ID=6080004 | Pelayanan Puskesmas Imogiri 2 | Pelayanan Kesehatan
2026-04-01 09:44:51,182 [INFO]    Detail: https://www.lapor.go.id/laporan/detil/gagal-panen-karena-tikus
2026-04-01 09:44:58,198 [INFO]       v ID=6081866 | Gagal Panen Karena Tikus | Penanggulangan Bencana Pertanian
2026-04-01 09:45:01,350 [INFO]    Detail: https://www.lapor.go.id/laporan/detil/permohonan-data-area-internet-gratis
2026-04-01 09:45:08,050 [INFO]       v ID=6091156 | Permohonan Data Area Internet Gratis | Jaringan Internet
2026-04-01 09:45:10,166 [INFO]    Detail: https://www.lapor.go.id/laporan/detil/sengketa-tanah-kampung-serab-kelurahan-tirtajaya-kota-depok
2026-04-01 09:45:18,232 [INFO]       v ID=6097094 | Sengketa Tanah Kampung Serab Kelurahan Tirtaj | Sengketa Tanah
2026-04-01 09:45:21,536 [INFO]    Detail: https://www.lapor.go.id/laporan/detil/merubah-data-di-kemensos
2026-04-01 09:45:28,280 [INFO]       v ID=6098071 | Merubah Data Di Kemensos | Topik Lainnya
2026-04-01 09:45:31,610 [INFO]    Detail: https://www.lapor.go.id/laporan/detil/arogansi-kepala-sekolah-sma-1-lingga-bayu-mandailing-natal-yang-tidak-mau-mengeluarkan-data-anak-yang-sudah-tidak-bersekolah-di-sekolah-tersebut-dari-dapodik-tanpa-alasan-yang-jelas
2026-04-01 09:45:39,305 [INFO]       v ID=6099714 | Arogansi Kepala Sekolah Sma 1 Lingga Bayu Man | Lainnya terkait Pendidikan dan Kebudayaan
2026-04-01 09:45:41,744 [INFO]    Detail: https://www.lapor.go.id/laporan/detil/bantuan-bansos-hilang
2026-04-01 09:45:50,847 [INFO]       v ID=6103749 | Bantuan Bansos Hilang | Kepuasan Konsumen
2026-04-01 09:45:54,797 [INFO]    Detail: https://www.lapor.go.id/laporan/detil/bantuan-sosial-1534
2026-04-01 09:46:02,835 [INFO]       v ID=6104495 | Bantuan Sosial | Bantuan Sosial
2026-04-01 09:46:05,666 [INFO]    Total terkumpul sejauh ini: 448 laporan

2026-04-01 09:46:07,732 [INFO] ── Halaman 46: https://www.lapor.go.id/kisah-sukses?page=46
2026-04-01 09:46:24,244 [INFO]    -> 10 laporan ditemukan
2026-04-01 09:46:24,244 [INFO]    Detail: https://www.lapor.go.id/laporan/detil/ketidak-jelasan-kinerja-bpn
2026-04-01 09:46:30,002 [INFO]       v ID=6105177 | Ketidak Jelasan Kinerja Bpn | Sertifikat Tanah
2026-04-01 09:46:32,070 [INFO]    Detail: https://www.lapor.go.id/laporan/detil/cabut-data-diri-saya-dari-kemensos
2026-04-01 09:46:38,345 [INFO]       v ID=6113845 | Cabut Data Diri Saya Dari Kemensos | Perlindungan Konsumen
2026-04-01 09:46:41,708 [INFO]    Detail: https://www.lapor.go.id/laporan/detil/komplain-perumnas-parayasa-2
2026-04-01 09:46:47,793 [INFO]       v ID=6122166 | Komplain Perumnas Parayasa | Perlindungan Konsumen terkait Perumahan
2026-04-01 09:46:50,589 [INFO]    Detail: https://www.lapor.go.id/laporan/detil/bantuan-dana-seroja-ntt
2026-04-01 09:46:57,050 [INFO]       v ID=6123454 | Bantuan Dana Seroja Ntt | SP4N-LAPOR!
2026-04-01 09:46:59,180 [INFO]    Detail: https://www.lapor.go.id/laporan/detil/pengaduan-masyarakat-melalui-media-sosial-twitter-akun-at-laudemsyarif-tanggal-13-agustus-2022-terkait-penambangan-terumbu-karang-oleh-pt-bhineka-manca-wisata-bmw
2026-04-01 09:47:05,614 [INFO]       v ID=6128877 | Pengaduan masyarakat melalui media sosial Twi | None
2026-04-01 09:47:08,806 [INFO]    Detail: https://www.lapor.go.id/laporan/detil/petugas-booster-yang-melayani-dengan-tidak-sopan-dan-malas-malasan
2026-04-01 09:47:19,374 [INFO]       v ID=6134127 | Petugas Booster Yang Melayani Dengan Tidak So | Pelayanan Kesehatan
2026-04-01 09:47:22,668 [INFO]    Detail: https://www.lapor.go.id/laporan/detil/pembayaran-uang-kios-untuk-masuk-ke-pasar-nauli-sibolga-yang-baru-3
2026-04-01 09:47:31,377 [INFO]       v ID=6135338 | Pembayaran Uang Kios Untuk Masuk Ke Pasar Nau | Lainnya terkait Korupsi, Kolusi, dan Nepotisme
2026-04-01 09:47:34,468 [INFO]    Detail: https://www.lapor.go.id/laporan/detil/tutup-manhole-saluran-air-balongsari-giii-roboh-2
2026-04-01 09:47:41,361 [INFO]       v ID=6136821 | Tutup Manhole Saluran Air Balongsari Giii Rob | Drainase (Gorong-Gorong/Parit)
2026-04-01 09:47:43,858 [INFO]    Detail: https://www.lapor.go.id/laporan/detil/pengaduan-tower-bts-di-metro-utara
2026-04-01 09:47:53,846 [INFO]       v ID=6137446 | PENGADUAN TOWER BTS DI METRO UTARA | None
2026-04-01 09:47:56,195 [INFO]    Detail: https://www.lapor.go.id/laporan/detil/tunjangan-khusus-15
2026-04-01 09:48:02,747 [INFO]       v ID=6137519 | Tunjangan Khusus | Guru dan Tenaga Kependidikan (GTK)
2026-04-01 09:48:05,899 [INFO]    Total terkumpul sejauh ini: 458 laporan

2026-04-01 09:48:07,971 [INFO] ── Halaman 47: https://www.lapor.go.id/kisah-sukses?page=47
2026-04-01 09:48:26,767 [INFO]    -> 10 laporan ditemukan
2026-04-01 09:48:26,767 [INFO]    Detail: https://www.lapor.go.id/laporan/detil/pengaduan-bansos-295
2026-04-01 09:48:33,162 [INFO]       v ID=6139828 | Pengaduan Bansos | Bansos Digital 2021
2026-04-01 09:48:35,978 [INFO]    Detail: https://www.lapor.go.id/laporan/detil/permohonan-informasi-pencairan-honoraium-gtt-ptt
2026-04-01 09:48:44,964 [INFO]       v ID=6140648 | Permohonan Informasi Pencairan Honoraium Gtt  | Tenaga Honorer
2026-04-01 09:48:47,807 [INFO]    Detail: https://www.lapor.go.id/laporan/detil/pelayanan-skck-polda-jatim-2
2026-04-01 09:48:56,269 [INFO]       v ID=6151286 | Pelayanan Skck Polda Jatim | Lainnya terkait Ketenteraman, Ketertiban Umum, dan Pelindungan Masyarakat
2026-04-01 09:48:58,991 [INFO]    Detail: https://www.lapor.go.id/laporan/detil/jembatan-penghubung-sukawangi-desa-sukamekar-babelan
2026-04-01 09:49:06,697 [INFO]       v ID=6152625 | Jembatan Penghubung Sukawangi Desa Sukamekar  | Lainnya terkait Pembangunan Desa, Daerah Tertinggal, dan Transmigrasi
2026-04-01 09:49:09,132 [INFO]    Detail: https://www.lapor.go.id/laporan/detil/jalan-pengasinan-raya-selalu-banjir-saat-hujan
2026-04-01 09:49:15,204 [INFO]       v ID=6155484 | Jalan Pengasinan Raya Selalu Banjir Saat Huja | Infrastruktur Jalan
2026-04-01 09:49:18,532 [INFO]    Detail: https://www.lapor.go.id/laporan/detil/rsud-cilacap-2
2026-04-01 09:49:24,782 [INFO]       v ID=6157809 | Rsud Cilacap | Pelayanan Kesehatan
2026-04-01 09:49:28,564 [INFO]    Detail: https://www.lapor.go.id/laporan/detil/semerawutnya-lapak-pedagang-dan-tidak-tersedianya-air-listrik
2026-04-01 09:49:34,639 [INFO]       v ID=6165133 | Semerawutnya Lapak Pedagang Dan Tidak Tersedi | Pasar
2026-04-01 09:49:37,760 [INFO]    Detail: https://www.lapor.go.id/laporan/detil/permohonan-bantuan-204
2026-04-01 09:49:43,832 [INFO]       v ID=6166635 | Permohonan Bantuan | Lainnya terkait Ekonomi dan Keuangan
2026-04-01 09:49:47,565 [INFO]    Detail: https://www.lapor.go.id/laporan/detil/pemerintah-aceh-besar-tidak-bijak-mengelola-uang-daerah
2026-04-01 09:49:53,328 [INFO]       v ID=6176040 | Pemerintah Aceh Besar Tidak Bijak Mengelola U | Anggaran dan Perbendaharaan
2026-04-01 09:49:55,606 [INFO]    Detail: https://www.lapor.go.id/laporan/detil/laporan-pengaduan-157
2026-04-01 09:50:02,646 [INFO]       v ID=6180543 | Laporan Pengaduan | Topik Lainnya
2026-04-01 09:50:06,080 [INFO]    Total terkumpul sejauh ini: 468 laporan

2026-04-01 09:50:08,856 [INFO] ── Halaman 48: https://www.lapor.go.id/kisah-sukses?page=48
2026-04-01 09:50:25,588 [INFO]    -> 10 laporan ditemukan
2026-04-01 09:50:25,588 [INFO]    Detail: https://www.lapor.go.id/laporan/detil/banjir-295
2026-04-01 09:50:33,632 [INFO]       v ID=6185626 | Banjir | Banjir
2026-04-01 09:50:35,903 [INFO]    Detail: https://www.lapor.go.id/laporan/detil/izin-isp
2026-04-01 09:50:50,791 [INFO]       v ID=6186809 | Izin Isp | Jaringan Internet
2026-04-01 09:50:53,285 [INFO]    Detail: https://www.lapor.go.id/laporan/detil/lapor-nama-terdaftar-banson-padahal-tidak-menerima-bantuan
2026-04-01 09:51:00,795 [INFO]       v ID=6189772 | Lapor Nama Terdaftar Banson Padahal Tidak Men | Bantuan Sosial
2026-04-01 09:51:04,242 [INFO]    Detail: https://www.lapor.go.id/laporan/detil/selalu-gagal-daftar-prakerja-karna-nik-terdaftar-bansos-padahal-tidak-menerima-bantuan
2026-04-01 09:51:10,239 [INFO]       v ID=6193484 | Selalu Gagal Daftar Prakerja Karna Nik Terdaf | Bansos Digital 2021
2026-04-01 09:51:12,561 [INFO]    Detail: https://www.lapor.go.id/laporan/detil/mohon-karawang-diperhatikan
2026-04-01 09:51:19,657 [INFO]       v ID=6195020 | Mohon Karawang Diperhatikan | Lainnya terkait Infrastruktur Jalan
2026-04-01 09:51:22,572 [INFO]    Detail: https://www.lapor.go.id/laporan/detil/laporan-belum-diverifikasi-9
2026-04-01 09:51:35,961 [INFO]       v ID=6195030 | Laporan Belum Diverifikasi | Guru dan Tenaga Kependidikan (GTK)
2026-04-01 09:51:38,921 [INFO]    Detail: https://www.lapor.go.id/laporan/detil/pengaduan-penginapan-kartika-candra-gilimanuk-yang-tidak-berattittude
2026-04-01 09:51:44,490 [INFO]       v ID=6196177 | Pengaduan Penginapan Kartika Candra Gilimanuk | Pelecehan Seksual
2026-04-01 09:51:48,342 [INFO]    Detail: https://www.lapor.go.id/laporan/detil/hukum-mendirikan-bangunan-diatas-sungai
2026-04-01 09:51:54,383 [INFO]       v ID=6198717 | Hukum Mendirikan Bangunan Diatas Sungai | Pencemaran Lingkungan
2026-04-01 09:51:57,197 [INFO]    Detail: https://www.lapor.go.id/laporan/detil/spam-call
2026-04-01 09:52:02,901 [INFO]       v ID=6208849 | Spam Call | Blokir Nomor Telepon
2026-04-01 09:52:06,247 [INFO]    Detail: https://www.lapor.go.id/laporan/detil/jalan-rusak-dan-tidak-ada-lampu-jalan-masuk-dusun-suka-menang-desa-way-layap
2026-04-01 09:52:13,712 [INFO]       v ID=6210841 | Jalan Rusak Dan Tidak Ada Lampu Jalan Masuk D | SP4N-LAPOR!
2026-04-01 09:52:16,220 [INFO]    Total terkumpul sejauh ini: 478 laporan

2026-04-01 09:52:19,788 [INFO] ── Halaman 49: https://www.lapor.go.id/kisah-sukses?page=49
2026-04-01 09:52:40,072 [INFO]    -> 10 laporan ditemukan
2026-04-01 09:52:40,072 [INFO]    Detail: https://www.lapor.go.id/laporan/detil/permintaan-perbaikan-jalan-desa-untuk-dilakukan-pengecoranpengaspalan-di-jalan-mede-raya-sukamekar-kec-sukawangi-kab-bekasi-jabar-2
2026-04-01 09:52:47,908 [INFO]       v ID=6211201 | Permintaan Perbaikan Jalan Desa Untuk Dilakuk | Jalan Berlubang
2026-04-01 09:52:51,719 [INFO]    Detail: https://www.lapor.go.id/laporan/detil/masjid-raya-sheikh
2026-04-01 09:52:59,866 [INFO]       v ID=6213861 | Masjid Raya Sheikh | Lainnya terkait Agama
2026-04-01 09:53:02,561 [INFO]    Detail: https://www.lapor.go.id/laporan/detil/bulan-lahir-tidak-sesuai-dengan-data
2026-04-01 09:53:08,441 [INFO]       v ID=6216568 | Bulan Lahir Tidak Sesuai Dengan Data | Administrasi Kependudukan dan Pencatatan Sipil
2026-04-01 09:53:12,362 [INFO]    Detail: https://www.lapor.go.id/laporan/detil/kekerasan-di-masjid
2026-04-01 09:53:19,962 [INFO]       v ID=6220804 | Kekerasan Di Masjid | Lainnya terkait Ketenteraman, Ketertiban Umum, dan Pelindungan Masyarakat
2026-04-01 09:53:22,872 [INFO]    Detail: https://www.lapor.go.id/laporan/detil/jalan-rusak-2188
2026-04-01 09:53:29,572 [INFO]       v ID=6229280 | Jalan Rusak | Jalan Berlubang
2026-04-01 09:53:32,717 [INFO]    Detail: https://www.lapor.go.id/laporan/detil/jalan-rusak-2176
2026-04-01 09:53:57,213 [INFO]       v ID=6229873 | Jalan Rusak | Infrastruktur Jalan
2026-04-01 09:54:00,430 [INFO]    Detail: https://www.lapor.go.id/laporan/detil/kepala-bpn-deli-serdang-4
2026-04-01 09:54:15,819 [INFO]       v ID=6229997 | Kepala Bpn Deli Serdang | Sengketa Tanah
2026-04-01 09:54:18,402 [INFO]    Detail: https://www.lapor.go.id/laporan/detil/ketersediaan-blanko-ktp-7
2026-04-01 09:54:30,524 [INFO]       v ID=6244942 | Ketersediaan Blanko KTP | None
2026-04-01 09:54:32,962 [INFO]    Detail: https://www.lapor.go.id/laporan/detil/nomor-induk-kependudukan-di-catut-parpol-tanpa-se-pengetahuan-pemilik-nik-2
2026-04-01 09:54:45,176 [INFO]       v ID=6248035 | Nomor Induk Kependudukan Di Catut Parpol Tanp | Politisasi ASN
2026-04-01 09:54:48,528 [INFO]    Detail: https://www.lapor.go.id/laporan/detil/lambatnya-hasil-visum-di-rsup-tanjungpinang
2026-04-01 09:54:56,304 [INFO]       v ID=6257176 | Lambatnya Hasil Visum Di Rsup Tanjungpinang | Lainnya terkait Ketenteraman, Ketertiban Umum, dan Pelindungan Masyarakat
2026-04-01 09:54:59,234 [INFO]    Total terkumpul sejauh ini: 488 laporan

2026-04-01 09:55:01,579 [INFO] ── Halaman 50: https://www.lapor.go.id/kisah-sukses?page=50
2026-04-01 09:55:23,234 [INFO]    -> 10 laporan ditemukan
2026-04-01 09:55:23,234 [INFO]    Detail: https://www.lapor.go.id/laporan/detil/jam-operasional-pasar-tumpah-melewati-ketentuan
2026-04-01 09:55:53,252 [WARNING] Timeout attempt 1/3: https://www.lapor.go.id/laporan/detil/jam-operasional-pasar-tumpah-melewati-ketentuan
2026-04-01 09:56:09,293 [INFO]       v ID=6271693 | Jam Operasional Pasar Tumpah Melewati Ketentu | Ketertiban Umum
2026-04-01 09:56:12,672 [INFO]    Detail: https://www.lapor.go.id/laporan/detil/jalur-pejalan-kaki-pemalang
2026-04-01 09:56:22,557 [INFO]       v ID=6274603 | Jalur Pejalan Kaki Pemalang | Lainnya terkait Infrastruktur Jalan
2026-04-01 09:56:25,585 [INFO]    Detail: https://www.lapor.go.id/laporan/detil/tunjangan-sertifikasi-tidak-dibayar-operator-simbar-kabupaten-ketapang-provinsi-kalimantan-barat-2
2026-04-01 09:56:37,371 [INFO]       v ID=6281893 | Tunjangan Sertifikasi Tidak Dibayar Operator  | Pendidikan Dasar dan Menengah
2026-04-01 09:56:41,368 [INFO]    Detail: https://www.lapor.go.id/laporan/detil/pegajuan-reaktivasi-bpjs
2026-04-01 09:56:47,808 [INFO]       v ID=6284362 | Pegajuan Reaktivasi Bpjs | Administrasi BPJS Kesehatan
2026-04-01 09:56:51,412 [INFO]    Detail: https://www.lapor.go.id/laporan/detil/aduan-atas-seleksi-pppk-pemerintah-kab-brebes-tahun-2022
2026-04-01 09:56:58,812 [INFO]       v ID=6287125 | Aduan Atas Seleksi Pppk Pemerintah Kab. Brebe | Lainnya terkait Kepegawaian
2026-04-01 09:57:01,539 [INFO]    Detail: https://www.lapor.go.id/laporan/detil/jalan-ps-kemis-macet-setiap-jam-pulang-pergi-kantor
2026-04-01 09:57:23,100 [INFO]       v ID=6290644 | Jalan Ps Kemis Macet Setiap Jam Pulang Pergi  | Infrastruktur Jalan
2026-04-01 09:57:26,438 [INFO]    Detail: https://www.lapor.go.id/laporan/detil/lampu-jalan-mati-di-perumahan-villa-halaban-indah
2026-04-01 09:57:34,718 [INFO]       v ID=6290770 | Lampu Jalan Mati Di Perumahan Villa Halaban I | Infrastruktur Pendukung
2026-04-01 09:57:38,475 [INFO]    Detail: https://www.lapor.go.id/laporan/detil/pungli-daftar-nikah-di-kua-kecamatan-tajurhalang-bogor-jawa-barat
2026-04-01 09:57:47,614 [INFO]       v ID=6298540 | Pungli Daftar Nikah Di Kua Kecamatan Tajurhal | Pernikahan
2026-04-01 09:57:50,727 [INFO]    Detail: https://www.lapor.go.id/laporan/detil/jalan-berlubang-510
2026-04-01 09:57:56,800 [INFO]       v ID=6299236 | Jalan Berlubang | Infrastruktur Jalan
2026-04-01 09:58:00,107 [INFO]    Detail: https://www.lapor.go.id/laporan/detil/apresiasi-setinggi-tingginya-untuk-dinas-pendidikan-kab-ketapang-provinsi-kalimantan-barat
2026-04-01 09:58:06,673 [INFO]       v ID=6303907 | Apresiasi Setinggi-Tingginya Untuk Dinas Pend | Lainnya terkait Pendidikan dan Kebudayaan
2026-04-01 09:58:09,754 [INFO]    Total terkumpul sejauh ini: 498 laporan

2026-04-01 09:58:12,710 [INFO] ── Halaman 51: https://www.lapor.go.id/kisah-sukses?page=51
2026-04-01 09:58:37,439 [INFO]    -> 10 laporan ditemukan
2026-04-01 09:58:37,439 [INFO]    Detail: https://www.lapor.go.id/laporan/detil/program-ptsl-atau-prona-di-wilayah-lampung-selatan
2026-04-01 09:58:44,774 [INFO]       v ID=6310531 | Program Ptsl Atau Prona Di Wilayah Lampung Se | Lainnya terkait Pertanahan
2026-04-01 09:58:48,676 [INFO]    Detail: https://www.lapor.go.id/laporan/detil/sebagian-warga-oku-kesulitan-mendapat-air-bersih
2026-04-01 09:58:54,289 [INFO]       v ID=6312076 | Sebagian Warga Oku Kesulitan Mendapat Air Ber | Gangguan Layanan Penyaluran Air
2026-04-01 09:58:57,924 [INFO]    Detail: https://www.lapor.go.id/laporan/detil/kabel-internet
2026-04-01 09:59:04,060 [INFO]       v ID=6320200 | Kabel Internet | Lainnya terkait Teknologi Informasi dan Komunikasi
2026-04-01 09:59:07,228 [INFO]    Detail: https://www.lapor.go.id/laporan/detil/penambahan-pompa-air
2026-04-01 09:59:16,145 [INFO]       v ID=6322246 | Penambahan Pompa Air | Lainnya terkait Penanggulangan Bencana
2026-04-01 09:59:18,724 [INFO]    Detail: https://www.lapor.go.id/laporan/detil/tempat-pembuangan-sampah-ilegal-di-pinggir-jalan-meresahkan-warga
2026-04-01 09:59:27,779 [INFO]       v ID=6329920 | Tempat Pembuangan Sampah Ilegal Di Pinggir Ja | Pencemaran Lingkungan
2026-04-01 09:59:30,041 [INFO]    Detail: https://www.lapor.go.id/laporan/detil/pembakaran-sampah-mengakibatkan-polusi-udara-di-daerah-padat-penduduk
2026-04-01 09:59:37,565 [INFO]       v ID=6332548 | Pembakaran Sampah Mengakibatkan Polusi Udara  | Lainnya terkait Kesehatan
2026-04-01 09:59:40,068 [INFO]    Detail: https://www.lapor.go.id/laporan/detil/masyarakat-membuang-sampah-di-depan-sdn-08-pontianak-selatan
2026-04-01 09:59:56,096 [INFO]       v ID=6337267 | Masyarakat Membuang Sampah Di Depan Sdn 08 Po | Pencemaran Lingkungan
2026-04-01 09:59:58,317 [INFO]    Detail: https://www.lapor.go.id/laporan/detil/desakan-pembangunan-stadion-sultan-hasanuddin
2026-04-01 10:00:27,339 [INFO]       v ID=6337903 | Desakan Pembangunan Stadion Sultan Hasanuddin | Lapangan Olahraga
2026-04-01 10:00:29,501 [INFO]    Detail: https://www.lapor.go.id/laporan/detil/jalan-pantura-cikampek-sd-karawang-rusak
2026-04-01 10:00:36,390 [INFO]       v ID=6339436 | Jalan Pantura Cikampek S.d. Karawang Rusak | Jalan Berlubang
2026-04-01 10:00:39,668 [INFO]    Detail: https://www.lapor.go.id/laporan/detil/jalan-utama-amblas-tidak-kunjung-diperbaiki
2026-04-01 10:01:01,177 [INFO]       v ID=6341632 | Jalan Utama Amblas Tidak Kunjung Diperbaiki | SP4N-LAPOR!
2026-04-01 10:01:03,810 [INFO]    Total terkumpul sejauh ini: 508 laporan

2026-04-01 10:01:07,114 [INFO] ── Halaman 52: https://www.lapor.go.id/kisah-sukses?page=52
2026-04-01 10:01:24,515 [INFO]    -> 10 laporan ditemukan
2026-04-01 10:01:24,515 [INFO]    Detail: https://www.lapor.go.id/laporan/detil/jalan-utama-tapi-seperti-kubangan-sawah
2026-04-01 10:01:37,682 [INFO]       v ID=6341677 | Jalan Utama Tapi Seperti Kubangan Sawah | SP4N-LAPOR!
2026-04-01 10:01:41,403 [INFO]    Detail: https://www.lapor.go.id/laporan/detil/tukang-parkir-202302182311051676736665945
2026-04-01 10:01:49,620 [INFO]       v ID=6358691 | Tukang Parkir | Keresahan Masyarakat
2026-04-01 10:01:53,444 [INFO]    Detail: https://www.lapor.go.id/laporan/detil/banjir-kalipecabean-202302231549391677142179598
2026-04-01 10:02:23,443 [WARNING] Timeout attempt 1/3: https://www.lapor.go.id/laporan/detil/banjir-kalipecabean-202302231549391677142179598
2026-04-01 10:02:33,936 [INFO]       v ID=6370873 | Banjir Kalipecabean | Banjir
2026-04-01 10:02:37,577 [INFO]    Detail: https://www.lapor.go.id/laporan/detil/banyaknya-coretan-liar-pada-underpass-202302261050491677383449766
2026-04-01 10:02:46,211 [INFO]       v ID=6377044 | Banyaknya Coretan Liar Pada Underpass | Ketertiban Umum
2026-04-01 10:02:48,232 [INFO]    Detail: https://www.lapor.go.id/laporan/detil/usaha-bengkel-las-di-lingkungan-rumah-tinggal-202302281356341677567394543
2026-04-01 10:02:56,944 [INFO]       v ID=6382327 | Usaha Bengkel Las Di Lingkungan Rumah Tinggal | Lainnya terkait Ketenteraman, Ketertiban Umum, dan Pelindungan Masyarakat
2026-04-01 10:03:00,922 [INFO]    Detail: https://www.lapor.go.id/laporan/detil/dinsos-kedai-selingkuh-202303011136021677645362726
2026-04-01 10:03:08,666 [INFO]       v ID=6384160 | Dinsos Kedai Selingkuh | PKH Program Keluarga Harapan
2026-04-01 10:03:11,729 [INFO]    Detail: https://www.lapor.go.id/laporan/detil/usaha-bengkel-las-di-lingkungan-tempat-tinggal-202303011531191677659479708
2026-04-01 10:03:17,611 [INFO]       v ID=6385720 | Usaha Bengkel Las Di Lingkungan Tempat Tingga | Lainnya terkait Ketenteraman, Ketertiban Umum, dan Pelindungan Masyarakat
2026-04-01 10:03:21,076 [INFO]    Detail: https://www.lapor.go.id/laporan/detil/permintaan-informasi-tentang-pengujian-lab-untuk-komoditi-bibit-kerapu-tujuan-jakarta-melalui-grup-wa-202303050455241677966924162
2026-04-01 10:03:28,302 [INFO]       v ID=6394018 | Permintaan informasi tentang pengujian lab un | None
2026-04-01 10:03:31,823 [INFO]    Detail: https://www.lapor.go.id/laporan/detil/banyaknya-lubang-di-jl-hs-ronggo-waluyo-sirnabaya-telukjambe-timur-karawang-jawa-barat-berpotensi-memakan-korban-jiwa-202303061715541678097754407
2026-04-01 10:03:42,059 [INFO]       v ID=6397858 | Banyaknya Lubang Di Jl. Hs.ronggo Waluyo, Sir | Infrastruktur Jalan
2026-04-01 10:03:44,106 [INFO]    Detail: https://www.lapor.go.id/laporan/detil/tenaga-kesehatan-puskesmas-megaluh-kurang-peduli-terhadap-kesehatan-mental-202303101024391678418679534
2026-04-01 10:03:51,580 [INFO]       v ID=6408766 | Tenaga Kesehatan Puskesmas Megaluh Kurang Ped | Pelayanan Kesehatan
2026-04-01 10:03:54,658 [INFO]    Total terkumpul sejauh ini: 518 laporan

2026-04-01 10:03:58,469 [INFO] ── Halaman 53: https://www.lapor.go.id/kisah-sukses?page=53
2026-04-01 10:04:17,372 [INFO]    -> 10 laporan ditemukan
2026-04-01 10:04:17,372 [INFO]    Detail: https://www.lapor.go.id/laporan/detil/kontak-layanan-dukcapil-kab-cirebon-202303101303281678428208520
2026-04-01 10:04:23,820 [INFO]       v ID=6409243 | Kontak Layanan Dukcapil Kab Cirebon | Administrasi Kependudukan dan Pencatatan Sipil
2026-04-01 10:04:26,493 [INFO]    Detail: https://www.lapor.go.id/laporan/detil/permohonan-surat-keabsahan-akta-kelahiran-202303101320551678429255815
2026-04-01 10:04:33,300 [INFO]       v ID=6409297 | Permohonan Surat Keabsahan Akta Kelahiran | Administrasi Kependudukan dan Pencatatan Sipil
2026-04-01 10:04:35,589 [INFO]    Detail: https://www.lapor.go.id/laporan/detil/pengaduan-atas-dugaan-pelanggaran-kegiatan-pt-kelompok-delapan-indonesia-202303101459071678435147716
2026-04-01 10:04:49,996 [INFO]       v ID=6409630 | Pengaduan atas dugaan pelanggaran kegiatan PT | None
2026-04-01 10:04:52,245 [INFO]    Detail: https://www.lapor.go.id/laporan/detil/terdaftar-pkh-tapi-kartu-tidak-di-berikan-kepada-saya-202303121634241678613664648
2026-04-01 10:04:59,285 [INFO]       v ID=6414286 | Terdaftar Pkh Tapi Kartu Tidak Di Berikan Kep | PKH Program Keluarga Harapan
2026-04-01 10:05:02,863 [INFO]    Detail: https://www.lapor.go.id/laporan/detil/perbaikan-jalan-perumahan-yang-rusak-parah-di-perumahan-andi-caco-residence-2-tamalakko-202303131110491678680649329
2026-04-01 10:05:09,283 [INFO]       v ID=6416227 | Perbaikan jalan perumahan yang rusak parah di | Infrastruktur Jalan
2026-04-01 10:05:12,294 [INFO]    Detail: https://www.lapor.go.id/laporan/detil/masalah-e-ktp-202303141505171678781117118
2026-04-01 10:05:21,632 [INFO]       v ID=6420082 | Masalah E-Ktp | Administrasi Kependudukan dan Pencatatan Sipil
2026-04-01 10:05:25,468 [INFO]    Detail: https://www.lapor.go.id/laporan/detil/dana-bantuan-tidak-masuk-ke-rekening-202303150920531678846853381
2026-04-01 10:05:40,137 [INFO]       v ID=6422065 | Dana Bantuan Tidak Masuk Ke Rekening | Bantuan Pangan Non Tunan (BPNT)
2026-04-01 10:05:43,701 [INFO]    Detail: https://www.lapor.go.id/laporan/detil/pembangunan-jembatan-sungai-kapuas-di-sungai-ayak-202303151116011678853761593
2026-04-01 10:05:51,771 [INFO]       v ID=6422452 | Pembangunan Jembatan Sungai Kapuas Di Sungai  | Jembatan
2026-04-01 10:05:54,441 [INFO]    Detail: https://www.lapor.go.id/laporan/detil/sk-jft-penyuluh-agama-kementerian-agama-kab-merauke-202303152106171678889177126
2026-04-01 10:06:02,487 [INFO]       v ID=6423976 | Sk Jft Penyuluh Agama Kementerian Agama Kab.  | Lainnya terkait Kepegawaian
2026-04-01 10:06:06,371 [INFO]    Detail: https://www.lapor.go.id/laporan/detil/sertifikat-tanah-belum-selesai-dari-2021-202303191024351679196275671
2026-04-01 10:06:17,368 [INFO]       v ID=6435385 | Sertifikat Tanah Belum Selesai Dari 2021 | Sertifikat Tanah
2026-04-01 10:06:21,349 [INFO]    Total terkumpul sejauh ini: 528 laporan

2026-04-01 10:06:23,361 [INFO] ── Halaman 54: https://www.lapor.go.id/kisah-sukses?page=54
2026-04-01 10:06:46,742 [INFO]    -> 10 laporan ditemukan
2026-04-01 10:06:46,742 [INFO]    Detail: https://www.lapor.go.id/laporan/detil/pengajuan-bantuan-subsidi-kenaikan-iuran-sampah-dampak-dari-perbub-sidoarjo-no-116-tahun-2022--202303191848571679226537037
2026-04-01 10:06:55,618 [INFO]       v ID=6436369 | Pengajuan Bantuan/Subsidi Kenaikan Iuran Samp | Lainnya terkait Lingkungan Hidup dan Kehutanan
2026-04-01 10:06:59,385 [INFO]    Detail: https://www.lapor.go.id/laporan/detil/lampu-penerangan-jalan-sudah-lama-mati-202303231600441679562044299
2026-04-01 10:07:11,031 [INFO]       v ID=6436393 | Lampu Penerangan Jalan Sudah Lama Mati | Penerangan Jalan
2026-04-01 10:07:14,286 [INFO]    Detail: https://www.lapor.go.id/laporan/detil/buku-di-katalog-sering-tidak-ada-di-rak-buku-202303200709281679270968197
2026-04-01 10:07:19,251 [INFO]       v ID=6437287 | Buku Di Katalog Sering Tidak Ada Di Rak Buku | SP4N-LAPOR!
2026-04-01 10:07:21,400 [INFO]    Detail: https://www.lapor.go.id/laporan/detil/jalan-rusak-202303210951251679367085099
2026-04-01 10:07:27,708 [INFO]       v ID=6441217 | Jalan Rusak | Infrastruktur Jalan
2026-04-01 10:07:30,620 [INFO]    Detail: https://www.lapor.go.id/laporan/detil/pelaporan-tiang-202303211749591679395799234
2026-04-01 10:07:37,980 [INFO]       v ID=6442612 | Dikeluhkan Pemasangan Tiang di Komplek Belitu | Lainnya terkait Teknologi Informasi dan Komunikasi
2026-04-01 10:07:41,662 [INFO]    Detail: https://www.lapor.go.id/laporan/detil/air-pdam-yg-tidak-layak-pakai-202303260931351679797895728
2026-04-01 10:07:55,351 [INFO]       v ID=6445489 | Air Pdam Yg Tidak Layak Pakai | Gangguan Layanan Penyaluran Air
2026-04-01 10:07:58,779 [INFO]    Detail: https://www.lapor.go.id/laporan/detil/pkl-depan-rumah-202303230846181679535978276
2026-04-01 10:08:06,661 [INFO]       v ID=6445936 | Pkl Depan Rumah | Lainnya terkait Ketenteraman, Ketertiban Umum, dan Pelindungan Masyarakat
2026-04-01 10:08:09,166 [INFO]    Detail: https://www.lapor.go.id/laporan/detil/pelayanan-pasien-202303232117081679581028262
2026-04-01 10:08:17,062 [INFO]       v ID=6447271 | Pelayanan pasien | None
2026-04-01 10:08:20,396 [INFO]    Detail: https://www.lapor.go.id/laporan/detil/pkl-kokrosono-202303240028091679592489219
2026-04-01 10:08:26,807 [INFO]       v ID=6447622 | Pkl Kokrosono | Ketertiban Umum
2026-04-01 10:08:30,302 [INFO]    Detail: https://www.lapor.go.id/laporan/detil/jalan-andong-ubud-yang-berlubang-202303251834171679744057188
2026-04-01 10:08:36,126 [INFO]       v ID=6451945 | Jalan Andong Ubud Yang Berlubang | Infrastruktur Jalan
2026-04-01 10:08:39,838 [INFO]    Total terkumpul sejauh ini: 538 laporan

2026-04-01 10:08:42,293 [INFO] ── Halaman 55: https://www.lapor.go.id/kisah-sukses?page=55
2026-04-01 10:09:01,349 [INFO]    -> 10 laporan ditemukan
2026-04-01 10:09:01,365 [INFO]    Detail: https://www.lapor.go.id/laporan/detil/pengerus-kelompok-tani-yang-semena-mena-202303252122451679754165717
2026-04-01 10:09:31,378 [WARNING] Timeout attempt 1/3: https://www.lapor.go.id/laporan/detil/pengerus-kelompok-tani-yang-semena-mena-202303252122451679754165717
2026-04-01 10:09:40,907 [INFO]       v ID=6452254 | Pengerus Kelompok Tani Yang Semena Mena | Gabungan Kelompok Tani
2026-04-01 10:09:43,121 [INFO]    Detail: https://www.lapor.go.id/laporan/detil/penambangan-secara-ilegal-202303270937061679884626962
2026-04-01 10:09:50,087 [INFO]       v ID=6455257 | Penambangan Secara Ilegal | Kelautan dan Perikanan
2026-04-01 10:09:53,893 [INFO]    Detail: https://www.lapor.go.id/laporan/detil/revitalisasi-alun-alun-moga-202303281106141679976374552
2026-04-01 10:10:01,106 [INFO]       v ID=6458302 | Revitalisasi Alun-Alun Moga | Lainnya terkait Pekerjaan Umum dan Penataan Ruang
2026-04-01 10:10:05,101 [INFO]    Detail: https://www.lapor.go.id/laporan/detil/permohonan-informasi-pelayanan-ikd-202303290754071680051247641
2026-04-01 10:10:12,511 [INFO]       v ID=6460855 | Permohonan Informasi Pelayanan Ikd | Administrasi Kependudukan dan Pencatatan Sipil
2026-04-01 10:10:15,809 [INFO]    Detail: https://www.lapor.go.id/laporan/detil/adanya-illegal-logging-202303301349021680158942360
2026-04-01 10:10:22,665 [INFO]       v ID=6465208 | Adanya Illegal Logging | BioCF
2026-04-01 10:10:25,583 [INFO]    Detail: https://www.lapor.go.id/laporan/detil/pembuatan-sertifikat-rumah-202303302242511680190971402
2026-04-01 10:10:32,559 [INFO]       v ID=6466417 | Pembuatan Sertifikat Rumah | Sertifikat Tanah
2026-04-01 10:10:35,776 [INFO]    Detail: https://www.lapor.go.id/laporan/detil/permintaan-vaksinasi-rabies-202303310951061680231066175
2026-04-01 10:10:42,420 [INFO]       v ID=6467380 | Permintaan vaksinasi rabies | None
2026-04-01 10:10:45,450 [INFO]    Detail: https://www.lapor.go.id/laporan/detil/permintaan-vaksinasi-pmk-penyakit-mulut-dan-kuku-pada-sapi-202303311015531680232553761
2026-04-01 10:11:15,439 [WARNING] Timeout attempt 1/3: https://www.lapor.go.id/laporan/detil/permintaan-vaksinasi-pmk-penyakit-mulut-dan-kuku-pada-sapi-202303311015531680232553761
2026-04-01 10:11:20,213 [INFO]       v ID=6467530 | permintaan vaksinasi PMK (penyakit mulut dan  | None
2026-04-01 10:11:24,193 [INFO]    Detail: https://www.lapor.go.id/laporan/detil/permohonan-pengaspalan-jalan-mars-10-komp-bintang-metropol-kel-perwira-kec-bekasi-utara-kota-bekasi-202303311031381680233498279
2026-04-01 10:11:31,273 [INFO]       v ID=6467575 | Permohonan Pengaspalan Jalan Mars 10, Komp Bi | Infrastruktur Jalan
2026-04-01 10:11:34,550 [INFO]    Detail: https://www.lapor.go.id/laporan/detil/permintaan-eliminasi-anjing-galak-202303311419441680247184542
2026-04-01 10:11:40,098 [INFO]       v ID=6468190 | Permintaan eliminasi anjing galak | None
2026-04-01 10:11:43,587 [INFO]    Total terkumpul sejauh ini: 548 laporan

2026-04-01 10:11:46,090 [INFO] ── Halaman 56: https://www.lapor.go.id/kisah-sukses?page=56
2026-04-01 10:12:05,275 [INFO]    -> 10 laporan ditemukan
2026-04-01 10:12:05,275 [INFO]    Detail: https://www.lapor.go.id/laporan/detil/permasalahan-perekrutan-tpm-ta-2023-202303311623491680254629322
2026-04-01 10:12:35,278 [WARNING] Timeout attempt 1/3: https://www.lapor.go.id/laporan/detil/permasalahan-perekrutan-tpm-ta-2023-202303311623491680254629322
2026-04-01 10:12:38,797 [INFO]       v ID=6468538 | Permasalahan Perekrutan TPM Tahun Anggaran 20 | Rekrutmen Tenagakerja
2026-04-01 10:12:42,172 [INFO]    Detail: https://www.lapor.go.id/laporan/detil/permohonan-eleminasi-anjing-202303312013151680268395202
2026-04-01 10:12:47,655 [INFO]       v ID=6468943 | Permohonan Eleminasi Anjing | None
2026-04-01 10:12:51,060 [INFO]    Detail: https://www.lapor.go.id/laporan/detil/permohonan-tindak-lanjut-kasus-gigitan-anjing-202304011041581680320518799
2026-04-01 10:12:56,579 [INFO]       v ID=6470017 | Permohonan Tindak Lanjut Kasus Gigitan Anjing | None
2026-04-01 10:13:00,369 [INFO]    Detail: https://www.lapor.go.id/laporan/detil/mohon-informasi-tentang-vaksin-anjing-dan-operasi-sterilisasi-rahim-anjing-202304020703021680393782328
2026-04-01 10:13:07,132 [INFO]       v ID=6471937 | Mohon Informasi Tentang Vaksin Anjing Dan Ope | Pertanian dan Peternakan
2026-04-01 10:13:11,015 [INFO]    Detail: https://www.lapor.go.id/laporan/detil/permohonan-eleminasi-anjing-202304031121241680495684058
2026-04-01 10:13:19,163 [INFO]       v ID=6473635 | Permohonan eleminasi anjing | None
2026-04-01 10:13:22,589 [INFO]    Detail: https://www.lapor.go.id/laporan/detil/permohonan-vaksinasi-pmk-ternak-sapi-202304031624581680513898775
2026-04-01 10:13:30,949 [INFO]       v ID=6474895 | Permohonan Vaksinasi PMK ternak sapi | None
2026-04-01 10:13:34,706 [INFO]    Detail: https://www.lapor.go.id/laporan/detil/permohonan-tindak-lanjut-kasus-gigitan-anjing-di-br-kebek-desa-puhu-202304041013001680577980975
2026-04-01 10:13:41,466 [INFO]       v ID=6476836 | Permohonan tindak lanjut Kasus gigitan anjing | None
2026-04-01 10:13:43,764 [INFO]    Detail: https://www.lapor.go.id/laporan/detil/pilar-gapura-jl-tangkuban-parahu-pintu-utara-harus-dibongkar-202304060843151680745395324
2026-04-01 10:13:51,002 [INFO]       v ID=6483208 | Pilar Gapura Jl. Tangkuban Parahu Pintu Utara | Infrastruktur Jalan
2026-04-01 10:13:53,121 [INFO]    Detail: https://www.lapor.go.id/laporan/detil/pemberian-pensiunan-pppk-dan-mutasi-pppk-202304080837381680917858328
2026-04-01 10:13:58,559 [INFO]       v ID=6489070 | Pemberian Pensiunan Pppk Dan Mutasi Pppk | Politisasi ASN
2026-04-01 10:14:01,953 [INFO]    Detail: https://www.lapor.go.id/laporan/detil/pemberian-pensiunan-pppk-dan-mutasi-pppk-202304080858561680919136491
2026-04-01 10:14:11,953 [INFO]       v ID=6489127 | Pemberian Pensiunan Pppk Dan Mutasi Pppk | Pemulihan Ekonomi Nasional
2026-04-01 10:14:14,530 [INFO]    Total terkumpul sejauh ini: 558 laporan

2026-04-01 10:14:17,029 [INFO] ── Halaman 57: https://www.lapor.go.id/kisah-sukses?page=57
2026-04-01 10:14:38,775 [INFO]    -> 10 laporan ditemukan
2026-04-01 10:14:38,775 [INFO]    Detail: https://www.lapor.go.id/laporan/detil/permintaan-informasi-syarat-pindah-jabatan-dalam-1-lingkup-kerja-202304081033191680924799633
2026-04-01 10:14:45,218 [INFO]       v ID=6489379 | Permintaan Informasi Syarat Pindah Jabatan Da | Lainnya terkait Kepegawaian
2026-04-01 10:14:48,649 [INFO]    Detail: https://www.lapor.go.id/laporan/detil/kembalikan-aliran-pdam-di-rusunawa-pucang-202304090015241680974124123
2026-04-01 10:14:57,586 [INFO]       v ID=6490918 | Kembalikan Aliran Pdam Di Rusunawa Pucang | Perumahan Bersubsidi dan Rumah Susun
2026-04-01 10:14:59,981 [INFO]    Detail: https://www.lapor.go.id/laporan/detil/penerbitan-akta-kelahiran-202304112248441681228124189
2026-04-01 10:15:06,571 [INFO]       v ID=6500272 | Penerbitan Akta Kelahiran | Administrasi Kependudukan dan Pencatatan Sipil
2026-04-01 10:15:09,502 [INFO]    Detail: https://www.lapor.go.id/laporan/detil/kapan-lampu-jalan-di-ftz-karimun-terang-kembali-202304121201571681275717450
2026-04-01 10:15:16,106 [INFO]       v ID=6501811 | Kapan Lampu Jalan Di Ftz Karimun Terang Kemba | Infrastruktur Pendukung
2026-04-01 10:15:19,419 [INFO]    Detail: https://www.lapor.go.id/laporan/detil/penebangan-pohon-pinggir-jalan-kabupaten-tepatnya-di-desa-martopuro-kecamatan-purwosari-202304122102461681308166754
2026-04-01 10:15:27,054 [INFO]       v ID=6503257 | Penebangan Pohon Pinggir Jalan Kabupaten Tepa | Penebangan Liar (Ilegal Logging)
2026-04-01 10:15:30,845 [INFO]    Detail: https://www.lapor.go.id/laporan/detil/meminta-barcode-guna-mendaftar-ktp-digital-di-aplikasi-identitas-kependudukan-digital-202304141317171681453037399
2026-04-01 10:15:37,871 [INFO]       v ID=6508069 | Meminta Barcode Guna Mendaftar Ktp Digital Di | Aplikasi Kependudukan
2026-04-01 10:15:40,269 [INFO]    Detail: https://www.lapor.go.id/laporan/detil/pungli-di-dir-lantas-samsat-aceh-202304172245301681746330777
2026-04-01 10:15:46,846 [INFO]       v ID=6509495 | Pungli Di Dir Lantas & Samsat Aceh | Lainnya terkait Kepolisian
2026-04-01 10:15:49,187 [INFO]    Detail: https://www.lapor.go.id/laporan/detil/jl-raja-alam-malinau-kota-rusak-202304151452031681545123029
2026-04-01 10:15:57,225 [INFO]       v ID=6510237 | Jl. Raja Alam Malinau Kota Rusak | Infrastruktur Jalan
2026-04-01 10:16:01,234 [INFO]    Detail: https://www.lapor.go.id/laporan/detil/kesalahan-dalam-melaksanakan-evaluasi-dan-penyimpangan-terhadap-ketentuan-dan-prosedur-yang-diatur-dalam-peraturan-presiden-nomor-16-tahun-2018-tentang-pengadaan-barang-jasa-pemerintah-beserta-perubahannya-aturan-turunannya-dan-ketentuan-yang-telah-ditetapkan-dalam-dokumen-pemilihan-202304172251471681746707069
2026-04-01 10:16:07,987 [INFO]       v ID=6514087 | Kesalahan Dalam Melaksanakan Evaluasi Dan Pen | Laiinya terkait Layanan Online/Aplikasi Pemerintah
2026-04-01 10:16:11,908 [INFO]    Detail: https://www.lapor.go.id/laporan/detil/bpn-limboto-gorontalo-menahan-sertipkat-kami-saat-sedang-mengurus-sertipikat-turun-waris-202304211339531682059193768
2026-04-01 10:16:18,410 [INFO]       v ID=6519903 | Bpn Limboto Gorontalo Menahan Sertipkat Kami  | Sengketa Tanah
2026-04-01 10:16:21,973 [INFO]    Total terkumpul sejauh ini: 568 laporan

2026-04-01 10:16:24,033 [INFO] ── Halaman 58: https://www.lapor.go.id/kisah-sukses?page=58
2026-04-01 10:16:45,416 [INFO]    -> 10 laporan ditemukan
2026-04-01 10:16:45,416 [INFO]    Detail: https://www.lapor.go.id/laporan/detil/masyarakat-oku-kekurangan-distribusi-air-bersih-dari-pdam-202304232047001682257620900
2026-04-01 10:16:53,329 [INFO]       v ID=6521865 | Masyarakat Oku Kekurangan Distribusi Air Bers | Layanan Air Minum
2026-04-01 10:16:55,355 [INFO]    Detail: https://www.lapor.go.id/laporan/detil/renovasi-pelabuhan-bongkar-muat-malarko-202304260853211682474001766
2026-04-01 10:17:05,801 [INFO]       v ID=6524519 | Renovasi Pelabuhan Bongkar Muat Malarko | Lainnya terkait Perhubungan
2026-04-01 10:17:07,923 [INFO]    Detail: https://www.lapor.go.id/laporan/detil/pencurian-sepeda-motor-di-desa-karangsono-kecamatan-sukorejo-kabupaten-pasuruan-202304261013571682478837709
2026-04-01 10:17:13,452 [INFO]       v ID=6524661 | Pencurian Sepeda Motor Di Desa Karangsono, Ke | SP4N-LAPOR!
2026-04-01 10:17:15,508 [INFO]    Detail: https://www.lapor.go.id/laporan/detil/parkir-sepeda-motor-menghambat-akses-masuk-gang-202304261359021682492342526
2026-04-01 10:17:21,287 [INFO]       v ID=6524983 | Parkir Sepeda Motor Menghambat Akses Masuk Ga | Lainnya terkait Ketenteraman, Ketertiban Umum, dan Pelindungan Masyarakat
2026-04-01 10:17:23,935 [INFO]    Detail: https://www.lapor.go.id/laporan/detil/potensi-rusuh-dan-konflik-horisontal-alun2-pklg-202305021030191682998219485
2026-04-01 10:17:31,534 [INFO]       v ID=6531463 | Potensi Rusuh Dan Konflik Horisontal Alun2 Pk | Lainnya terkait Pekerjaan Umum dan Penataan Ruang
2026-04-01 10:17:33,884 [INFO]    Detail: https://www.lapor.go.id/laporan/detil/volume-toa-mesjid-sangat-keras-202305020454091682978049481
2026-04-01 10:17:41,360 [INFO]       v ID=6535516 | Volume Toa Mesjid Sangat Keras | Agama
2026-04-01 10:17:44,314 [INFO]    Detail: https://www.lapor.go.id/laporan/detil/jalan-rusak-dan-tergenang-air-202305030752271683075147231
2026-04-01 10:17:50,025 [INFO]       v ID=6539152 | Jalan Rusak Dan Tergenang Air | Jalan Berlubang
2026-04-01 10:17:53,891 [INFO]    Detail: https://www.lapor.go.id/laporan/detil/permohonan-perbaikan-sarana-taman-bermain-anak-di-depan-kantor-dprd-kab-tangerang-tigaraksa-202305041528071683188887877
2026-04-01 10:18:01,446 [INFO]       v ID=6541027 | Permohonan Perbaikan Sarana Taman Bermain Ana | Taman
2026-04-01 10:18:04,763 [INFO]    Detail: https://www.lapor.go.id/laporan/detil/pendaftaran-balik-nama-waris-di-bpn-kabupaten-mojokerto-tak-kunjung-selesai-202305051433401683272020776
2026-04-01 10:18:21,602 [INFO]       v ID=6547978 | Pendaftaran Balik Nama Waris Di Bpn Kabupaten | Sertifikat Tanah
2026-04-01 10:18:23,844 [INFO]    Detail: https://www.lapor.go.id/laporan/detil/jalan-berlubang-lubang-di-wilayah-arah-turen-ke-wajak-202305071652211683453141341
2026-04-01 10:18:31,673 [INFO]       v ID=6553138 | Jalan Berlubang Lubang Di Wilayah Arah Turen  | Infrastruktur Jalan
2026-04-01 10:18:35,105 [INFO]    Total terkumpul sejauh ini: 578 laporan

2026-04-01 10:18:38,557 [INFO] ── Halaman 59: https://www.lapor.go.id/kisah-sukses?page=59
2026-04-01 10:19:01,768 [INFO]    -> 10 laporan ditemukan
2026-04-01 10:19:01,768 [INFO]    Detail: https://www.lapor.go.id/laporan/detil/permohonan-penindakan-juru-parkir-gratis-di-kota-jambi-202305090351491683579109927
2026-04-01 10:19:11,019 [INFO]       v ID=6557175 | Permohonan Penindakan Juru Parkir Gratis Di K | Retribusi Pajak
2026-04-01 10:19:13,533 [INFO]    Detail: https://www.lapor.go.id/laporan/detil/pengaduan-pelayanan-202305091124451683606285201
2026-04-01 10:19:19,997 [INFO]       v ID=6558298 | Pengaduan pelayanan | None
2026-04-01 10:19:23,928 [INFO]    Detail: https://www.lapor.go.id/laporan/detil/pengaduan-pelayanan-202305091938561683635936588
2026-04-01 10:19:30,499 [INFO]       v ID=6559609 | pengaduan pelayanan | None
2026-04-01 10:19:33,488 [INFO]    Detail: https://www.lapor.go.id/laporan/detil/jalan-parung-desa-balokang-rusak-parah-dan-tidak-perna-di-perbaiki-202305100852421683683562953
2026-04-01 10:19:41,192 [INFO]       v ID=6560956 | Jalan Parung Desa Balokang Rusak Parah Dan Ti | Jalan Berlubang
2026-04-01 10:19:43,470 [INFO]    Detail: https://www.lapor.go.id/laporan/detil/bansos-202305101541561683708116792
2026-04-01 10:19:50,723 [INFO]       v ID=6562972 | Bansos | Bantuan Pangan Non Tunan (BPNT)
2026-04-01 10:19:54,099 [INFO]    Detail: https://www.lapor.go.id/laporan/detil/penutupan-akses-jalan-warga-di-jalan-setia-rt-28-202305110736541683765414857
2026-04-01 10:20:01,189 [INFO]       v ID=6564820 | Penutupan Akses Jalan Warga Di Jalan Setia RT | Lainnya terkait Ketenteraman, Ketertiban Umum, dan Pelindungan Masyarakat
2026-04-01 10:20:03,430 [INFO]    Detail: https://www.lapor.go.id/laporan/detil/mohon-informasi-jadwal-dan-syarat-untuk-mendaftar-sekolah-ppdb-kabupaten-tangerang-202305111717451683800265682
2026-04-01 10:20:11,278 [INFO]       v ID=6566950 | Mohon Informasi Jadwal Dan Syarat Untuk Menda | Pendidikan Dasar dan Menengah
2026-04-01 10:20:14,640 [INFO]    Detail: https://www.lapor.go.id/laporan/detil/mutasi-tenaga-pendidik-202305112212081683817928118
2026-04-01 10:20:19,815 [INFO]       v ID=6567949 | Mutasi Tenaga Pendidik | Lainnya terkait Pendidikan dan Kebudayaan
2026-04-01 10:20:21,965 [INFO]    Detail: https://www.lapor.go.id/laporan/detil/penerimaan-siswa-baru-tahun-2023-202305121036191683862579064
2026-04-01 10:20:27,649 [INFO]       v ID=6569308 | Penerimaan Siswa Baru Tahun 2023 | Lainnya terkait Pendidikan dan Kebudayaan
2026-04-01 10:20:29,936 [INFO]    Detail: https://www.lapor.go.id/laporan/detil/pencairan-pip-kelas-7-202305130100021683914402150
2026-04-01 10:20:39,195 [INFO]       v ID=6571774 | Pencairan Pip Kelas 7 | Pendidikan Agama
2026-04-01 10:20:42,999 [INFO]    Total terkumpul sejauh ini: 588 laporan

2026-04-01 10:20:46,681 [INFO] ── Halaman 60: https://www.lapor.go.id/kisah-sukses?page=60
2026-04-01 10:21:06,286 [INFO]    -> 10 laporan ditemukan
2026-04-01 10:21:06,286 [INFO]    Detail: https://www.lapor.go.id/laporan/detil/permintaan-informasi-202305151219321684127972299
2026-04-01 10:21:14,142 [INFO]       v ID=6577327 | Permintaan Informasi | Kelautan dan Perikanan
2026-04-01 10:21:17,506 [INFO]    Detail: https://www.lapor.go.id/laporan/detil/umk-jatim-202305151613161684141996472
2026-04-01 10:21:26,842 [INFO]       v ID=6578422 | Umk Jatim | Hak Pekerja
2026-04-01 10:21:29,006 [INFO]    Detail: https://www.lapor.go.id/laporan/detil/situs-anda-disusupi-promo-judi-online-202305161124591684211099581
2026-04-01 10:21:34,918 [INFO]       v ID=6581107 | Situs Anda Disusupi Promo Judi Online | Perjudian online
2026-04-01 10:21:36,983 [INFO]    Detail: https://www.lapor.go.id/laporan/detil/pungutan-liar-202305171732491684319569760
2026-04-01 10:21:45,202 [INFO]       v ID=6585769 | Pungutan Liar | Politisasi ASN
2026-04-01 10:21:48,411 [INFO]    Detail: https://www.lapor.go.id/laporan/detil/kepala-desa-belum-melaksanakan-perintah-rekomendasi-laporan-hasil-pemeriksaan-lhp-ispektorat-202305181158231684385903330
2026-04-01 10:21:54,081 [INFO]       v ID=6587503 | Kepala Desa Belum Melaksanakan Perintah Rekom | Dana Desa
2026-04-01 10:21:57,003 [INFO]    Detail: https://www.lapor.go.id/laporan/detil/permohonan-vaksinasi-rabies-202305190821551684459315200
2026-04-01 10:22:02,771 [INFO]       v ID=6589606 | Permohonan vaksinasi rabies | None
2026-04-01 10:22:05,789 [INFO]    Detail: https://www.lapor.go.id/laporan/detil/login-akun-belajar-id-202305212051301684677090706
2026-04-01 10:22:13,416 [INFO]       v ID=6594574 | Login Akun Belajar.id | None
2026-04-01 10:22:15,491 [INFO]    Detail: https://www.lapor.go.id/laporan/detil/lpju-mati-202305230959281684810768601
2026-04-01 10:22:21,501 [INFO]       v ID=6597016 | LPJU Mati | None
2026-04-01 10:22:24,764 [INFO]    Detail: https://www.lapor.go.id/laporan/detil/lurah-pondok-karya-202305231508351684829315697
2026-04-01 10:22:33,716 [INFO]       v ID=6598249 | Lurah Pondok Karya | SP4N-LAPOR!
2026-04-01 10:22:37,372 [INFO]    Detail: https://www.lapor.go.id/laporan/detil/tindaklanjut-setiap-pengaduan-lambat-202305231652251684835545904
2026-04-01 10:22:42,701 [INFO]       v ID=6598582 | Tindaklanjut Setiap Pengaduan Lambat | Lainnya terkait Teknologi Informasi dan Komunikasi
2026-04-01 10:22:46,100 [INFO]    Total terkumpul sejauh ini: 598 laporan

2026-04-01 10:22:48,430 [INFO] ── Halaman 61: https://www.lapor.go.id/kisah-sukses?page=61
2026-04-01 10:23:06,988 [INFO]    -> 10 laporan ditemukan
2026-04-01 10:23:06,988 [INFO]    Detail: https://www.lapor.go.id/laporan/detil/kepala-desa-mesum-ketauan-pihak-media-dipublikasikan-pemberitaan-dijadikan-bahan-lp-202305262135301685111730118
2026-04-01 10:23:14,225 [INFO]       v ID=6598660 | Kepala Desa Mesum,Ketauan Pihak Media, Dipubl | Kepolisian
2026-04-01 10:23:17,380 [INFO]    Detail: https://www.lapor.go.id/laporan/detil/penilaian-angka-kredit-pak-iv-b-ke-atas-202305241626291684920389904
2026-04-01 10:23:24,854 [INFO]       v ID=6601774 | Penilaian Angka Kredit (PAK) IV/b Ke Atas | None
2026-04-01 10:23:27,617 [INFO]    Detail: https://www.lapor.go.id/laporan/detil/data-ptk-data-pokok-pendidikan-202305251008141684984094375
2026-04-01 10:23:34,550 [INFO]       v ID=6603393 | Data PTK/ Data Pokok Pendidikan | None
2026-04-01 10:23:38,403 [INFO]    Detail: https://www.lapor.go.id/laporan/detil/lahan-pertanian-kami-di-klim-pt-fsl-202305281603141685264594926
2026-04-01 10:23:43,829 [INFO]       v ID=6605565 | Lahan Pertanian Kami Di Klim Pt Fsl | Lainnya terkait Lingkungan Hidup dan Kehutanan
2026-04-01 10:23:47,314 [INFO]    Detail: https://www.lapor.go.id/laporan/detil/iuran-pensi-202306021942521685709772909
2026-04-01 10:23:52,815 [INFO]       v ID=6610849 | Iuran Pensi | Pendidikan Dasar dan Menengah
2026-04-01 10:23:56,401 [INFO]    Detail: https://www.lapor.go.id/laporan/detil/alfamart-dan-indomaret-di-kab-hsu-202305291937511685363871988
2026-04-01 10:24:02,832 [INFO]       v ID=6611717 | Alfamart Dan Indomaret Di Kab. Hsu | Intrade/ Perizinanan Perdagangan
2026-04-01 10:24:05,352 [INFO]    Detail: https://www.lapor.go.id/laporan/detil/terdapat-beberapa-orang-yang-tidur-dan-buang-hajat-sembarangan-202305311212251685509945652
2026-04-01 10:24:12,998 [INFO]       v ID=6615147 | Terdapat Beberapa Orang Yang Tidur Dan Buang  | Ketertiban Umum
2026-04-01 10:24:16,021 [INFO]    Detail: https://www.lapor.go.id/laporan/detil/website-terkena-hack-202305311414311685517271042
2026-04-01 10:24:24,589 [INFO]       v ID=6615407 | Website Terkena Hack | SP4N-LAPOR!
2026-04-01 10:24:28,215 [INFO]    Detail: https://www.lapor.go.id/laporan/detil/pendaftaran-di-smk-ditolak-202306032146261685803586643
2026-04-01 10:24:48,012 [INFO]       v ID=6621131 | Pendaftaran Di Smk Ditolak | Lainnya terkait Pendidikan dan Kebudayaan
2026-04-01 10:24:51,884 [INFO]    Detail: https://www.lapor.go.id/laporan/detil/pasien-diobservasi-di-igd-dibiarkan-lama-di-rsud-tenriawaru-kabupaten-bone-202306040431081685827868287
2026-04-01 10:24:58,892 [INFO]       v ID=6621409 | Pasien Diobservasi Di Igd Dibiarkan Lama Di R | Pelayanan Kesehatan
2026-04-01 10:25:01,108 [INFO]    Total terkumpul sejauh ini: 608 laporan

2026-04-01 10:25:03,869 [INFO] ── Halaman 62: https://www.lapor.go.id/kisah-sukses?page=62
2026-04-01 10:25:23,287 [INFO]    -> 10 laporan ditemukan
2026-04-01 10:25:23,287 [INFO]    Detail: https://www.lapor.go.id/laporan/detil/upah-kerja-202306070726451686097605570
2026-04-01 10:25:31,300 [INFO]       v ID=6627025 | Upah Kerja | Gaji Pekerja
2026-04-01 10:25:34,685 [INFO]    Detail: https://www.lapor.go.id/laporan/detil/pohon-besar-di-kota-202306080922471686190967933
2026-04-01 10:25:43,250 [INFO]       v ID=6629577 | Pohon Besar Di Kota | Lainnya terkait Ketenteraman, Ketertiban Umum, dan Pelindungan Masyarakat
2026-04-01 10:25:47,060 [INFO]    Detail: https://www.lapor.go.id/laporan/detil/pembangunan-ruko-tanpa-izin-diatas-tanah-konsolidasi-202306081159041686200344533
2026-04-01 10:25:54,963 [INFO]       v ID=6629911 | Pembangunan Ruko Tanpa Izin Diatas Tanah Kons | Lainnya terkait Pekerjaan Umum dan Penataan Ruang
2026-04-01 10:25:58,071 [INFO]    Detail: https://www.lapor.go.id/laporan/detil/petugas-tida-ada-dokumen-dihilangkan-petugas-dan-tidak-memberikan-dokumen-beserta-ktp-saya-sesuai-janji-202306091556011686300961889
2026-04-01 10:26:06,089 [INFO]       v ID=6632353 | Petugas Tida Ada, Dokumen Dihilangkan Petugas | Lainnya terkait Administrasi Kependudukan dan Pencatatan Sipil
2026-04-01 10:26:09,189 [INFO]    Detail: https://www.lapor.go.id/laporan/detil/suplai-air-pdam-202306101056201686369380498
2026-04-01 10:26:39,210 [WARNING] Timeout attempt 1/3: https://www.lapor.go.id/laporan/detil/suplai-air-pdam-202306101056201686369380498
2026-04-01 10:26:49,003 [INFO]       v ID=6633613 | Suplai Air Pdam | Layanan Air Minum
2026-04-01 10:26:51,536 [INFO]    Detail: https://www.lapor.go.id/laporan/detil/jaringan-bts-sesuler-202306120652051686527525845
2026-04-01 10:26:59,393 [INFO]       v ID=6636175 | Jaringan Bts Sesuler | Jaringan Internet
2026-04-01 10:27:02,114 [INFO]    Detail: https://www.lapor.go.id/laporan/detil/pengaduan-obat-sirup-202306130930481686623448894
2026-04-01 10:27:09,347 [INFO]       v ID=6638475 | Pengaduan Obat Sirup | None
2026-04-01 10:27:11,496 [INFO]    Detail: https://www.lapor.go.id/laporan/detil/melaporkan-penjualaninfus-whitening-202306130940331686624033524
2026-04-01 10:27:19,502 [INFO]       v ID=6638503 | Melaporkan penjualaninfus whitening | None
2026-04-01 10:27:22,874 [INFO]    Detail: https://www.lapor.go.id/laporan/detil/pengaduan-pengecekan-produk-pampers-oleh-bpom-202306130950581686624658049
2026-04-01 10:27:36,679 [INFO]       v ID=6638537 | Pengaduan pengecekan produk pampers oleh BPOM | None
2026-04-01 10:27:39,504 [INFO]    Detail: https://www.lapor.go.id/laporan/detil/ada-yang-rental-karaoke-di-pasar-sehingga-menggangu-kita-saat-berdagang-202306141547171686732437959
2026-04-01 10:27:45,975 [INFO]       v ID=6641655 | Ada Yang Rental Karaoke Di Pasar Sehingga Men | Lainnya terkait Ketenteraman, Ketertiban Umum, dan Pelindungan Masyarakat
2026-04-01 10:27:49,678 [INFO]    Total terkumpul sejauh ini: 618 laporan

2026-04-01 10:27:52,414 [INFO] ── Halaman 63: https://www.lapor.go.id/kisah-sukses?page=63
2026-04-01 10:28:12,293 [INFO]    -> 10 laporan ditemukan
2026-04-01 10:28:12,293 [INFO]    Detail: https://www.lapor.go.id/laporan/detil/pungli-202306160838261686879506401
2026-04-01 10:28:18,279 [INFO]       v ID=6644787 | Pungli | Pendidikan Dasar dan Menengah
2026-04-01 10:28:20,528 [INFO]    Detail: https://www.lapor.go.id/laporan/detil/tidak-ada-petunjuk-alur-pelayanan-202306160955271686884127279
2026-04-01 10:28:28,070 [INFO]       v ID=6644965 | tidak ada petunjuk alur pelayanan | None
2026-04-01 10:28:31,679 [INFO]    Detail: https://www.lapor.go.id/laporan/detil/dinas-p3appkb-202306190818391687137519086
2026-04-01 10:28:37,198 [INFO]       v ID=6649327 | Dinas P3Appkb | Layanan Online/Aplikasi Pemerintah
2026-04-01 10:28:40,461 [INFO]    Detail: https://www.lapor.go.id/laporan/detil/pengiriman-obat-dari-belanda-202306210810441687309844249
2026-04-01 10:28:46,905 [INFO]       v ID=6655531 | Pengiriman Obat dari Belanda | None
2026-04-01 10:28:50,181 [INFO]    Detail: https://www.lapor.go.id/laporan/detil/pengaduan-ikan-segar-yang-diduga-mengandung-formalin-202306210853381687312418121
2026-04-01 10:28:54,749 [INFO]       v ID=6655651 | Pengaduan Ikan Segar yang diduga mengandung F | None
2026-04-01 10:28:57,658 [INFO]    Detail: https://www.lapor.go.id/laporan/detil/dugaan-pengutan-liar-uang-operasional-pps-di-kabupaten-aceh-utara-202306211417331687331853774
2026-04-01 10:29:02,641 [INFO]       v ID=6656947 | Dugaan Pengutan Liar Uang Operasional Pps Di  | SP4N-LAPOR!
2026-04-01 10:29:06,626 [INFO]    Detail: https://www.lapor.go.id/laporan/detil/pemblokiran-jalan-202306220828401687397320012
2026-04-01 10:29:14,607 [INFO]       v ID=6658918 | Pemblokiran Jalan | Lainnya terkait Pertanahan
2026-04-01 10:29:17,664 [INFO]    Detail: https://www.lapor.go.id/laporan/detil/tentang-layanan-rsud-ulin-kalimantan-selatan-202306240040561687542056056
2026-04-01 10:29:26,615 [INFO]       v ID=6664867 | Tentang Layanan Rsud Ulin Kalimantan Selatan | Pengawasan Rumah Sakit
2026-04-01 10:29:30,190 [INFO]    Detail: https://www.lapor.go.id/laporan/detil/jalan-rusak-dan-belubang-di-desa-murung-panti-hilir-202306250601041687647664507
2026-04-01 10:29:34,915 [INFO]       v ID=6667702 | Jalan Rusak Dan Belubang Di Desa Murung Panti | Jalan Berlubang
2026-04-01 10:29:38,065 [INFO]    Detail: https://www.lapor.go.id/laporan/detil/jalan-berlubang-202306251317481687673868216
2026-04-01 10:29:44,986 [INFO]       v ID=6668374 | Jalan Berlubang | Jalan Berlubang
2026-04-01 10:29:47,996 [INFO]    Total terkumpul sejauh ini: 628 laporan

2026-04-01 10:29:50,144 [INFO] ── Halaman 64: https://www.lapor.go.id/kisah-sukses?page=64
2026-04-01 10:30:12,433 [INFO]    -> 10 laporan ditemukan
2026-04-01 10:30:12,433 [INFO]    Detail: https://www.lapor.go.id/laporan/detil/skck-202306261316131687760173931
2026-04-01 10:30:20,152 [INFO]       v ID=6671476 | SKCK | None
2026-04-01 10:30:23,958 [INFO]    Detail: https://www.lapor.go.id/laporan/detil/sim-202306261345051687761905613
2026-04-01 10:30:33,287 [INFO]       v ID=6671623 | SIM | None
2026-04-01 10:30:37,088 [INFO]    Detail: https://www.lapor.go.id/laporan/detil/spkt-202306261349081687762148385
2026-04-01 10:30:44,773 [INFO]       v ID=6671647 | SPKT | None
2026-04-01 10:30:48,292 [INFO]    Detail: https://www.lapor.go.id/laporan/detil/bantuan-renovasi-rumah-202306270920411687832441979
2026-04-01 10:30:54,524 [INFO]       v ID=6673741 | Bantuan Renovasi Rumah | Bantuan Sosial
2026-04-01 10:30:57,620 [INFO]    Detail: https://www.lapor.go.id/laporan/detil/dimana-untuk-pembuatan-krk-202306271237241687844244995
2026-04-01 10:31:03,011 [INFO]       v ID=6674671 | Dimana Untuk Pembuatan Krk | Infrastruktur Jalan
2026-04-01 10:31:06,932 [INFO]    Detail: https://www.lapor.go.id/laporan/detil/jalan-ks-tubun-rembang-rusak-parah-202307012025541688217954256
2026-04-01 10:31:13,033 [INFO]       v ID=6685246 | Minimnya Pencahayaan Di Jalan Ks Tubun Remban | Infrastruktur Jalan
2026-04-01 10:31:15,393 [INFO]    Detail: https://www.lapor.go.id/laporan/detil/jalan-rusak-202307031446071688370367453
2026-04-01 10:31:23,565 [INFO]       v ID=6690034 | JALAN RUSAK | Topik Lainnya
2026-04-01 10:31:26,064 [INFO]    Detail: https://www.lapor.go.id/laporan/detil/jalan-rusak-202307031450441688370644295
2026-04-01 10:31:30,777 [INFO]       v ID=6690046 | JALAN RUSAK | Jalan Berlubang
2026-04-01 10:31:33,032 [INFO]    Detail: https://www.lapor.go.id/laporan/detil/penangkapan-ikan-dengan-racun-apotas-di-sluke-202307041934221688474062834
2026-04-01 10:31:38,304 [INFO]       v ID=6694159 | Penangkapan Ikan Dengan Racun Apotas Di Sluke | Lainnya terkait Kelautan dan Perikanan
2026-04-01 10:31:41,638 [INFO]    Detail: https://www.lapor.go.id/laporan/detil/lapor-ketidakjelasan-sertifikat-tanah-202307051104351688529875773
2026-04-01 10:31:46,500 [INFO]       v ID=6696151 | Lapor Ketidakjelasan Sertifikat Tanah | Perlindungan Konsumen
2026-04-01 10:31:49,035 [INFO]    Total terkumpul sejauh ini: 638 laporan

2026-04-01 10:31:52,774 [INFO] ── Halaman 65: https://www.lapor.go.id/kisah-sukses?page=65
2026-04-01 10:32:11,200 [INFO]    -> 10 laporan ditemukan
2026-04-01 10:32:11,202 [INFO]    Detail: https://www.lapor.go.id/laporan/detil/hasil-pengadunan-yang-tidak-sesuai-kondisi-lapangan-202307110216131689016573357
2026-04-01 10:32:16,265 [INFO]       v ID=6712450 | Hasil Pengadunan Yang Tidak Sesuai Kondisi La | Lainnya terkait Ketenteraman, Ketertiban Umum, dan Pelindungan Masyarakat
2026-04-01 10:32:18,425 [INFO]    Detail: https://www.lapor.go.id/laporan/detil/membuat-skck-di-polres-lombok-timur-202307111359201689058760136
2026-04-01 10:32:24,637 [INFO]       v ID=6714118 | Membuat Skck Di Polres Lombok Timur | Kepolisian
2026-04-01 10:32:28,572 [INFO]    Detail: https://www.lapor.go.id/laporan/detil/bpnt-mei-juni-belum-cair-202307111847141689076034960
2026-04-01 10:32:35,169 [INFO]       v ID=6714865 | Bpnt Mei-Juni Belum Cair | Bantuan Sosial
2026-04-01 10:32:38,032 [INFO]    Detail: https://www.lapor.go.id/laporan/detil/harga-gas-elpiji-3-kg-202307171108201689566900744
2026-04-01 10:32:44,026 [INFO]       v ID=6719575 | Harga Gas Elpiji 3 Kg | Ketersediaan Barang Kebutuhan Pokok
2026-04-01 10:32:46,440 [INFO]    Detail: https://www.lapor.go.id/laporan/detil/pengaduan-202307161342261689489746139
2026-04-01 10:32:52,207 [INFO]       v ID=6728788 | Pengaduan | Bantuan Sosial
2026-04-01 10:32:54,636 [INFO]    Detail: https://www.lapor.go.id/laporan/detil/jalan-rusak-di-kecamatan-rasau-jaya-kabupaten-kubu-raya-202307162335511689525351856
2026-04-01 10:32:59,842 [INFO]       v ID=6729964 | Jalan Rusak Di Kecamatan Rasau Jaya Kabupaten | Infrastruktur Jalan
2026-04-01 10:33:03,208 [INFO]    Detail: https://www.lapor.go.id/laporan/detil/penerangan-jalan-mati-202307182006201689685580642
2026-04-01 10:33:08,937 [INFO]       v ID=6736975 | Penerangan Jalan Mati | Penerangan Jalan
2026-04-01 10:33:12,822 [INFO]    Detail: https://www.lapor.go.id/laporan/detil/bantuan-pip-pungli-bantuan-pip-pemotongan-bantuan-202307201001401689822100938
2026-04-01 10:33:18,677 [INFO]       v ID=6741061 | Bantuan Pip , Pungli Bantuan Pip , Pemotongan | Bantuan Sosial
2026-04-01 10:33:21,169 [INFO]    Detail: https://www.lapor.go.id/laporan/detil/kelangkaan-gas-3kg-202307221813421690024422457
2026-04-01 10:33:26,695 [INFO]       v ID=6748708 | Kelangkaan Gas 3Kg | Kepuasan Konsumen
2026-04-01 10:33:29,395 [INFO]    Detail: https://www.lapor.go.id/laporan/detil/lampu-pju-mati-202307222106271690034787117
2026-04-01 10:33:36,496 [INFO]       v ID=6748996 | Lampu Pju Mati | SP4N-LAPOR!
2026-04-01 10:33:38,651 [INFO]    Total terkumpul sejauh ini: 648 laporan

2026-04-01 10:33:41,122 [INFO] ── Halaman 66: https://www.lapor.go.id/kisah-sukses?page=66
2026-04-01 10:33:58,780 [INFO]    -> 10 laporan ditemukan
2026-04-01 10:33:58,780 [INFO]    Detail: https://www.lapor.go.id/laporan/detil/website-pemerintah-di-retas-202307241427071690183627459
2026-04-01 10:34:06,599 [INFO]       v ID=6752743 | Website  Pemerintah Di Retas | Blokir Website
2026-04-01 10:34:08,830 [INFO]    Detail: https://www.lapor.go.id/laporan/detil/pencemaran-lingkungan-202307241433201690184000573
2026-04-01 10:34:17,229 [INFO]       v ID=6752767 | Pencemaran lingkungan | None
2026-04-01 10:34:20,827 [INFO]    Detail: https://www.lapor.go.id/laporan/detil/aktifitas-membuang-sampah-sembarangan-di-pemukiman-202307241542071690188127685
2026-04-01 10:34:26,888 [INFO]       v ID=6753055 | Aktifitas Membuang Sampah Sembarangan Di Pemu | Pencemaran Lingkungan
2026-04-01 10:34:29,481 [INFO]    Detail: https://www.lapor.go.id/laporan/detil/link-pemerintah-telah-di-retas-202307250744321690245872679
2026-04-01 10:34:35,794 [INFO]       v ID=6754465 | Link Pemerintah Telah Di Retas | Blokir Website
2026-04-01 10:34:38,928 [INFO]    Detail: https://www.lapor.go.id/laporan/detil/link-pemerintah-di-retas-202307250745211690245921205
2026-04-01 10:34:43,578 [INFO]       v ID=6754471 | Link Pemerintah Di Retas | Blokir Website
2026-04-01 10:34:46,087 [INFO]    Detail: https://www.lapor.go.id/laporan/detil/link-pemerintah-di-retas-202307250747511690246071529
2026-04-01 10:34:51,660 [INFO]       v ID=6754480 | Link Pemerintah Di Retas | Blokir Website
2026-04-01 10:34:54,258 [INFO]    Detail: https://www.lapor.go.id/laporan/detil/permintan-update-email-202307311356531690786613221
2026-04-01 10:35:00,739 [INFO]       v ID=6773344 | permintan update email | None
2026-04-01 10:35:03,947 [INFO]    Detail: https://www.lapor.go.id/laporan/detil/di-pertamina-muara-labuh-solok-selatan-masyarakat-kesulitan-mendapatkan-bbm-202308031013521691032432171
2026-04-01 10:35:09,236 [INFO]       v ID=6782596 | Masyarakat Kesulitan Mendapatkan Bbm Di Spbu  | Ketertiban Umum
2026-04-01 10:35:12,223 [INFO]    Detail: https://www.lapor.go.id/laporan/detil/nakes-covid-tidak-dibayar-202308031339551691044795100
2026-04-01 10:35:18,532 [INFO]       v ID=6783280 | Nakes Covid Tidak Dibayar | Tenaga Medis/ STR
2026-04-01 10:35:20,666 [INFO]    Detail: https://www.lapor.go.id/laporan/detil/parkir-mobil-pribadi-di-jalanan-umum-202308062333321691339612346
2026-04-01 10:35:26,003 [INFO]       v ID=6785074 | Parkir Mobil Pribadi Di Jalanan Umum | Lainnya terkait Perhubungan
2026-04-01 10:35:29,114 [INFO]    Total terkumpul sejauh ini: 658 laporan

2026-04-01 10:35:32,446 [INFO] ── Halaman 67: https://www.lapor.go.id/kisah-sukses?page=67
2026-04-01 10:35:50,647 [INFO]    -> 10 laporan ditemukan
2026-04-01 10:35:50,647 [INFO]    Detail: https://www.lapor.go.id/laporan/detil/sampah-menyumbat-sungai-202308050856351691200595571
2026-04-01 10:35:56,027 [INFO]       v ID=6788725 | Sampah Menyumbat Sungai | Pencemaran Lingkungan
2026-04-01 10:35:59,827 [INFO]    Detail: https://www.lapor.go.id/laporan/detil/jalan-rusak-202308070904061691373846054
2026-04-01 10:36:07,862 [INFO]       v ID=6794539 | Jalan Rusak | Infrastruktur
2026-04-01 10:36:10,610 [INFO]    Detail: https://www.lapor.go.id/laporan/detil/bayar-eskul-sd-negri-202308090958041691549884341
2026-04-01 10:36:17,360 [INFO]       v ID=6801229 | Bayar Eskul Sd Negri | Pendidikan Dasar dan Menengah
2026-04-01 10:36:20,192 [INFO]    Detail: https://www.lapor.go.id/laporan/detil/parkir-liar-pungli--202308091413031691565183858
2026-04-01 10:36:25,623 [INFO]       v ID=6802084 | Parkir Liar (Pungli) | Lainnya terkait Perhubungan
2026-04-01 10:36:28,627 [INFO]    Detail: https://www.lapor.go.id/laporan/detil/test-bimtek-kaltim-jumlah-orang-utan-202308091814281691579668682
2026-04-01 10:36:36,039 [INFO]       v ID=6802555 | Test Bimtek Kaltim Jumlah Orang Utan | Kehutanan
2026-04-01 10:36:39,011 [INFO]    Detail: https://www.lapor.go.id/laporan/detil/lampu-lalu-lintas-rusak-202308092046151691588775543
2026-04-01 10:36:45,422 [INFO]       v ID=6802999 | Lampu Lalu Lintas Rusak | Lainnya terkait Perhubungan
2026-04-01 10:36:47,838 [INFO]    Detail: https://www.lapor.go.id/laporan/detil/perambahan-kawasan-202308101106321691640392842
2026-04-01 10:36:54,198 [INFO]       v ID=6804604 | Perambahan Kawasan | None
2026-04-01 10:36:57,082 [INFO]    Detail: https://www.lapor.go.id/laporan/detil/penerangan-jalan-202308111411141691737874959
2026-04-01 10:37:03,945 [INFO]       v ID=6808513 | Penerangan Jalan | Lainnya terkait Infrastruktur Jalan
2026-04-01 10:37:07,216 [INFO]    Detail: https://www.lapor.go.id/laporan/detil/informasi-jadi-guru-honor-di-sdn-laas-baru-1-202308131502531691913773514
2026-04-01 10:37:13,263 [INFO]       v ID=6813541 | Informasi Jadi Guru Honor Di Sdn Laas Baru 1 | Lainnya terkait Pendidikan Dasar dan Menengah
2026-04-01 10:37:16,872 [INFO]    Detail: https://www.lapor.go.id/laporan/detil/pelayanan-puskesmas-barong-tongkok-202308141042031691984523172
2026-04-01 10:37:21,919 [INFO]       v ID=6815494 | Pelayanan Puskesmas Barong Tongkok | Pelayanan Kesehatan
2026-04-01 10:37:24,762 [INFO]    Total terkumpul sejauh ini: 668 laporan

2026-04-01 10:37:28,696 [INFO] ── Halaman 68: https://www.lapor.go.id/kisah-sukses?page=68
2026-04-01 10:37:44,815 [INFO]    -> 10 laporan ditemukan
2026-04-01 10:37:44,816 [INFO]    Detail: https://www.lapor.go.id/laporan/detil/pelayanan-puskesmas-barong-tongkok-202308141056011691985361213
2026-04-01 10:37:50,925 [INFO]       v ID=6815563 | Pelayanan Puskesmas Barong Tongkok | Pelayanan Kesehatan
2026-04-01 10:37:54,102 [INFO]    Detail: https://www.lapor.go.id/laporan/detil/anak-jalanan-yang-meresahkan-202308150813391692062019925
2026-04-01 10:37:59,670 [INFO]       v ID=6818305 | Anak Jalanan Yang Meresahkan | Ketertiban Umum
2026-04-01 10:38:02,881 [INFO]    Detail: https://www.lapor.go.id/laporan/detil/pembakaran-limbah-202308151348541692082134590
2026-04-01 10:38:08,359 [INFO]       v ID=6819424 | Pembakaran Limbah | Pencemaran Lingkungan
2026-04-01 10:38:10,526 [INFO]    Detail: https://www.lapor.go.id/laporan/detil/topup-emoney-di-odeo-bilangnya-sudah-sukses-ternyata-sampai-saat-ini-masih-belum-masuk-saldo-topupnya--202308161001521692154912143
2026-04-01 10:38:16,953 [INFO]       v ID=6821833 | Topup Emoney Di Odeo (Bilangnya Sudah Sukses, | Perlindungan Konsumen
2026-04-01 10:38:20,688 [INFO]    Detail: https://www.lapor.go.id/laporan/detil/informasi-perijinan-perumahan-202308161039471692157187106
2026-04-01 10:38:27,050 [INFO]       v ID=6822043 | Informasi Perijinan Perumahan | Perumahan Bersubsidi dan Rumah Susun
2026-04-01 10:38:30,313 [INFO]    Detail: https://www.lapor.go.id/laporan/detil/proses-pembangunan-gudang-di-lahan-hijau-202308161247241692164844615
2026-04-01 10:38:37,220 [INFO]       v ID=6822505 | proses pembangunan gudang di lahan hijau | None
2026-04-01 10:38:39,497 [INFO]    Detail: https://www.lapor.go.id/laporan/detil/setahun-resign-honor-tidak-terselesaikan-202308161644311692179071064
2026-04-01 10:38:45,180 [INFO]       v ID=6823222 | Setahun Resign Honor Tidak Terselesaikan | Lainnya terkait Pendidik dan Tenaga Kependidikan
2026-04-01 10:38:48,375 [INFO]    Detail: https://www.lapor.go.id/laporan/detil/pajak-adat-atau-lapak-pedagang-kaki-lima-yang-tinggi-202308181033401692329620161
2026-04-01 10:38:53,514 [INFO]       v ID=6824125 | Pajak Adat Atau Lapak Pedagang Kaki Lima Yang | Retribusi Pajak
2026-04-01 10:38:55,694 [INFO]    Detail: https://www.lapor.go.id/laporan/detil/pajak-distribusi-daerah-atau-uang-adat-202308181036491692329809893
2026-04-01 10:39:01,333 [INFO]       v ID=6824140 | Pajak Distribusi Daerah Atau Uang Adat | Retribusi Pajak
2026-04-01 10:39:03,707 [INFO]    Detail: https://www.lapor.go.id/laporan/detil/akses-terbatas-pada-dokumen-perencanaan-daerah-kota-padangsidimpuan--202308182159241692370764822
2026-04-01 10:39:14,546 [INFO]       v ID=6828535 | Akses Terbatas Pada Dokumen Perencanaan Daera | Netralitas ASN
2026-04-01 10:39:17,678 [INFO]    Total terkumpul sejauh ini: 678 laporan

2026-04-01 10:39:21,078 [INFO] ── Halaman 69: https://www.lapor.go.id/kisah-sukses?page=69
2026-04-01 10:39:40,028 [INFO]    -> 10 laporan ditemukan
2026-04-01 10:39:40,028 [INFO]    Detail: https://www.lapor.go.id/laporan/detil/harga-gas-lpg-3kg-mahal-202308210819191692580759739
2026-04-01 10:39:46,228 [INFO]       v ID=6833386 | Harga gas LPG 3kg mahal | Perlindungan Konsumen terkait Listrik dan Gas Rumah Tangga
2026-04-01 10:39:49,974 [INFO]    Detail: https://www.lapor.go.id/laporan/detil/pengajuan-bantuan-pkh-202308210920131692584413474
2026-04-01 10:39:56,363 [INFO]       v ID=6833578 | Pengajuan Bantuan PKH | PKH Program Keluarga Harapan
2026-04-01 10:40:00,222 [INFO]    Detail: https://www.lapor.go.id/laporan/detil/informasi-kerjasama-dengan-bpbl-ambon-202308211019191692587959303
2026-04-01 10:40:06,194 [INFO]       v ID=6833929 | Informasi Kerjasama Dengan Bpbl Ambon | Kelautan dan Perikanan
2026-04-01 10:40:08,455 [INFO]    Detail: https://www.lapor.go.id/laporan/detil/pungli-dan-kolusi-di-pasar-pagi-ketapang-2-darul-imarah-aceh-besar-202308211312281692598348907
2026-04-01 10:40:15,314 [INFO]       v ID=6834808 | Pungli Dan  Kolusi Di Pasar Pagi Ketapang 2 D | Topik Lainnya
2026-04-01 10:40:18,320 [INFO]    Detail: https://www.lapor.go.id/laporan/detil/jalan-rusak-menuju-sma-al-azhar-6-cilegon-202308211502301692604950898
2026-04-01 10:40:24,132 [INFO]       v ID=6835210 | Jalan Rusak Menuju Sma Al-Azhar 6 Cilegon | Infrastruktur Jalan
2026-04-01 10:40:27,026 [INFO]    Detail: https://www.lapor.go.id/laporan/detil/laporan-pemutusan-suplai-distribusi-air-202308211540231692607223061
2026-04-01 10:40:33,585 [INFO]       v ID=6835354 | laporan pemutusan suplai distribusi air | None
2026-04-01 10:40:36,992 [INFO]    Detail: https://www.lapor.go.id/laporan/detil/pengaduan-pkl-202308220856091692669369765
2026-04-01 10:40:42,147 [INFO]       v ID=6837127 | Pengaduan PKL | None
2026-04-01 10:40:44,514 [INFO]    Detail: https://www.lapor.go.id/laporan/detil/pelayanan-kanim-yogyakarta-pada-hari-kemenkumham-2023-202308221132121692678732454
2026-04-01 10:40:51,471 [INFO]       v ID=6837805 | Pelayanan Kanim Yogyakarta pada Hari Kemenkum | None
2026-04-01 10:40:53,973 [INFO]    Detail: https://www.lapor.go.id/laporan/detil/bedah-rumah-202308241023351692847415348
2026-04-01 10:41:00,761 [INFO]       v ID=6844174 | Bedah Rumah | Bantuan Sosial
2026-04-01 10:41:04,318 [INFO]    Detail: https://www.lapor.go.id/laporan/detil/jalan-rusak-202308250841031692927663142
2026-04-01 10:41:09,763 [INFO]       v ID=6846781 | JALAN RUSAK | Lainnya terkait Infrastruktur Jalan
2026-04-01 10:41:12,433 [INFO]    Total terkumpul sejauh ini: 688 laporan

2026-04-01 10:41:15,387 [INFO] ── Halaman 70: https://www.lapor.go.id/kisah-sukses?page=70
2026-04-01 10:41:31,574 [INFO]    -> 10 laporan ditemukan
2026-04-01 10:41:31,574 [INFO]    Detail: https://www.lapor.go.id/laporan/detil/lampu-penerangan-jalan-umum-202308281507131693210033365
2026-04-01 10:41:37,128 [INFO]       v ID=6858358 | Lampu Penerangan Jalan Umum | Lainnya terkait Perhubungan
2026-04-01 10:41:39,753 [INFO]    Detail: https://www.lapor.go.id/laporan/detil/bagaimana-mengganti-nama-ibu-kandung-di-dapodik-sekolah--202309021542151693644135963
2026-04-01 10:41:46,616 [INFO]       v ID=6859339 | Bagaimana Mengganti Nama Ibu Kandung Di Dapod | Lainnya terkait Pendidikan Dasar dan Menengah
2026-04-01 10:41:49,611 [INFO]    Detail: https://www.lapor.go.id/laporan/detil/perbaiki-kinerja-samsat-jateng-baik-di-online-maupun-offline-202308301447241693381644288
2026-04-01 10:41:55,094 [INFO]       v ID=6866023 | Perbaiki Kinerja Samsat Jateng Baik Di Online | Pajak Daerah
2026-04-01 10:41:57,261 [INFO]    Detail: https://www.lapor.go.id/laporan/detil/pak-ogah-sebagai-penyebab-kemacetan-202308301826191693394779936
2026-04-01 10:42:03,735 [INFO]       v ID=6866551 | Pak Ogah Sebagai Penyebab Kemacetan | Lainnya terkait Ketenteraman, Ketertiban Umum, dan Pelindungan Masyarakat
2026-04-01 10:42:07,530 [INFO]    Detail: https://www.lapor.go.id/laporan/detil/kurangnya-penerangan-jalan-202308310811521693444312252
2026-04-01 10:42:12,622 [INFO]       v ID=6867922 | Kurangnya Penerangan Jalan | Penerangan Jalan
2026-04-01 10:42:14,770 [INFO]    Detail: https://www.lapor.go.id/laporan/detil/laporan-masyarakat-a-n-sdr-sumardin-moohulao-terhadap-izin-usaha-pt-transit-logistik-anggrek-202309010729171693528157683
2026-04-01 10:42:20,887 [INFO]       v ID=6871918 | Laporan Masyarakat a.n. Sdr. Sumardin Moohula | None
2026-04-01 10:42:23,170 [INFO]    Detail: https://www.lapor.go.id/laporan/detil/lpju-padam-belum-diperbaiki-202309040954041693796044161
2026-04-01 10:42:30,233 [INFO]       v ID=6881896 | LPJU Padam belum diperbaiki | Listrik
2026-04-01 10:42:33,620 [INFO]    Detail: https://www.lapor.go.id/laporan/detil/perbaikan-air-pdam-202309041153411693803221781
2026-04-01 10:42:40,976 [INFO]       v ID=6882448 | Perbaikan Air Pdam | Gangguan Layanan Penyaluran Air
2026-04-01 10:42:44,978 [INFO]    Detail: https://www.lapor.go.id/laporan/detil/peserta-bpjs-masih-harus-bayar-kontrol-di-puskesmas-202309080944481694141088098
2026-04-01 10:42:51,784 [INFO]       v ID=6886021 | Peserta Bpjs Masih Harus Bayar Kontrol Di Pus | Lainnya terkait Jaminan Sosial Kesehatan
2026-04-01 10:42:54,265 [INFO]    Detail: https://www.lapor.go.id/laporan/detil/banyak-pungli-di-sekolah-202309051829341693913374008
2026-04-01 10:43:02,419 [INFO]       v ID=6887719 | Banyak Pungli Di Sekolah | SP4N-LAPOR!
2026-04-01 10:43:05,244 [INFO]    Total terkumpul sejauh ini: 698 laporan

2026-04-01 10:43:07,313 [INFO] ── Halaman 71: https://www.lapor.go.id/kisah-sukses?page=71
2026-04-01 10:43:25,017 [INFO]    -> 10 laporan ditemukan
2026-04-01 10:43:25,017 [INFO]    Detail: https://www.lapor.go.id/laporan/detil/penebangan-pohon-tinggi-di-kampung-sasirangan-jalan-seberang-mesjid-202309061254351693979675669
2026-04-01 10:43:30,565 [INFO]       v ID=6890803 | Penebangan Pohon Tinggi Di Kampung Sasirangan | Lainnya terkait Kehutanan
2026-04-01 10:43:32,940 [INFO]    Detail: https://www.lapor.go.id/laporan/detil/biaya-yang-tidak-transparan-202309071434511694072091163
2026-04-01 10:43:38,071 [INFO]       v ID=6895315 | Biaya Yang Tidak Transparan | Lainnya terkait Kesehatan
2026-04-01 10:43:40,294 [INFO]    Detail: https://www.lapor.go.id/laporan/detil/penutupan-trotoar-putar-balik-yang-tidak-memiliki-tanda-putar-balik-202309080948121694141292680
2026-04-01 10:43:45,867 [INFO]       v ID=6898003 | Penutupan Trotoar Putar Balik Yang Tidak Memi | Trotoar
2026-04-01 10:43:48,436 [INFO]    Detail: https://www.lapor.go.id/laporan/detil/laporan-tidak-di-tindak-lanjuti-oleh-dinas-koperasi-ukm-dan-perdagangan-aceh-besar-202309121508261694506106809
2026-04-01 10:43:54,425 [INFO]       v ID=6898231 | Laporan Tidak Di Tindak Lanjuti Oleh Dinas Ko | Ketertiban Umum
2026-04-01 10:43:57,695 [INFO]    Detail: https://www.lapor.go.id/laporan/detil/jalan-rusak-tidak-diperbaiki--202309101403051694329385555
2026-04-01 10:44:04,384 [INFO]       v ID=6904612 | Jalan Rusak Tidak Diperbaiki. | Infrastruktur Jalan
2026-04-01 10:44:07,228 [INFO]    Detail: https://www.lapor.go.id/laporan/detil/gaji-ditahan-oleh-cv-segoro-kidul-pasuruan-202309110155131694372113307
2026-04-01 10:44:14,532 [INFO]       v ID=6906031 | Gaji Ditahan Oleh Cv.segoro Kidul Pasuruan | Hak Pekerja
2026-04-01 10:44:17,709 [INFO]    Detail: https://www.lapor.go.id/laporan/detil/respon-kepada-atasan-penyidik-202309110807331694394453439
2026-04-01 10:44:24,164 [INFO]       v ID=6906364 | Respon Kepada_Atasan_Penyidik | Lainnya terkait Hukum
2026-04-01 10:44:27,995 [INFO]    Detail: https://www.lapor.go.id/laporan/detil/pelayanan-samsat-202309111219031694409543246
2026-04-01 10:44:34,763 [INFO]       v ID=6907477 | Pelayanan Samsat | None
2026-04-01 10:44:37,717 [INFO]    Detail: https://www.lapor.go.id/laporan/detil/pelayanan-samsat-202309111221061694409666107
2026-04-01 10:44:44,455 [INFO]       v ID=6907492 | Pelayanan Samsat | None
2026-04-01 10:44:46,901 [INFO]    Detail: https://www.lapor.go.id/laporan/detil/pelayanan-samsat-202309121213221694495602476
2026-04-01 10:44:53,681 [INFO]       v ID=6911302 | Pelayanan Samsat | None
2026-04-01 10:44:55,754 [INFO]    Total terkumpul sejauh ini: 708 laporan

2026-04-01 10:44:58,616 [INFO] ── Halaman 72: https://www.lapor.go.id/kisah-sukses?page=72
2026-04-01 10:45:15,296 [INFO]    -> 10 laporan ditemukan
2026-04-01 10:45:15,296 [INFO]    Detail: https://www.lapor.go.id/laporan/detil/pelayanan-samsat-202309121215201694495720374
2026-04-01 10:45:21,647 [INFO]       v ID=6911332 | Pelayanan Samsat | None
2026-04-01 10:45:24,756 [INFO]    Detail: https://www.lapor.go.id/laporan/detil/pelayanan-cek-fisik-samsat-202309121217121694495832675
2026-04-01 10:45:31,616 [INFO]       v ID=6911344 | Pelayanan Cek Fisik Samsat | None
2026-04-01 10:45:33,705 [INFO]    Detail: https://www.lapor.go.id/laporan/detil/pemerasan-preman-pasar-terhadap-pedagang-202309140512591694643179764
2026-04-01 10:45:39,420 [INFO]       v ID=6917929 | Pemerasan Preman Pasar Terhadap Pedagang | Lainnya terkait Ketenteraman, Ketertiban Umum, dan Pelindungan Masyarakat
2026-04-01 10:45:43,254 [INFO]    Detail: https://www.lapor.go.id/laporan/detil/motor-tertukar-202309141048501694663330765
2026-04-01 10:45:48,294 [INFO]       v ID=6918949 | MOTOR TERTUKAR | None
2026-04-01 10:45:52,075 [INFO]    Detail: https://www.lapor.go.id/laporan/detil/adanya-para-pengamen-jalanan-di-lampu-merah-wonosari-gunungkidul-yang-memakai-peralatan-sound-di-beberapa-tempat-secara-bersamaan-dengan-waktu-yang-cukup-signifikan-sangatlah-mengganggu-keberadaannya-202309141109161694664556340
2026-04-01 10:45:56,951 [INFO]       v ID=6919084 | Adanya Para Pengamen  Jalanan Di Lampu Merah  | Ketertiban Umum
2026-04-01 10:45:59,484 [INFO]    Detail: https://www.lapor.go.id/laporan/detil/pelayanan-dan-fasilitas-kantor-samsat-202309141424031694676243950
2026-04-01 10:46:06,277 [INFO]       v ID=6919891 | Pelayanan dan Fasilitas Kantor Samsat | None
2026-04-01 10:46:09,540 [INFO]    Detail: https://www.lapor.go.id/laporan/detil/pemecahan-sertifikat-kabupaten-lampung-selatan-202309161131551694838715656
2026-04-01 10:46:18,173 [INFO]       v ID=6925774 | Pemecahan Sertifikat Kabupaten Lampung Selata | Sertifikat Tanah
2026-04-01 10:46:20,506 [INFO]    Detail: https://www.lapor.go.id/laporan/detil/pelayanan-samsat-202309181303141695016994399
2026-04-01 10:46:26,647 [INFO]       v ID=6931831 | Pelayanan Samsat | None
2026-04-01 10:46:29,845 [INFO]    Detail: https://www.lapor.go.id/laporan/detil/pelayanan-samsat-202309181304461695017086945
2026-04-01 10:46:37,314 [INFO]       v ID=6931837 | Pelayanan Samsat | None
2026-04-01 10:46:40,025 [INFO]    Detail: https://www.lapor.go.id/laporan/detil/penanganan-stunting-202309190950381695091838239
2026-04-01 10:46:49,412 [INFO]       v ID=6934585 | Penanganan stunting | Lainnya terkait Kepegawaian
2026-04-01 10:46:52,148 [INFO]    Total terkumpul sejauh ini: 718 laporan

2026-04-01 10:46:55,285 [INFO] ── Halaman 73: https://www.lapor.go.id/kisah-sukses?page=73
2026-04-01 10:47:14,663 [INFO]    -> 10 laporan ditemukan
2026-04-01 10:47:14,663 [INFO]    Detail: https://www.lapor.go.id/laporan/detil/penanganan-orang-dalam-gangguan-jiwa-odgj--202309202130421695220242997
2026-04-01 10:47:21,476 [INFO]       v ID=6937924 | PENANGANAN ORANG DALAM GANGGUAN JIWA (ODGJ) | None
2026-04-01 10:47:23,599 [INFO]    Detail: https://www.lapor.go.id/laporan/detil/sampah-menumpuk-202309210738471695256727750
2026-04-01 10:47:28,846 [INFO]       v ID=6939124 | Sampah Menumpuk | Pencemaran Lingkungan
2026-04-01 10:47:31,983 [INFO]    Detail: https://www.lapor.go.id/laporan/detil/mohon-peninjauan-lampu-lalu-lintas-di-jalan-samari-dari-arah-samari-ke-arah-sampuraga-baru--202309211158211695272301240
2026-04-01 10:47:37,134 [INFO]       v ID=6940480 | Mohon Peninjauan Lampu Lalu Lintas Di Jalan S | Lainnya terkait Perhubungan
2026-04-01 10:47:39,738 [INFO]    Detail: https://www.lapor.go.id/laporan/detil/pelayanan-202309211307591695276479197
2026-04-01 10:47:47,248 [INFO]       v ID=6940921 | Pelayanan | None
2026-04-01 10:47:50,253 [INFO]    Detail: https://www.lapor.go.id/laporan/detil/iuran-ilegas-sekolah-smp-202309222105261695391526576
2026-04-01 10:47:58,565 [INFO]       v ID=6948313 | Iuran Ilegas Sekolah Smp | Pendidikan Dasar dan Menengah
2026-04-01 10:48:01,457 [INFO]    Detail: https://www.lapor.go.id/laporan/detil/pungutan-sekolah-smp-202309222124081695392648902
2026-04-01 10:48:09,203 [INFO]       v ID=6948388 | Pungutan Sekolah Smp | Lainnya terkait Pendidikan Dasar dan Menengah
2026-04-01 10:48:12,610 [INFO]    Detail: https://www.lapor.go.id/laporan/detil/ketidak-pedulian-pemerintah-desa-pasir-kecamatan-kronjo-202309231323231695450203667
2026-04-01 10:48:17,865 [INFO]       v ID=6950653 | Ketidak Pedulian Pemerintah Desa Pasir Kecama | Topik Lainnya
2026-04-01 10:48:20,109 [INFO]    Detail: https://www.lapor.go.id/laporan/detil/trotoar-202309250833121695605592415
2026-04-01 10:48:27,046 [INFO]       v ID=6956323 | Trotoar | Infrastruktur Pendukung
2026-04-01 10:48:30,673 [INFO]    Detail: https://www.lapor.go.id/laporan/detil/kesulitan-air-bersih-202309251116301695615390523
2026-04-01 10:48:38,045 [INFO]       v ID=6957238 | Kesulitan Air Bersih | Layanan Air Minum
2026-04-01 10:48:40,618 [INFO]    Detail: https://www.lapor.go.id/laporan/detil/pelayanan-samsat-202309251141301695616890402
2026-04-01 10:48:49,274 [INFO]       v ID=6957436 | Pelayanan Samsat | None
2026-04-01 10:48:51,857 [INFO]    Total terkumpul sejauh ini: 728 laporan

2026-04-01 10:48:54,612 [INFO] ── Halaman 74: https://www.lapor.go.id/kisah-sukses?page=74
2026-04-01 10:49:14,017 [INFO]    -> 10 laporan ditemukan
2026-04-01 10:49:14,019 [INFO]    Detail: https://www.lapor.go.id/laporan/detil/pelayanan-samsat-202309251143311695617011598
2026-04-01 10:49:20,630 [INFO]       v ID=6957448 | Pelayanan Samsat | None
2026-04-01 10:49:22,674 [INFO]    Detail: https://www.lapor.go.id/laporan/detil/dugaan-kerugian-negara-oleh-ombudsman-kalbar-202309251613011695633181759
2026-04-01 10:49:28,401 [INFO]       v ID=6958798 | Dugaan Kerugian Negara Oleh Ombudsman Kalbar | Topik Lainnya
2026-04-01 10:49:30,617 [INFO]    Detail: https://www.lapor.go.id/laporan/detil/toilet-balaikota-tidak-terawat-202309270805461695776746264
2026-04-01 10:49:37,339 [INFO]       v ID=6964372 | Toilet Balaikota Tidak Terawat | Ketertiban Umum
2026-04-01 10:49:39,503 [INFO]    Detail: https://www.lapor.go.id/laporan/detil/pelayanan-samsat-202309270934031695782043057
2026-04-01 10:49:47,187 [INFO]       v ID=6964717 | Pelayanan Samsat | None
2026-04-01 10:49:50,781 [INFO]    Detail: https://www.lapor.go.id/laporan/detil/pelayanan-samsat-202309270935201695782120175
2026-04-01 10:49:58,164 [INFO]       v ID=6964732 | Pelayanan Samsat | None
2026-04-01 10:50:00,384 [INFO]    Detail: https://www.lapor.go.id/laporan/detil/laporan-tenaga-kesehatan-pusmesmas-tempursari-202309271030021695785402026
2026-04-01 10:50:07,809 [INFO]       v ID=6965035 | Laporan Tenaga Kesehatan Pusmesmas Tempursari | None
2026-04-01 10:50:10,476 [INFO]    Detail: https://www.lapor.go.id/laporan/detil/laporan-pemaksaan-pembayaran-sekolah-202309271209161695791356343
2026-04-01 10:50:16,760 [INFO]       v ID=6965482 | Laporan Pemaksaan Pembayaran Sekolah | Biaya Sekolah
2026-04-01 10:50:19,526 [INFO]    Detail: https://www.lapor.go.id/laporan/detil/tidak-adanya-aliran-air-pdam-dari-hari-senin-25-09-23-sd-30-09-23-di-rumah-saya-kabupaten-sukabumi-desa-cisarua-kecamatan-nagrak-202310010024561696094696676
2026-04-01 10:50:27,487 [INFO]       v ID=6979474 | Tidak Adanya Aliran Air Pdam Dari Hari Senin  | Gangguan Layanan Penyaluran Air
2026-04-01 10:50:30,912 [INFO]    Detail: https://www.lapor.go.id/laporan/detil/tarikan-sumbangan-pembelian-mobil-smpn-1-po-tidak-masuk-akal-sehat--202310051003371696475017494
2026-04-01 10:50:38,829 [INFO]       v ID=6979942 | Tarikan Sumbangan Pembelian Mobil Smpn 1 Po T | Lainnya terkait Pendidikan Dasar dan Menengah
2026-04-01 10:50:42,748 [INFO]    Detail: https://www.lapor.go.id/laporan/detil/alat-bhp-mesin-hemodialisa-kurang--202310020811071696209067773
2026-04-01 10:50:48,553 [INFO]       v ID=6982795 | Alat Bhp Mesin Hemodialisa Kurang. | Lainnya terkait Kesehatan
2026-04-01 10:50:50,976 [INFO]    Total terkumpul sejauh ini: 738 laporan

2026-04-01 10:50:54,532 [INFO] ── Halaman 75: https://www.lapor.go.id/kisah-sukses?page=75
2026-04-01 10:51:15,277 [INFO]    -> 10 laporan ditemukan
2026-04-01 10:51:15,277 [INFO]    Detail: https://www.lapor.go.id/laporan/detil/pelayanan-samsat-202310021150041696222204973
2026-04-01 10:51:22,932 [INFO]       v ID=6983797 | Pelayanan Samsat | None
2026-04-01 10:51:25,410 [INFO]    Detail: https://www.lapor.go.id/laporan/detil/pelayanan-samsat-202310021152041696222324159
2026-04-01 10:51:32,174 [INFO]       v ID=6983803 | Pelayanan Samsat | None
2026-04-01 10:51:34,592 [INFO]    Detail: https://www.lapor.go.id/laporan/detil/pelayanan-samsat-202310021154351696222475719
2026-04-01 10:51:41,754 [INFO]       v ID=6983821 | Pelayanan Samsat | None
2026-04-01 10:51:44,949 [INFO]    Detail: https://www.lapor.go.id/laporan/detil/panitia-seleksi-lelang-terbuka-jptp-kab-sumba-barat-daya-tidak-transparan-dan-tidak-konsisten-202310021626261696238786578
2026-04-01 10:51:50,355 [INFO]       v ID=6984808 | Panitia Seleksi Lelang Terbuka Jptp Kab. Sumb | Lainnya terkait Kepegawaian
2026-04-01 10:51:53,861 [INFO]    Detail: https://www.lapor.go.id/laporan/detil/pelayanan-samsat-202310031055401696305340357
2026-04-01 10:52:01,606 [INFO]       v ID=6987229 | Pelayanan Samsat | None
2026-04-01 10:52:03,936 [INFO]    Detail: https://www.lapor.go.id/laporan/detil/pelayanan-samsat-202310031057321696305452529
2026-04-01 10:52:12,113 [INFO]       v ID=6987247 | Pelayanan  Samsat | None
2026-04-01 10:52:15,287 [INFO]    Detail: https://www.lapor.go.id/laporan/detil/pelayanan-samsat-202310041140221696394422978
2026-04-01 10:52:23,570 [INFO]       v ID=6991630 | Pelayanan Samsat | None
2026-04-01 10:52:25,587 [INFO]    Detail: https://www.lapor.go.id/laporan/detil/pelayanan-samsat-202310041141391696394499881
2026-04-01 10:52:33,300 [INFO]       v ID=6991642 | Pelayanan Samsat | None
2026-04-01 10:52:36,046 [INFO]    Detail: https://www.lapor.go.id/laporan/detil/rkpdes-rapbdes-ciptaharja-kecamatan-cipatat-kabupaten-bandung-barat-propinsi-jawa-barat-202310050557191696460239494
2026-04-01 10:52:44,041 [INFO]       v ID=6994573 | Rkpdes, Rapbdes Ciptaharja Kecamatan Cipatat  | Lainnya terkait Pembangunan Desa, Daerah Tertinggal, dan Transmigrasi
2026-04-01 10:52:46,708 [INFO]    Detail: https://www.lapor.go.id/laporan/detil/kebingungan-dengan-alur-pendaftaran-proses-pajak-5-tahun-ganti-plat-202310052347321696524452349
2026-04-01 10:52:53,174 [INFO]       v ID=6998407 | Kebingungan dengan alur Pendaftaran Proses Pa | None
2026-04-01 10:52:56,677 [INFO]    Total terkumpul sejauh ini: 748 laporan

2026-04-01 10:52:58,693 [INFO] ── Halaman 76: https://www.lapor.go.id/kisah-sukses?page=76
2026-04-01 10:53:17,614 [INFO]    -> 10 laporan ditemukan
2026-04-01 10:53:17,628 [INFO]    Detail: https://www.lapor.go.id/laporan/detil/polisi-tidur-yang-membahayakan-pengguna-jalan-202310080856451696730205737
2026-04-01 10:53:23,677 [INFO]       v ID=7003636 | Polisi Tidur Yang Membahayakan Pengguna Jalan | Ketertiban Umum
2026-04-01 10:53:25,715 [INFO]    Detail: https://www.lapor.go.id/laporan/detil/penipuan-on-line-202310080937311696732651435
2026-04-01 10:53:31,392 [INFO]       v ID=7003711 | Penipuan On Line | Perbankan
2026-04-01 10:53:35,323 [INFO]    Detail: https://www.lapor.go.id/laporan/detil/penyusunan-bronjong-kurang-rapi-202310111353311697007211716
2026-04-01 10:53:41,426 [INFO]       v ID=7015876 | Penyusunan Bronjong Kurang Rapi | None
2026-04-01 10:53:45,322 [INFO]    Detail: https://www.lapor.go.id/laporan/detil/laporan-izin-penelitian-202310160911221697422282894
2026-04-01 10:53:51,711 [INFO]       v ID=7029094 | Laporan izin penelitian | None
2026-04-01 10:53:55,409 [INFO]    Detail: https://www.lapor.go.id/laporan/detil/pengaduan-rekomendasi-penelitian-202310161013521697426032467
2026-04-01 10:54:01,664 [INFO]       v ID=7029388 | Pengaduan rekomendasi penelitian | None
2026-04-01 10:54:05,244 [INFO]    Detail: https://www.lapor.go.id/laporan/detil/perpanjangan-stnk-5-tahun-1-kali-202310161115101697429710937
2026-04-01 10:54:11,846 [INFO]       v ID=7029625 | Perpanjangan Stnk 5 Tahun 1 Kali | Pemulihan Ekonomi Nasional
2026-04-01 10:54:15,008 [INFO]    Detail: https://www.lapor.go.id/laporan/detil/bingung-selanjutnya-kemana-202310161243101697434990655
2026-04-01 10:54:20,783 [INFO]       v ID=7029955 | Bingung Selanjutnya Kemana | Lainnya terkait Kesehatan
2026-04-01 10:54:23,806 [INFO]    Detail: https://www.lapor.go.id/laporan/detil/dinas-pendidikan-kota-padangsidimpuan-tidak-melayani-dengan-baik-202310182118081697638688695
2026-04-01 10:54:28,621 [INFO]       v ID=7037899 | Dinas Pendidikan Kota Padangsidimpuan Tidak M | SP4N-LAPOR!
2026-04-01 10:54:31,958 [INFO]    Detail: https://www.lapor.go.id/laporan/detil/bau-sampah-202310200827031697765223658
2026-04-01 10:54:38,279 [INFO]       v ID=7042297 | Bau Sampah | Pencemaran Lingkungan
2026-04-01 10:54:41,867 [INFO]    Detail: https://www.lapor.go.id/laporan/detil/pengaduan-pegawai-kontrak-an-agus-dwi-hartanto-202310230935321698028532289
2026-04-01 10:54:47,540 [INFO]       v ID=7049500 | Pengaduan Pegawai Kontrak An. Agus Dwi Hartan | Topik Lainnya
2026-04-01 10:54:51,483 [INFO]    Total terkumpul sejauh ini: 758 laporan

2026-04-01 10:54:53,705 [INFO] ── Halaman 77: https://www.lapor.go.id/kisah-sukses?page=77
2026-04-01 10:55:14,026 [INFO]    -> 10 laporan ditemukan
2026-04-01 10:55:14,026 [INFO]    Detail: https://www.lapor.go.id/laporan/detil/permintaan-informasi-terkait-pengangkatan-perangkat-desa-di-kabupaten-jember-202310231857041698062224796
2026-04-01 10:55:20,186 [INFO]       v ID=7051309 | Permintaan Informasi Terkait Pengangkatan Per | Lainnya terkait Ketenagakerjaan
2026-04-01 10:55:22,324 [INFO]    Detail: https://www.lapor.go.id/laporan/detil/wisata-di-surakarta-202310241348311698130111675
2026-04-01 10:55:28,886 [INFO]       v ID=7053835 | Wisata Di Surakarta | Destinasi Pariwisata
2026-04-01 10:55:32,746 [INFO]    Detail: https://www.lapor.go.id/laporan/detil/tidak-ada-tindakan-pembersihan-sampah-yang-dilakukan-oleh-petugas-kebersihan-202310251158241698209904094
2026-04-01 10:55:37,477 [INFO]       v ID=7057279 | Tidak Ada Tindakan Pembersihan Sampah Yang Di | SP4N-LAPOR!
2026-04-01 10:55:41,024 [INFO]    Detail: https://www.lapor.go.id/laporan/detil/penambahan-alat-check-in-pendafataran-202310252101571698242517494
2026-04-01 10:55:50,662 [INFO]       v ID=7058830 | Penambahan Alat Check In Pendafataran | None
2026-04-01 10:55:54,575 [INFO]    Detail: https://www.lapor.go.id/laporan/detil/layanan-kamar-bersalin-202310260831181698283878143
2026-04-01 10:55:59,919 [INFO]       v ID=7059718 | Layanan kamar bersalin | None
2026-04-01 10:56:03,312 [INFO]    Detail: https://www.lapor.go.id/laporan/detil/kepada-kelurahan-desa-sukaragam-202310301922381698668558803
2026-04-01 10:56:09,622 [INFO]       v ID=7061158 | Kepada Kelurahan/Desa Sukaragam | Lainnya terkait Industri Keuangan Non-Bank
2026-04-01 10:56:13,173 [INFO]    Detail: https://www.lapor.go.id/laporan/detil/berikut-sya-lampirkan-foto-baliho-rokok-yg-menutupi-iklan-kami-202310271118301698380310605
2026-04-01 10:56:18,640 [INFO]       v ID=7063465 | Berikut sya lampirkan foto baliho rokok yg me | None
2026-04-01 10:56:21,089 [INFO]    Detail: https://www.lapor.go.id/laporan/detil/melamar-pekerjaan-tenaga-kesehatan-202310300814201698628460577
2026-04-01 10:56:27,192 [INFO]       v ID=7069876 | Melamar Pekerjaan Tenaga Kesehatan | Rekrutmen Tenagakerja
2026-04-01 10:56:29,936 [INFO]    Detail: https://www.lapor.go.id/laporan/detil/sinkronisasi-foto-ktpel-202310301006251698635185899
2026-04-01 10:56:35,138 [INFO]       v ID=7070278 | Sinkronisasi Foto KTPEL | None
2026-04-01 10:56:38,398 [INFO]    Detail: https://www.lapor.go.id/laporan/detil/info-pelayanan-ktp-202310301446461698652006351
2026-04-01 10:56:45,700 [INFO]       v ID=7071337 | Info Pelayanan Ktp | Administrasi Kependudukan dan Pencatatan Sipil
2026-04-01 10:56:47,915 [INFO]    Total terkumpul sejauh ini: 768 laporan

2026-04-01 10:56:51,343 [INFO] ── Halaman 78: https://www.lapor.go.id/kisah-sukses?page=78
2026-04-01 10:57:07,849 [INFO]    -> 10 laporan ditemukan
2026-04-01 10:57:07,849 [INFO]    Detail: https://www.lapor.go.id/laporan/detil/jalan-rusak-dan-berlubang-202311011156351698814595368
2026-04-01 10:57:14,949 [INFO]       v ID=7077295 | Jalan Rusak dan berlubang | Infrastruktur Jalan
2026-04-01 10:57:17,846 [INFO]    Detail: https://www.lapor.go.id/laporan/detil/laporan-pungli-oleh-staff-kelurahan-mangunjaya-202311011246021698817562787
2026-04-01 10:57:23,722 [INFO]       v ID=7077535 | Laporan Pungli Oleh Staff Kelurahan Mangunjay | Pajak Daerah
2026-04-01 10:57:26,739 [INFO]    Detail: https://www.lapor.go.id/laporan/detil/terkait-indikasi-pungli-di-satuan-pendidikan-sekolah-dasar-202311030938001698979080378
2026-04-01 10:57:32,199 [INFO]       v ID=7083499 | Terkait Indikasi Pungli Di Satuan Pendidikan  | Pendidikan Dasar dan Menengah
2026-04-01 10:57:34,885 [INFO]    Detail: https://www.lapor.go.id/laporan/detil/mari-menulis-202311031421551698996115025
2026-04-01 10:57:42,410 [INFO]       v ID=7084555 | mari menulis | Topik Lainnya
2026-04-01 10:57:46,051 [INFO]    Detail: https://www.lapor.go.id/laporan/detil/permohonan-pengadaan-lampu-jalan-202311051908511699186131147
2026-04-01 10:57:52,962 [INFO]       v ID=7090225 | Permohonan Pengadaan Lampu Jalan | Penerangan Jalan
2026-04-01 10:57:56,417 [INFO]    Detail: https://www.lapor.go.id/laporan/detil/pengaduan-pelaksanaan-pembangunan-embung-kabupaten-semarang-ta-2023-bbws-pemali-juana-202311061017071699240627906
2026-04-01 10:58:02,611 [INFO]       v ID=7092133 | Pengaduan Pelaksanaan Pembangunan Embung Kabu | Lainnya terkait Korupsi, Kolusi, dan Nepotisme
2026-04-01 10:58:06,465 [INFO]    Detail: https://www.lapor.go.id/laporan/detil/lampu-penerangan-jalan-202311061700111699264811189
2026-04-01 10:58:12,706 [INFO]       v ID=7093729 | Lampu Penerangan Jalan | Infrastruktur Jalan
2026-04-01 10:58:16,662 [INFO]    Detail: https://www.lapor.go.id/laporan/detil/indonesia-ukm-expo-di-myanmar-202311080846161699407976721
2026-04-01 10:58:25,442 [INFO]       v ID=7099675 | Indonesia UKM Expo di Myanmar | UMKM
2026-04-01 10:58:28,750 [INFO]    Detail: https://www.lapor.go.id/laporan/detil/pkh-yang-dihapuskan-202311080855061699408506459
2026-04-01 10:58:33,790 [INFO]       v ID=7099708 | Pkh Yang Dihapuskan | Anggaran dan Perbendaharaan
2026-04-01 10:58:37,469 [INFO]    Detail: https://www.lapor.go.id/laporan/detil/setiap-pagi-pasar-watesbelung-macet-202311081019181699413558931
2026-04-01 10:58:43,192 [INFO]       v ID=7100005 | Setiap Pagi Pasar Watesbelung Macet | SP4N-LAPOR!
2026-04-01 10:58:45,698 [INFO]    Total terkumpul sejauh ini: 778 laporan

2026-04-01 10:58:48,356 [INFO] ── Halaman 79: https://www.lapor.go.id/kisah-sukses?page=79
2026-04-01 10:59:05,456 [INFO]    -> 10 laporan ditemukan
2026-04-01 10:59:05,456 [INFO]    Detail: https://www.lapor.go.id/laporan/detil/pungutan-liar-di-satuan-pendidikan-sd-negeri-somoroto-1-202311090844571699494297728
2026-04-01 10:59:10,964 [INFO]       v ID=7103338 | Pungutan Liar Di Satuan Pendidikan Sd Negeri  | Pendidikan Dasar dan Menengah
2026-04-01 10:59:14,175 [INFO]    Detail: https://www.lapor.go.id/laporan/detil/gapura-kab-pemalang-patah-202311090924201699496660333
2026-04-01 10:59:21,128 [INFO]       v ID=7103533 | Gapura Kab. Pemalang Patah | Lainnya terkait Pekerjaan Umum dan Penataan Ruang
2026-04-01 10:59:23,426 [INFO]    Detail: https://www.lapor.go.id/laporan/detil/minta-surat-rujukan-202311091108411699502921548
2026-04-01 10:59:29,580 [INFO]       v ID=7104103 | minta surat rujukan | Pelayanan Kesehatan
2026-04-01 10:59:32,711 [INFO]    Detail: https://www.lapor.go.id/laporan/detil/air-minum-tidak-hidup-2-bulan-sept-s-d-sekarang--202311092300361699545636779
2026-04-01 10:59:39,570 [INFO]       v ID=7106173 | Air Minum Tidak Hidup 2 Bulan (Sept S.d Sekar | Layanan Air Minum
2026-04-01 10:59:42,246 [INFO]    Detail: https://www.lapor.go.id/laporan/detil/pembuangan-sampah-oleh-masyarakat-di-lahan-kosong-non-tps-202311101708191699610899303
2026-04-01 10:59:48,756 [INFO]       v ID=7108597 | Pembuangan Sampah Oleh Masyarakat Di Lahan Ko | Pencemaran Lingkungan
2026-04-01 10:59:51,149 [INFO]    Detail: https://www.lapor.go.id/laporan/detil/dugaan-pungli-di-djnas-lingkungan-hidup-deli-serdang-202311131405471699859147077
2026-04-01 10:59:57,557 [INFO]       v ID=7115563 | Dugaan Pungli Di Djnas Lingkungan Hidup Deli  | Lainnya terkait Ekonomi dan Keuangan
2026-04-01 11:00:01,250 [INFO]    Detail: https://www.lapor.go.id/laporan/detil/provokator-di-musholla-202311140413581699910038182
2026-04-01 11:00:09,531 [INFO]       v ID=7117387 | Provokator Di Musholla | Lainnya terkait Agama
2026-04-01 11:00:11,744 [INFO]    Detail: https://www.lapor.go.id/laporan/detil/bencana-alam-kekeringan-202311160841551700098915391
2026-04-01 11:00:19,095 [INFO]       v ID=7125013 | Bencana Alam Kekeringan | None
2026-04-01 11:00:22,420 [INFO]    Detail: https://www.lapor.go.id/laporan/detil/bencana-alam-kekeringan-202311220830181700616618335
2026-04-01 11:00:28,132 [INFO]       v ID=7144885 | Bencana Alam kekeringan | None
2026-04-01 11:00:31,931 [INFO]    Detail: https://www.lapor.go.id/laporan/detil/bencana-kekeringan-202311220903341700618614486
2026-04-01 11:00:41,182 [INFO]       v ID=7145026 | Bencana Kekeringan | None
2026-04-01 11:00:43,615 [INFO]    Total terkumpul sejauh ini: 788 laporan

2026-04-01 11:00:46,021 [INFO] ── Halaman 80: https://www.lapor.go.id/kisah-sukses?page=80
2026-04-01 11:01:04,575 [INFO]    -> 10 laporan ditemukan
2026-04-01 11:01:04,575 [INFO]    Detail: https://www.lapor.go.id/laporan/detil/bencana-kekeringan-202311221017421700623062951
2026-04-01 11:01:10,693 [INFO]       v ID=7145353 | Bencana Kekeringan | None
2026-04-01 11:01:13,751 [INFO]    Detail: https://www.lapor.go.id/laporan/detil/bencana-kekeringan-202311221048211700624901196
2026-04-01 11:01:19,184 [INFO]       v ID=7145509 | Bencana kekeringan | None
2026-04-01 11:01:21,275 [INFO]    Detail: https://www.lapor.go.id/laporan/detil/bencana-kekeringan-202311221303231700633003041
2026-04-01 11:01:27,854 [INFO]       v ID=7146055 | Bencana Kekeringan | None
2026-04-01 11:01:30,523 [INFO]    Detail: https://www.lapor.go.id/laporan/detil/bencana-kekeringan-202311221439391700638779760
2026-04-01 11:01:36,293 [INFO]       v ID=7146433 | Bencana Kekeringan | None
2026-04-01 11:01:38,776 [INFO]    Detail: https://www.lapor.go.id/laporan/detil/penipuan-kartu-kredit-untuk-transaksi-bliblicom
2026-04-01 11:01:46,036 [INFO]       v ID=7147615 | Penipuan Kartu Kredit Untuk Transaksi Blibli. | Perlindungan Konsumen
2026-04-01 11:01:49,711 [INFO]    Detail: https://www.lapor.go.id/laporan/detil/coba-lapor-202311231329361700720976101
2026-04-01 11:01:54,684 [INFO]       v ID=7149826 | Coba Lapor | SP4N-LAPOR!
2026-04-01 11:01:56,901 [INFO]    Detail: https://www.lapor.go.id/laporan/detil/pindah-homebase-tapi-tdk-direspon-oleh-kepal-lldikti-14-wilayah-papua-papua-barat-papua-tengah-papua-pegunungan-papua-pegunungan-papua-selatan-papua-barat-daya--202311242035351700832935017
2026-04-01 11:02:03,370 [INFO]       v ID=7155220 | Pindah Homebase Tapi Tdk Direspon Oleh Kepalà | Pendidikan Tinggi
2026-04-01 11:02:06,752 [INFO]    Detail: https://www.lapor.go.id/laporan/detil/warga-terlantar-oleh-keluarganya-202311250935581700879758111
2026-04-01 11:02:17,974 [INFO]       v ID=7156603 | Warga Terlantar Oleh Keluarganya | Bantuan Sosial
2026-04-01 11:02:21,626 [INFO]    Detail: https://www.lapor.go.id/laporan/detil/kami-pekerja-proyek-pembangunan-gedung-bpn-kab-malaka-ntt-di-terlantarkan-202311260604371700953477930
2026-04-01 11:02:28,924 [INFO]       v ID=7159222 | Kami Pekerja Proyek Pembangunan Gedung Bpn Ka | Hak Pekerja
2026-04-01 11:02:32,590 [INFO]    Detail: https://www.lapor.go.id/laporan/detil/bencana-kekeringan-202311260727571700958477695
2026-04-01 11:02:39,333 [INFO]       v ID=7159315 | Bencana Kekeringan | None
2026-04-01 11:02:42,300 [INFO]    Total terkumpul sejauh ini: 798 laporan

2026-04-01 11:02:45,740 [INFO] ── Halaman 81: https://www.lapor.go.id/kisah-sukses?page=81
2026-04-01 11:03:02,839 [INFO]    -> 10 laporan ditemukan
2026-04-01 11:03:02,839 [INFO]    Detail: https://www.lapor.go.id/laporan/detil/bencana-kekeringan-202311260747111700959631896
2026-04-01 11:03:07,964 [INFO]       v ID=7159354 | Bencana Kekeringan | None
2026-04-01 11:03:10,386 [INFO]    Detail: https://www.lapor.go.id/laporan/detil/sdm-di-kabupaten-biak-numfor-202311270158021701025082275
2026-04-01 11:03:15,458 [INFO]       v ID=7161343 | Sdm Di Kabupaten Biak Numfor | Lainnya terkait Pendidikan dan Kebudayaan
2026-04-01 11:03:18,850 [INFO]    Detail: https://www.lapor.go.id/laporan/detil/banyak-beredar-iklan-calo-perizinan-pirt-202311270945441701053144393
2026-04-01 11:03:24,199 [INFO]       v ID=7162255 | Banyak beredar Iklan Calo Perizinan PIRT | None
2026-04-01 11:03:26,897 [INFO]    Detail: https://www.lapor.go.id/laporan/detil/pendayaan-odgj-202311271725091701080709333
2026-04-01 11:03:33,574 [INFO]       v ID=7164070 | Pendayaan Odgj | SP4N-LAPOR!
2026-04-01 11:03:36,709 [INFO]    Detail: https://www.lapor.go.id/laporan/detil/pekerja-anak-di-jalanan-202311281333281701153208708
2026-04-01 11:03:43,667 [INFO]       v ID=7166881 | Pekerja Anak Di Jalanan | Eksploitasi Anak
2026-04-01 11:03:45,852 [INFO]    Detail: https://www.lapor.go.id/laporan/detil/bencana-kekeringan-202311291703191701252199794
2026-04-01 11:03:51,872 [INFO]       v ID=7171222 | Bencana  Kekeringan | None
2026-04-01 11:03:55,111 [INFO]    Detail: https://www.lapor.go.id/laporan/detil/bencana-kekeringan-202311291710271701252627899
2026-04-01 11:04:02,280 [INFO]       v ID=7171246 | Bencana Kekeringan | None
2026-04-01 11:04:06,085 [INFO]    Detail: https://www.lapor.go.id/laporan/detil/bencana-kekeringan-202311301918291701346709049
2026-04-01 11:04:12,623 [INFO]       v ID=7177816 | Bencana Kekeringan | None
2026-04-01 11:04:16,313 [INFO]    Detail: https://www.lapor.go.id/laporan/detil/bencana-kekeringan-202311301923071701346987352
2026-04-01 11:04:21,877 [INFO]       v ID=7177834 | Bencana Kekeringan | None
2026-04-01 11:04:25,572 [INFO]    Detail: https://www.lapor.go.id/laporan/detil/bencana-kekeringan-202311301928221701347302706
2026-04-01 11:04:32,080 [INFO]       v ID=7177861 | Bencana Kekeringan | None
2026-04-01 11:04:35,951 [INFO]    Total terkumpul sejauh ini: 808 laporan

2026-04-01 11:04:38,820 [INFO] ── Halaman 82: https://www.lapor.go.id/kisah-sukses?page=82
2026-04-01 11:04:56,514 [INFO]    -> 10 laporan ditemukan
2026-04-01 11:04:56,514 [INFO]    Detail: https://www.lapor.go.id/laporan/detil/bencana-kekeringan-202311301935231701347723570
2026-04-01 11:05:02,290 [INFO]       v ID=7177900 | Bencana Kekeringan | None
2026-04-01 11:05:05,330 [INFO]    Detail: https://www.lapor.go.id/laporan/detil/bencana-kekeringan-202311301940041701348004462
2026-04-01 11:05:11,221 [INFO]       v ID=7177918 | Bencana Kekeringan | None
2026-04-01 11:05:14,444 [INFO]    Detail: https://www.lapor.go.id/laporan/detil/bencana-kekeringan-202311301943381701348218213
2026-04-01 11:05:19,866 [INFO]       v ID=7177927 | Bencana Kekeringan | None
2026-04-01 11:05:23,761 [INFO]    Detail: https://www.lapor.go.id/laporan/detil/bencana-kekeringan-202311301947171701348437491
2026-04-01 11:05:28,620 [INFO]       v ID=7177948 | Bencana Kekeringan | None
2026-04-01 11:05:32,258 [INFO]    Detail: https://www.lapor.go.id/laporan/detil/bencana-kekeringan-202312011126241701404784535
2026-04-01 11:05:37,960 [INFO]       v ID=7181239 | Bencana Kekeringan | None
2026-04-01 11:05:40,833 [INFO]    Detail: https://www.lapor.go.id/laporan/detil/bencana-kekeringan-202312011144411701405881958
2026-04-01 11:05:46,119 [INFO]       v ID=7181311 | Bencana Kekeringan | None
2026-04-01 11:05:48,828 [INFO]    Detail: https://www.lapor.go.id/laporan/detil/bencana-kekeringan-202312011221471701408107499
2026-04-01 11:05:54,211 [INFO]       v ID=7181515 | Bencana Kekeringan | None
2026-04-01 11:05:57,334 [INFO]    Detail: https://www.lapor.go.id/laporan/detil/bencana-kekeringan-202312011300251701410425159
2026-04-01 11:06:02,940 [INFO]       v ID=7181638 | Bencana Kekeringan | None
2026-04-01 11:06:06,833 [INFO]    Detail: https://www.lapor.go.id/laporan/detil/bencana-kekeringan-202312011724291701426269597
2026-04-01 11:06:13,599 [INFO]       v ID=7182868 | Bencana Kekeringan | None
2026-04-01 11:06:16,420 [INFO]    Detail: https://www.lapor.go.id/laporan/detil/rumah-layak-huni-202312050941521701744112637
2026-04-01 11:06:22,337 [INFO]       v ID=7199035 | Rumah Layak Huni | Permukiman
2026-04-01 11:06:25,118 [INFO]    Total terkumpul sejauh ini: 818 laporan

2026-04-01 11:06:27,729 [INFO] ── Halaman 83: https://www.lapor.go.id/kisah-sukses?page=83
2026-04-01 11:06:44,412 [INFO]    -> 10 laporan ditemukan
2026-04-01 11:06:44,412 [INFO]    Detail: https://www.lapor.go.id/laporan/detil/permohonan-penebangan-pohon-tua-202312061805441701860744396
2026-04-01 11:06:50,553 [INFO]       v ID=7206409 | Permohonan Penebangan Pohon Tua | REDD+
2026-04-01 11:06:52,597 [INFO]    Detail: https://www.lapor.go.id/laporan/detil/jalan-bergelombang-202312081411261702019486958
2026-04-01 11:06:57,642 [INFO]       v ID=7214539 | Jalan Bergelombang | Lainnya terkait Pekerjaan Umum dan Penataan Ruang
2026-04-01 11:07:01,152 [INFO]    Detail: https://www.lapor.go.id/laporan/detil/parkiran-sepeda-motor-202312111130591702269059237
2026-04-01 11:07:06,908 [INFO]       v ID=7221037 | Parkiran Sepeda Motor | None
2026-04-01 11:07:09,774 [INFO]    Detail: https://www.lapor.go.id/laporan/detil/premanisme-di-perempatan-pagandon-kadipaten-majalengka-202312111518471702282727984
2026-04-01 11:07:15,140 [INFO]       v ID=7221886 | Premanisme Di Perempatan Pagandon, Kadipaten, | Lainnya terkait Ketenteraman, Ketertiban Umum, dan Pelindungan Masyarakat
2026-04-01 11:07:19,098 [INFO]    Detail: https://www.lapor.go.id/laporan/detil/pohon-rawan-tumbang-202312211316541703139414458
2026-04-01 11:07:25,204 [INFO]       v ID=7222261 | Pohon Rawan Tumbang | Topik Lainnya
2026-04-01 11:07:28,861 [INFO]    Detail: https://www.lapor.go.id/laporan/detil/tidak-dapat-melakukan-pendaftaran-online-sipalin-ceria-202312131135341702442134467
2026-04-01 11:07:37,179 [INFO]       v ID=7226950 | Tidak dapat melakukan pendaftaran online sipa | None
2026-04-01 11:07:39,555 [INFO]    Detail: https://www.lapor.go.id/laporan/detil/uang-pembinaan-bagi-atlit-berprestasi-belum-diberikan-202312131943041702471384864
2026-04-01 11:07:45,964 [INFO]       v ID=7227862 | Uang Pembinaan Bagi Atlit Berprestasi Belum D | Lainnya terkait Pendidikan dan Kebudayaan
2026-04-01 11:07:49,386 [INFO]    Detail: https://www.lapor.go.id/laporan/detil/permintaan-informasi-jam-pelayanan-202312141018381702523918755
2026-04-01 11:07:58,205 [INFO]       v ID=7229377 | Permintaan informasi jam pelayanan | None
2026-04-01 11:08:00,903 [INFO]    Detail: https://www.lapor.go.id/laporan/detil/pelatihan-nelayan-202312141553201702544000612
2026-04-01 11:08:05,776 [INFO]       v ID=7230478 | Pelatihan Nelayan | Lainnya terkait Kelautan dan Perikanan
2026-04-01 11:08:08,071 [INFO]    Detail: https://www.lapor.go.id/laporan/detil/pengurusan-balik-nama-sertifikat-tanah-202312160715141702685714439
2026-04-01 11:08:13,741 [INFO]       v ID=7234939 | Pengurusan Balik Nama Sertifikat Tanah | Pertanahan
2026-04-01 11:08:16,084 [INFO]    Total terkumpul sejauh ini: 828 laporan

2026-04-01 11:08:19,054 [INFO] ── Halaman 84: https://www.lapor.go.id/kisah-sukses?page=84
2026-04-01 11:08:39,625 [INFO]    -> 10 laporan ditemukan
2026-04-01 11:08:39,626 [INFO]    Detail: https://www.lapor.go.id/laporan/detil/kepala-kepolisian-republik-indonesia-jenderal-polisi-drs-listyo-sigit-prabowo-m-si--202312162346531702745213989
2026-04-01 11:08:46,331 [INFO]       v ID=7236958 | Kepala Kepolisian Republik Indonesia Jenderal | Kepolisian
2026-04-01 11:08:50,097 [INFO]    Detail: https://www.lapor.go.id/laporan/detil/penataan-kawasan-pertokoan-pamulang-permai-202312172342491702831369828
2026-04-01 11:08:56,997 [INFO]       v ID=7238998 | Penataan Kawasan Pertokoan Pamulang Permai | Lainnya terkait Pekerjaan Umum dan Penataan Ruang
2026-04-01 11:09:00,966 [INFO]    Detail: https://www.lapor.go.id/laporan/detil/cuti-liburan-sekolah-202312181104081702872248246
2026-04-01 11:09:07,740 [INFO]       v ID=7240063 | Cuti liburan sekolah | Topik Lainnya
2026-04-01 11:09:11,367 [INFO]    Detail: https://www.lapor.go.id/laporan/detil/laporan-kenbakaran-ladang-202312210959081703127548277
2026-04-01 11:09:16,085 [INFO]       v ID=7250311 | Laporan Kenbakaran Ladang | None
2026-04-01 11:09:18,264 [INFO]    Detail: https://www.lapor.go.id/laporan/detil/lagu2-yg-mengganggu-dari-speaker-alun2-bojonegoro-202312211044011703130241328
2026-04-01 11:09:24,735 [INFO]       v ID=7250521 | Lagu2 Yg Mengganggu Dari Speaker Alun2 Bojone | Lainnya terkait Ketenteraman, Ketertiban Umum, dan Pelindungan Masyarakat
2026-04-01 11:09:28,520 [INFO]    Detail: https://www.lapor.go.id/laporan/detil/honor-bpd-tidak-dibayar-202312220643031703202183907
2026-04-01 11:09:34,610 [INFO]       v ID=7253416 | Honor Bpd Tidak Dibayar | Pemerintahan Desa
2026-04-01 11:09:37,075 [INFO]    Detail: https://www.lapor.go.id/laporan/detil/bpk-ir-h-joko-widodo-presiden-republik-indonesia-202312221400101703228410978
2026-04-01 11:09:43,329 [INFO]       v ID=7254670 | Bpk Ir. H. Joko Widodo Presiden Republik Indo | Kepolisian
2026-04-01 11:09:46,685 [INFO]    Detail: https://www.lapor.go.id/laporan/detil/pelebaran-simpang-empat-202312281024501703733890528
2026-04-01 11:09:53,071 [INFO]       v ID=7263280 | Pelebaran Simpang Empat | Lainnya terkait Pekerjaan Umum dan Penataan Ruang
2026-04-01 11:09:56,005 [INFO]    Detail: https://www.lapor.go.id/laporan/detil/perbaikan-got-atau-sanitasi-jalan-agar-tidak-membahayakan-202312251520401703492440823
2026-04-01 11:10:03,163 [INFO]       v ID=7264618 | Perbaikan Got Atau Sanitasi Jalan Agar Tidak  | Infrastruktur Jalan
2026-04-01 11:10:06,445 [INFO]    Detail: https://www.lapor.go.id/laporan/detil/letak-ruang-pelayanan-202312251832391703503959794
2026-04-01 11:10:13,478 [INFO]       v ID=7265248 | Letak Ruang Pelayanan | None
2026-04-01 11:10:15,759 [INFO]    Total terkumpul sejauh ini: 838 laporan

2026-04-01 11:10:18,634 [INFO] ── Halaman 85: https://www.lapor.go.id/kisah-sukses?page=85
2026-04-01 11:10:36,592 [INFO]    -> 10 laporan ditemukan
2026-04-01 11:10:36,592 [INFO]    Detail: https://www.lapor.go.id/laporan/detil/kegiatan-peningkatan-jalan-akses-pantai-plengkung-banyuwangi--202312251857481703505468353
2026-04-01 11:10:41,783 [INFO]       v ID=7265302 | Kegiatan Peningkatan Jalan Akses Pantai Pleng | Infrastruktur Jalan
2026-04-01 11:10:43,811 [INFO]    Detail: https://www.lapor.go.id/laporan/detil/saran-202312252027381703510858270
2026-04-01 11:10:50,423 [INFO]       v ID=7265518 | Saran | None
2026-04-01 11:10:53,011 [INFO]    Detail: https://www.lapor.go.id/laporan/detil/penipuan-202312252053081703512388980
2026-04-01 11:11:00,827 [INFO]       v ID=7265572 | Penipuan | SP4N-LAPOR!
2026-04-01 11:11:03,450 [INFO]    Detail: https://www.lapor.go.id/laporan/detil/aspal-jalan-perumahan-202312270948491703645329059
2026-04-01 11:11:09,993 [INFO]       v ID=7272430 | Aspal Jalan Perumahan | Infrastruktur Pendukung
2026-04-01 11:11:12,510 [INFO]    Detail: https://www.lapor.go.id/laporan/detil/permohonan-penebangan-pohon-di-jalan-provinsi-nasional-202312290937221703817442026
2026-04-01 11:11:18,575 [INFO]       v ID=7282897 | Permohonan Penebangan Pohon Di Jalan Provinsi | Lainnya terkait Pekerjaan Umum dan Penataan Ruang
2026-04-01 11:11:20,926 [INFO]    Detail: https://www.lapor.go.id/laporan/detil/pengobatan-pasien-tb-202401020931191704162679811
2026-04-01 11:11:27,473 [INFO]       v ID=7298821 | Pengobatan Pasien Tb | Lainnya terkait Kesehatan
2026-04-01 11:11:29,575 [INFO]    Detail: https://www.lapor.go.id/laporan/detil/pohon-tumbang-202401021214311704172471367
2026-04-01 11:11:35,189 [INFO]       v ID=7299634 | Pohon Tumbang | None
2026-04-01 11:11:38,669 [INFO]    Detail: https://www.lapor.go.id/laporan/detil/pasang-poli-cateter-di-ruang-rawat-inap-202401021301231704175283290
2026-04-01 11:11:46,998 [INFO]       v ID=7299808 | pasang poli cateter di ruang rawat inap | None
2026-04-01 11:11:49,165 [INFO]    Detail: https://www.lapor.go.id/laporan/detil/evakuasi-tawon-madu-di-jl-pariwisata-rt-16-desa-batakan-202401040951401704336700799
2026-04-01 11:11:57,302 [INFO]       v ID=7308955 | Evakuasi Tawon Madu di  Jl. Pariwisata Rt.16  | None
2026-04-01 11:12:00,777 [INFO]    Detail: https://www.lapor.go.id/laporan/detil/tidak-ada-respon-penanganan-202401051459291704441569759
2026-04-01 11:12:05,696 [INFO]       v ID=7315120 | Tidak Ada Respon Penanganan | Administrasi Kewilayahan
2026-04-01 11:12:08,112 [INFO]    Total terkumpul sejauh ini: 848 laporan

2026-04-01 11:12:10,265 [INFO] ── Halaman 86: https://www.lapor.go.id/kisah-sukses?page=86
2026-04-01 11:12:29,271 [INFO]    -> 10 laporan ditemukan
2026-04-01 11:12:29,271 [INFO]    Detail: https://www.lapor.go.id/laporan/detil/kemungkinan-adanya-penyelewengan-jabatan-dan-pungli-yang-dilakukan-oleh-dosen-univ-yapis-papua-pada-para-mahasiswa-202401052054201704462860878
2026-04-01 11:12:34,956 [INFO]       v ID=7316593 | dugaan  Penyelewengan Jabatan Dan Pungli Yang | Lainnya terkait Pendidikan Tinggi
2026-04-01 11:12:37,831 [INFO]    Detail: https://www.lapor.go.id/laporan/detil/jalanan-ambles-202401061644441704534284761
2026-04-01 11:12:45,251 [INFO]       v ID=7319332 | Jalanan Ambles | Jalan Berlubang
2026-04-01 11:12:47,420 [INFO]    Detail: https://www.lapor.go.id/laporan/detil/karyawan-sampah-menyerempet-garasi-mobil-202401070842561704591776624
2026-04-01 11:12:52,504 [INFO]       v ID=7321120 | Karyawan Sampah Menyerempet Garasi Mobil | Lainnya terkait Ketenteraman, Ketertiban Umum, dan Pelindungan Masyarakat
2026-04-01 11:12:55,056 [INFO]    Detail: https://www.lapor.go.id/laporan/detil/tidak-ada-tindak-lanjut-lampu-jalan-mati-202401121059571705031997410
2026-04-01 11:13:01,782 [INFO]       v ID=7325047 | Tidak Ada Tindak-Lanjut Lampu Jalan Mati | Transportasi Darat
2026-04-01 11:13:05,255 [INFO]    Detail: https://www.lapor.go.id/laporan/detil/bencana-banjir-202401090748191704761299225
2026-04-01 11:13:11,678 [INFO]       v ID=7328494 | Bencana Banjir | None
2026-04-01 11:13:15,353 [INFO]    Detail: https://www.lapor.go.id/laporan/detil/lampu-penerangan-jalan-202401091548251704790105716
2026-04-01 11:13:21,771 [INFO]       v ID=7330597 | Lampu Penerangan Jalan | Penerangan Jalan
2026-04-01 11:13:24,392 [INFO]    Detail: https://www.lapor.go.id/laporan/detil/mohon-informasi-syarat-pecah-sertifikat-dan-biayanya-202401171130321705465832759
2026-04-01 11:13:30,902 [INFO]       v ID=7351276 | Mohon Informasi Syarat Pecah Sertifikat Dan B | Pertanahan
2026-04-01 11:13:34,208 [INFO]    Detail: https://www.lapor.go.id/laporan/detil/permintaan-informasi-perijinan-pt-wijaya-sentosa-box-krian-sidoarjo-202401151209361705295376557
2026-04-01 11:13:40,957 [INFO]       v ID=7352056 | Permintaan Informasi Perijinan Pt.wijaya Sent | Pencemaran Lingkungan
2026-04-01 11:13:44,728 [INFO]    Detail: https://www.lapor.go.id/laporan/detil/belum-ada-tindaklanjud-setelah-dapat-kamar-belum-adad-pemeriksaan-atau-injeksi-mulai-jam-23-45-tgl-12-januari-sampai-tgl-13-jan-2024-pukul-04-04-o8--202401161045251705376725499
2026-04-01 11:13:51,576 [INFO]       v ID=7355827 | Belum ada tindaklanjud setelah dapat kamar, b | None
2026-04-01 11:13:54,239 [INFO]    Detail: https://www.lapor.go.id/laporan/detil/lampu-penerangan-jalan-202401161428011705390081956
2026-04-01 11:13:59,558 [INFO]       v ID=7356643 | Lampu Penerangan Jalan | Infrastruktur Pendukung
2026-04-01 11:14:02,709 [INFO]    Total terkumpul sejauh ini: 858 laporan

2026-04-01 11:14:05,771 [INFO] ── Halaman 87: https://www.lapor.go.id/kisah-sukses?page=87
2026-04-01 11:14:28,278 [INFO]    -> 10 laporan ditemukan
2026-04-01 11:14:28,278 [INFO]    Detail: https://www.lapor.go.id/laporan/detil/gas-lpg-3kg-langka-di-kota-padangsidimpuan-202401191414521705648492712
2026-04-01 11:14:34,344 [INFO]       v ID=7360342 | Gas Lpg 3Kg Langka Di Kota Padangsidimpuan | Kelangkaan BBM/Elpiji
2026-04-01 11:14:37,967 [INFO]    Detail: https://www.lapor.go.id/laporan/detil/pendaftaran-produk-amdk-202401171443451705477425316
2026-04-01 11:14:44,310 [INFO]       v ID=7360432 | Pendaftaran Produk AMDK | None
2026-04-01 11:14:47,444 [INFO]    Detail: https://www.lapor.go.id/laporan/detil/konsultasi-izin-edar-bpom-202401171516511705479411816
2026-04-01 11:14:53,986 [INFO]       v ID=7360594 | Konsultasi izin edar bpom | None
2026-04-01 11:14:57,699 [INFO]    Detail: https://www.lapor.go.id/laporan/detil/permohonan-data-kualitas-air-sungai-cisadane-202401211023591705807439439
2026-04-01 11:15:05,408 [INFO]       v ID=7373002 | Permohonan Data Kualitas Air Sungai Cisadane | Pencemaran Lingkungan
2026-04-01 11:15:08,337 [INFO]    Detail: https://www.lapor.go.id/laporan/detil/informasi-jam-pelayanan-202401241006461706065606126
2026-04-01 11:15:14,750 [INFO]       v ID=7385287 | Informasi Jam Pelayanan | None
2026-04-01 11:15:17,068 [INFO]    Detail: https://www.lapor.go.id/laporan/detil/perusakan-rumah-oleh-tetangga-202401272048431706363323565
2026-04-01 11:15:22,162 [INFO]       v ID=7399063 | Perusakan Rumah Oleh Tetangga | Lainnya terkait Ketenteraman, Ketertiban Umum, dan Pelindungan Masyarakat
2026-04-01 11:15:24,715 [INFO]    Detail: https://www.lapor.go.id/laporan/detil/layanan-sterilisasi-hewan-202402022234521706888092140
2026-04-01 11:15:31,623 [INFO]       v ID=7424584 | Layanan Sterilisasi Hewan | Pertanian dan Peternakan
2026-04-01 11:15:34,134 [INFO]    Detail: https://www.lapor.go.id/laporan/detil/penipuan-dan-pencurian-data-pribadi-202402042144161707057856719
2026-04-01 11:15:39,276 [INFO]       v ID=7430709 | Penipuan Dan Pencurian Data Pribadi | Konten Penipuan
2026-04-01 11:15:41,491 [INFO]    Detail: https://www.lapor.go.id/laporan/detil/kdrt-202402042203491707059029878
2026-04-01 11:15:46,883 [INFO]       v ID=7430857 | Kdrt | Kekerasan dalam rumah tangga
2026-04-01 11:15:49,955 [INFO]    Detail: https://www.lapor.go.id/laporan/detil/pengaturan-lalu-lintas-dan-parkir-di-bundaran-tuah-himba-202402051648471707126527100
2026-04-01 11:15:56,302 [INFO]       v ID=7432507 | Pengaturan Lalu Lintas dan Parkir di Bundaran | Lainnya terkait Perhubungan
2026-04-01 11:15:58,768 [INFO]    Total terkumpul sejauh ini: 868 laporan

2026-04-01 11:16:01,450 [INFO] ── Halaman 88: https://www.lapor.go.id/kisah-sukses?page=88
2026-04-01 11:16:20,634 [INFO]    -> 10 laporan ditemukan
2026-04-01 11:16:20,634 [INFO]    Detail: https://www.lapor.go.id/laporan/detil/gaji-tidak-dibayar-oleh-bumdes-jenggawah-202402052122001707142920328
2026-04-01 11:16:25,789 [INFO]       v ID=7433023 | Gaji Tidak Dibayar Oleh Bumdes Jenggawah | Hak Pekerja
2026-04-01 11:16:28,211 [INFO]    Detail: https://www.lapor.go.id/laporan/detil/pengecekan-jalan-rusak-202402161021131708053673922
2026-04-01 11:16:35,633 [INFO]       v ID=7453558 | Pengecekan Jalan Rusak | Infrastruktur Jalan
2026-04-01 11:16:38,082 [INFO]    Detail: https://www.lapor.go.id/laporan/detil/gaji-rt-telat-terus-202402161454431708070083142
2026-04-01 11:16:45,437 [INFO]       v ID=7454617 | Gaji Rt Telat Terus | Topik Lainnya
2026-04-01 11:16:47,739 [INFO]    Detail: https://www.lapor.go.id/laporan/detil/menu-tabel-dinamis-di-website-bps-202402181231231708234283975
2026-04-01 11:16:53,061 [INFO]       v ID=7460707 | Menu Tabel Dinamis Di Website Bps | Informasi Terkait Aplikasi Pemerintah
2026-04-01 11:16:55,439 [INFO]    Detail: https://www.lapor.go.id/laporan/detil/penipuan-online-25229
2026-04-01 11:17:03,549 [INFO]       v ID=7461961 | Penipuan Online | Konten Penipuan
2026-04-01 11:17:05,718 [INFO]    Detail: https://www.lapor.go.id/laporan/detil/jalan-berlubang-202402191054391708314879228
2026-04-01 11:17:11,704 [INFO]       v ID=7463149 | Jalan Berlubang | Infrastruktur Jalan
2026-04-01 11:17:15,398 [INFO]    Detail: https://www.lapor.go.id/laporan/detil/permintaan-jumlah-penduduk-202402200639351708385975969
2026-04-01 11:17:22,902 [INFO]       v ID=7465810 | Permintaan Jumlah Penduduk | Lainnya terkait Kependudukan
2026-04-01 11:17:25,223 [INFO]    Detail: https://www.lapor.go.id/laporan/detil/konsultasi-izin-edar-202402210917441708481864579
2026-04-01 11:17:34,048 [INFO]       v ID=7469473 | Konsultasi Izin edar | None
2026-04-01 11:17:37,392 [INFO]    Detail: https://www.lapor.go.id/laporan/detil/tata-cara-pendaftaran-produk-202402210923311708482211415
2026-04-01 11:17:44,457 [INFO]       v ID=7469545 | Tata cara pendaftaran produk | None
2026-04-01 11:17:46,480 [INFO]    Detail: https://www.lapor.go.id/laporan/detil/afka-rizki-202402210925441708482344906
2026-04-01 11:17:53,770 [INFO]       v ID=7469563 | Afka Rizki | None
2026-04-01 11:17:57,687 [INFO]    Total terkumpul sejauh ini: 878 laporan

2026-04-01 11:18:00,322 [INFO] ── Halaman 89: https://www.lapor.go.id/kisah-sukses?page=89
2026-04-01 11:18:20,368 [INFO]    -> 10 laporan ditemukan
2026-04-01 11:18:20,368 [INFO]    Detail: https://www.lapor.go.id/laporan/detil/persyaratan-registrasi-kosmetik-202402211009211708484961087
2026-04-01 11:18:27,721 [INFO]       v ID=7469743 | Persyaratan registrasi kosmetik | None
2026-04-01 11:18:31,101 [INFO]    Detail: https://www.lapor.go.id/laporan/detil/cara-pendaftaran-izin-edar-202402211011111708485071883
2026-04-01 11:18:39,791 [INFO]       v ID=7469749 | cara Pendaftaran izin edar | None
2026-04-01 11:18:42,940 [INFO]    Detail: https://www.lapor.go.id/laporan/detil/permintaan-informasi-202402211016231708485383856
2026-04-01 11:18:50,501 [INFO]       v ID=7469761 | Permintaan informasi | None
2026-04-01 11:18:52,911 [INFO]    Detail: https://www.lapor.go.id/laporan/detil/konsultasi-izin-edar-bpom-202402211019441708485584300
2026-04-01 11:19:00,697 [INFO]       v ID=7469770 | Konsultasi izin edar bpom | None
2026-04-01 11:19:03,084 [INFO]    Detail: https://www.lapor.go.id/laporan/detil/wifi-gratis-yang-belum-terpasang-202402211126051708489565765
2026-04-01 11:19:10,196 [INFO]       v ID=7469995 | Wifi Gratis yang belum terpasang | None
2026-04-01 11:19:13,208 [INFO]    Detail: https://www.lapor.go.id/laporan/detil/nik-tidak-aktif-untuk-beasiswa-202402220931441708569104111
2026-04-01 11:19:19,662 [INFO]       v ID=7473118 | nik tidak aktif untuk beasiswa | None
2026-04-01 11:19:22,223 [INFO]    Detail: https://www.lapor.go.id/laporan/detil/permohonan-direktori-usaha-perusahan-bidang-pariwisata-di-kubu-raya-202402221047121708573632177
2026-04-01 11:19:29,991 [INFO]       v ID=7473505 | Permohonan Direktori Usaha/Perusahan Bidang P | Pariwisata
2026-04-01 11:19:32,409 [INFO]    Detail: https://www.lapor.go.id/laporan/detil/pelayanan-di-rumah-sakit-umum-rsud-dr-r-kusma-kab-tuban-sangat-bagus-202402221357101708585030290
2026-04-01 11:19:39,023 [INFO]       v ID=7474279 | pelayanan di rumah sakit umum rsud dr.R Kusma | None
2026-04-01 11:19:41,793 [INFO]    Detail: https://www.lapor.go.id/laporan/detil/penipuan-online-202402232245431708703143353
2026-04-01 11:19:50,008 [INFO]       v ID=7479943 | Penipuan Online | Topik Lainnya
2026-04-01 11:19:53,481 [INFO]    Detail: https://www.lapor.go.id/laporan/detil/sinyal-indosat-hilang-202402242158311708786711508
2026-04-01 11:20:02,126 [INFO]       v ID=7481632 | Sinyal Indosat Hilang | Jaringan Internet
2026-04-01 11:20:05,825 [INFO]    Total terkumpul sejauh ini: 888 laporan

2026-04-01 11:20:09,032 [INFO] ── Halaman 90: https://www.lapor.go.id/kisah-sukses?page=90
2026-04-01 11:20:28,038 [INFO]    -> 10 laporan ditemukan
2026-04-01 11:20:28,038 [INFO]    Detail: https://www.lapor.go.id/laporan/detil/terjadi-kehilangan-202402252125321708871132578
2026-04-01 11:20:36,490 [INFO]       v ID=7484950 | Terjadi Kehilangan | None
2026-04-01 11:20:38,847 [INFO]    Detail: https://www.lapor.go.id/laporan/detil/komplain-ketertiban-di-terminal-1-bandara-soekarno-hatta-202402271551451709023905737
2026-04-01 11:20:49,546 [INFO]       v ID=7491553 | Komplain Ketertiban di Terminal 1 Bandara Soe | None
2026-04-01 11:20:52,359 [INFO]    Detail: https://www.lapor.go.id/laporan/detil/proses-pengajuan-izin-di-siinas-lama-202402280917091709086629973
2026-04-01 11:20:59,695 [INFO]       v ID=7493302 | Proses Pengajuan Izin Di Siinas Lama | Perindustrian
2026-04-01 11:21:03,045 [INFO]    Detail: https://www.lapor.go.id/laporan/detil/saya-ingin-pinda-kependudukan-202402290326101709151970985
2026-04-01 11:21:08,690 [INFO]       v ID=7496377 | Saya Ingin Pinda Kependudukan | Lainnya terkait Kependudukan
2026-04-01 11:21:11,365 [INFO]    Detail: https://www.lapor.go.id/laporan/detil/jalan-desa-yang-rusak-parah-202402291859161709207956070
2026-04-01 11:21:17,734 [INFO]       v ID=7499254 | Jalan Desa Yang Rusak Parah | Lainnya terkait Infrastruktur Jalan
2026-04-01 11:21:20,191 [INFO]    Detail: https://www.lapor.go.id/laporan/detil/pencemaran-lingkungan-202402292039561709213996844
2026-04-01 11:21:25,317 [INFO]       v ID=7499545 | Pencemaran Lingkungan | Pencemaran Lingkungan
2026-04-01 11:21:28,041 [INFO]    Detail: https://www.lapor.go.id/laporan/detil/kesulitan-menarik-uang-tabungan-di-bmt-harum-rembang-202402292113401709216020538
2026-04-01 11:21:33,428 [INFO]       v ID=7499695 | Kesulitan Menarik Uang Tabungan Di Bmt Harum  | Koperasi, Usaha Kecil, dan Menengah
2026-04-01 11:21:36,613 [INFO]    Detail: https://www.lapor.go.id/laporan/detil/polusi-pabrik-kayu-202403040910501709518250385
2026-04-01 11:21:42,387 [INFO]       v ID=7508470 | Polusi Pabrik Kayu | Pencemaran Lingkungan
2026-04-01 11:21:45,463 [INFO]    Detail: https://www.lapor.go.id/laporan/detil/pemasangan-rambu-rambu-pada-gerbang-pas-masuk-ppn-karangantu-202403051341541709620914454
2026-04-01 11:21:52,958 [INFO]       v ID=7512997 | Pemasangan rambu-rambu pada gerbang pas masuk | None
2026-04-01 11:21:55,889 [INFO]    Detail: https://www.lapor.go.id/laporan/detil/proyek-spam-jatiluhur-1-jl-i-gusti-ngurah-rai-kota-bekasi-202403061355481709708148606
2026-04-01 11:22:01,085 [INFO]       v ID=7516594 | Proyek SPAM Jatiluhur 1 Jalan I Gusti Ngurah  | Infrastruktur Jalan
2026-04-01 11:22:03,723 [INFO]    Total terkumpul sejauh ini: 898 laporan

2026-04-01 11:22:06,812 [INFO] ── Halaman 91: https://www.lapor.go.id/kisah-sukses?page=91
2026-04-01 11:22:27,113 [INFO]    -> 10 laporan ditemukan
2026-04-01 11:22:27,113 [INFO]    Detail: https://www.lapor.go.id/laporan/detil/perbedaan-nomor-rangka-mobil-antara-dokumen-dengan-fisik-mobil-terkait-pelaksanaan-lelang-eksekusi-barang-rampasan-kejaksaan-negeri-batam-202403061756001709722560153
2026-04-01 11:22:33,987 [INFO]       v ID=7517389 | Perbedaan Nomor Rangka Mobil Antara Dokumen D | Perlindungan Konsumen
2026-04-01 11:22:36,889 [INFO]    Detail: https://www.lapor.go.id/laporan/detil/pemilik-pankalan-gas-lpg-3-kg-berubsidi-nakal-202403070741131709772073218
2026-04-01 11:22:43,890 [INFO]       v ID=7518019 | Pemilik Pankalan Gas LPG 3 kg Berubsidi Nakal | Gas Bersubsidi
2026-04-01 11:22:47,058 [INFO]    Detail: https://www.lapor.go.id/laporan/detil/jalan-berlubang-membahayakan-202403071315391709792139726
2026-04-01 11:22:54,288 [INFO]       v ID=7520746 | Jalan Berlubang Membahayakan | Infrastruktur Jalan
2026-04-01 11:22:56,355 [INFO]    Detail: https://www.lapor.go.id/laporan/detil/honorer-yang-belum-terdaftar-202403071612571709802777718
2026-04-01 11:23:01,865 [INFO]       v ID=7522405 | Honorer Yang Belum Terdaftar | Tenaga Honorer
2026-04-01 11:23:05,288 [INFO]    Detail: https://www.lapor.go.id/laporan/detil/tambang-minyak-ilegal-202403101402441710054164997
2026-04-01 11:23:11,850 [INFO]       v ID=7530049 | Tambang Minyak Ilegal | Pencemaran Lingkungan
2026-04-01 11:23:15,030 [INFO]    Detail: https://www.lapor.go.id/laporan/detil/tps-illegal-202403102034061710077646289
2026-04-01 11:23:21,317 [INFO]       v ID=7531036 | Tps Illegal | Pencemaran Lingkungan
2026-04-01 11:23:23,351 [INFO]    Detail: https://www.lapor.go.id/laporan/detil/layanan-online-tidak-di-respon-dan-sistem-sijapri-maintance-tidak-ada-pemberitahuan-202403120949191710211759009
2026-04-01 11:23:30,334 [INFO]       v ID=7536685 | Layanan Online Tidak Di Respon Dan Sistem Sij | Administrasi Kependudukan dan Pencatatan Sipil
2026-04-01 11:23:32,380 [INFO]    Detail: https://www.lapor.go.id/laporan/detil/oknum-petinggi-pemda-aceh-melakukan-maladministrasi-koruptif-kongkalikong-dgn-mafia-tanah-202403121709041710238144338
2026-04-01 11:23:38,561 [INFO]       v ID=7537975 | Oknum Petinggi Pemda Aceh Melakukan  "Maladmi | Sengketa Tanah
2026-04-01 11:23:42,358 [INFO]    Detail: https://www.lapor.go.id/laporan/detil/bpjs-dari-pemerintah-202403122041481710250908392
2026-04-01 11:23:49,415 [INFO]       v ID=7538641 | Bpjs Dari Pemerintah | Pelayanan Kesehatan BPJS
2026-04-01 11:23:51,554 [INFO]    Detail: https://www.lapor.go.id/laporan/detil/normalisasi-parit-mayor-202403131044201710301460563
2026-04-01 11:23:56,751 [INFO]       v ID=7542922 | Normalisasi Parit Mayor | Drainase (Gorong-Gorong/Parit)
2026-04-01 11:23:59,813 [INFO]    Total terkumpul sejauh ini: 908 laporan

2026-04-01 11:24:03,579 [INFO] ── Halaman 92: https://www.lapor.go.id/kisah-sukses?page=92
2026-04-01 11:24:21,345 [INFO]    -> 10 laporan ditemukan
2026-04-01 11:24:21,345 [INFO]    Detail: https://www.lapor.go.id/laporan/detil/jalan-berlubang-dan-tergenang-membahayakan-warga-202403141153481710392028147
2026-04-01 11:24:26,569 [INFO]       v ID=7548955 | Jalan Berlubang Dan Tergenang, Membahayakan W | Jalan Berlubang
2026-04-01 11:24:29,711 [INFO]    Detail: https://www.lapor.go.id/laporan/detil/kapan-gelar-perkara-202403151031061710473466607
2026-04-01 11:24:35,623 [INFO]       v ID=7550503 | Kapan Gelar Perkara | Penyalahgunaan Wewenang
2026-04-01 11:24:39,511 [INFO]    Detail: https://www.lapor.go.id/laporan/detil/fasilitasi-pembuatan-akta-kelahiran-anak-terlantar-202403150822271710465747989
2026-04-01 11:24:45,442 [INFO]       v ID=7553101 | Fasilitasi pembuatan akta kelahiran anak terl | None
2026-04-01 11:24:48,424 [INFO]    Detail: https://www.lapor.go.id/laporan/detil/tidak-mememukan-data-di-bkn-pusat-202403151521221710490882246
2026-04-01 11:24:54,302 [INFO]       v ID=7554763 | Tidak Mememukan Data Di Bkn Pusat | Lainnya terkait Kepegawaian
2026-04-01 11:24:56,932 [INFO]    Detail: https://www.lapor.go.id/laporan/detil/pertanyaan-jumlah-pajak-kendaraan-202403180948151710730095003
2026-04-01 11:25:04,450 [INFO]       v ID=7566604 | Pertanyaan Jumlah Pajak Kendaraan | None
2026-04-01 11:25:06,718 [INFO]    Detail: https://www.lapor.go.id/laporan/detil/aduan-kelancaran-suplai-air-pdam-202403181503221710749002191
2026-04-01 11:25:13,983 [INFO]       v ID=7567993 | Aduan : Kelancaran Suplai Air PDAM | Gangguan Layanan Penyaluran Air
2026-04-01 11:25:16,907 [INFO]    Detail: https://www.lapor.go.id/laporan/detil/penerangan-jalan-desa-202403191311411710828701108
2026-04-01 11:25:23,561 [INFO]       v ID=7571311 | penerangan jalan desa | None
2026-04-01 11:25:26,916 [INFO]    Detail: https://www.lapor.go.id/laporan/detil/jalan-wisma-pangeranan-asri-yang-tak-berperikemanusiaan-202403200735371710894937799
2026-04-01 11:25:34,018 [INFO]       v ID=7575154 | Jalan Wisma Pangeranan Asri Yang Tak Berperik | Infrastruktur Jalan
2026-04-01 11:25:36,067 [INFO]    Detail: https://www.lapor.go.id/laporan/detil/konsultasi-izin-edar-bpom-202403200820421710897642613
2026-04-01 11:25:44,387 [INFO]       v ID=7575262 | Konsultasi izin edar BPOM | None
2026-04-01 11:25:46,501 [INFO]    Detail: https://www.lapor.go.id/laporan/detil/pengaduan-masyarakat-dan-permohonan-penertiban-pelanggaran-pemasangan-bahan-kampanye-danatau-alat-peraga-kampanye-pemilu-202403220132431711045963316
2026-04-01 11:25:53,305 [INFO]       v ID=7592869 | Pengaduan Masyarakat dan Permohonan Penertiba | None
2026-04-01 11:25:56,235 [INFO]    Total terkumpul sejauh ini: 918 laporan

2026-04-01 11:25:59,883 [INFO] ── Halaman 93: https://www.lapor.go.id/kisah-sukses?page=93
2026-04-01 11:26:21,275 [INFO]    -> 10 laporan ditemukan
2026-04-01 11:26:21,275 [INFO]    Detail: https://www.lapor.go.id/laporan/detil/jalan-rusak-parah-202403230947481711162068858
2026-04-01 11:26:27,617 [INFO]       v ID=7601243 | Jalan Rusak Parah | Infrastruktur Jalan
2026-04-01 11:26:31,000 [INFO]    Detail: https://www.lapor.go.id/laporan/detil/pungli-mendekati-lebaran-202403251021151711336875049
2026-04-01 11:26:39,288 [INFO]       v ID=7612307 | PUNGLI MENDEKATI LEBARAN | None
2026-04-01 11:26:42,230 [INFO]    Detail: https://www.lapor.go.id/laporan/detil/sertifikat-vaksin-booster-202403261017321711423052517
2026-04-01 11:26:49,693 [INFO]       v ID=7618601 | Sertifikat Vaksin Booster | None
2026-04-01 11:26:52,960 [INFO]    Detail: https://www.lapor.go.id/laporan/detil/toilet-kurang-bersih-202403261142431711428163586
2026-04-01 11:26:59,921 [INFO]       v ID=7618781 | Toilet Kurang Bersih | Lainnya terkait Kesehatan
2026-04-01 11:27:03,145 [INFO]    Detail: https://www.lapor.go.id/laporan/detil/pedagang-toko-sewa-dan-perubahan-202403262336091711470969620
2026-04-01 11:27:09,258 [INFO]       v ID=7622745 | Pedagang Toko, Sewa Dan Perubahan | Hak Pekerja
2026-04-01 11:27:12,913 [INFO]    Detail: https://www.lapor.go.id/laporan/detil/informasi-202403300844371711763077185
2026-04-01 11:27:18,111 [INFO]       v ID=7646237 | INFORMASI | None
2026-04-01 11:27:21,442 [INFO]    Detail: https://www.lapor.go.id/laporan/detil/dummy-dimana-wisata-keren-di-ikn-202404040842541712194974031
2026-04-01 11:27:28,912 [INFO]       v ID=7674033 | Dummy Dimana Wisata Keren Di Ikn | Destinasi Pariwisata
2026-04-01 11:27:30,970 [INFO]    Detail: https://www.lapor.go.id/laporan/detil/kartu-keluarga-202404120911471712887907011
2026-04-01 11:27:37,376 [INFO]       v ID=7689659 | Kartu Keluarga | Administrasi Kependudukan dan Pencatatan Sipil
2026-04-01 11:27:40,611 [INFO]    Detail: https://www.lapor.go.id/laporan/detil/kendala-pengurusan-izin-kapal-sinar-baru-202404191448151713512895717
2026-04-01 11:27:45,467 [INFO]       v ID=7702972 | Kendala Pengurusan Izin Kapal Sinar Baru | None
2026-04-01 11:27:47,888 [INFO]    Detail: https://www.lapor.go.id/laporan/detil/jalan-lubang-penyebab-laka-202404201955181713617718357
2026-04-01 11:27:54,471 [INFO]       v ID=7706677 | Jalan Lubang Penyebab Laka | Infrastruktur Jalan
2026-04-01 11:27:56,904 [INFO]    Total terkumpul sejauh ini: 928 laporan

2026-04-01 11:27:58,916 [INFO] ── Halaman 94: https://www.lapor.go.id/kisah-sukses?page=94
2026-04-01 11:28:18,031 [INFO]    -> 10 laporan ditemukan
2026-04-01 11:28:18,032 [INFO]    Detail: https://www.lapor.go.id/laporan/detil/anjing-galak-meresahkan-202404221406041713769564426
2026-04-01 11:28:25,192 [INFO]       v ID=7710706 | Anjing galak meresahkan | None
2026-04-01 11:28:27,649 [INFO]    Detail: https://www.lapor.go.id/laporan/detil/mohon-perbaikan-jalan-antara-dari-simpang-desa-petak-bahandang-kecamatan-tasik-payawan-menuju-desa-talingke-kecamatan-tasik-payawan--202404231510301713859830154
2026-04-01 11:28:32,884 [INFO]       v ID=7713442 | Mohon Perbaikan Jalan Antara Dari Simpang Des | Infrastruktur Jalan
2026-04-01 11:28:35,268 [INFO]    Detail: https://www.lapor.go.id/laporan/detil/parkir-sembarangan-202404251326491714026409403
2026-04-01 11:28:40,708 [INFO]       v ID=7719031 | Parkir Sembarangan | SP4N-LAPOR!
2026-04-01 11:28:44,249 [INFO]    Detail: https://www.lapor.go.id/laporan/detil/parkir-roda-4-memakan-badan-jalan-202404251427091714030029604
2026-04-01 11:28:49,825 [INFO]       v ID=7719145 | Parkir Roda 4 Memakan Badan Jalan | SP4N-LAPOR!
2026-04-01 11:28:53,723 [INFO]    Detail: https://www.lapor.go.id/laporan/detil/jalan-bekas-coran-rusak-202404260950581714099858879
2026-04-01 11:28:58,849 [INFO]       v ID=7721254 | Jalan Bekas Coran Rusak | Infrastruktur Jalan
2026-04-01 11:29:02,140 [INFO]    Detail: https://www.lapor.go.id/laporan/detil/jalan-rusak-202404290959051714359545736
2026-04-01 11:29:07,541 [INFO]       v ID=7725451 | Jalan Rusak | Infrastruktur Jalan
2026-04-01 11:29:09,567 [INFO]    Detail: https://www.lapor.go.id/laporan/detil/sandal-hilang-202404301253351714456415021
2026-04-01 11:29:16,556 [INFO]       v ID=7726657 | Sandal hilang | None
2026-04-01 11:29:20,505 [INFO]    Detail: https://www.lapor.go.id/laporan/detil/di-manakah-bank-sampah-yang-selalu-menerima-penjualan-sampah-plastik-di-kota-malang--202404301551361714467096433
2026-04-01 11:29:27,038 [INFO]       v ID=7727194 | Di Manakah Bank Sampah Yang Selalu Menerima P | SP4N-LAPOR!
2026-04-01 11:29:29,575 [INFO]    Detail: https://www.lapor.go.id/laporan/detil/tempat-pembuangan-sampah-liar-202405011306421714543602191
2026-04-01 11:29:36,621 [INFO]       v ID=7729090 | Tempat Pembuangan Sampah Liar | Pencemaran Lingkungan
2026-04-01 11:29:38,746 [INFO]    Detail: https://www.lapor.go.id/laporan/detil/tempat-pembuangan-sampah-liar-202405011317041714544224434
2026-04-01 11:29:45,575 [INFO]       v ID=7729093 | Tempat Pembuangan Sampah Liar | Pencemaran Lingkungan
2026-04-01 11:29:48,231 [INFO]    Total terkumpul sejauh ini: 938 laporan

2026-04-01 11:29:50,265 [INFO] ── Halaman 95: https://www.lapor.go.id/kisah-sukses?page=95
2026-04-01 11:30:11,860 [INFO]    -> 10 laporan ditemukan
2026-04-01 11:30:11,860 [INFO]    Detail: https://www.lapor.go.id/laporan/detil/banjir-202405021459461714636786919
2026-04-01 11:30:19,308 [INFO]       v ID=7732591 | Banjir | Banjir
2026-04-01 11:30:23,250 [INFO]    Detail: https://www.lapor.go.id/laporan/detil/jalan-berlubang-dan-banyak-polisi-tidur-liar-202405030844051714700645803
2026-04-01 11:30:28,498 [INFO]       v ID=7734649 | Jalan Berlubang Dan Banyak Polisi Tidur Liar | Jalan Berlubang
2026-04-01 11:30:31,964 [INFO]    Detail: https://www.lapor.go.id/laporan/detil/memelihara-anjing-yg-mengganggu-berisik-bau--202405060907481714961268332
2026-04-01 11:30:39,345 [INFO]       v ID=7741435 | Memelihara Anjing Yg Mengganggu (Berisik & Ba | Lainnya terkait Ketenteraman, Ketertiban Umum, dan Pelindungan Masyarakat
2026-04-01 11:30:42,400 [INFO]    Detail: https://www.lapor.go.id/laporan/detil/air-pdam-tidak-keluar-202405061443091714981389250
2026-04-01 11:30:49,373 [INFO]       v ID=7742701 | Air Pdam Tidak Keluar | Lainnya terkait Energi dan Sumber Daya Alam
2026-04-01 11:30:53,052 [INFO]    Detail: https://www.lapor.go.id/laporan/detil/sudah-5-bulan-berkas-tilang-tidak-kunjung-dilimpahkan-ke-kejaksaaan-202405062245191715010319110
2026-04-01 11:30:58,442 [INFO]       v ID=7744096 | Sudah 5 Bulan Berkas Tilang Tidak Kunjung Dil | SP4N-LAPOR!
2026-04-01 11:31:01,597 [INFO]    Detail: https://www.lapor.go.id/laporan/detil/banjir-karena-pembangunan-perumahan-puri-harmoni-202405070904491715047489549
2026-04-01 11:31:08,085 [INFO]       v ID=7744723 | Banjir Karena Pembangunan Perumahan Puri Harm | Drainase (Gorong-Gorong/Parit)
2026-04-01 11:31:10,889 [INFO]    Detail: https://www.lapor.go.id/laporan/detil/masa-berlaku-sipp-pada-sip-tidak-sesuai-dengan-ketentuan-yang-berlaku-202405071345501715064350473
2026-04-01 11:31:17,389 [INFO]       v ID=7745566 | Masa berlaku SIPP pada SIP tidak sesuai denga | None
2026-04-01 11:31:21,171 [INFO]    Detail: https://www.lapor.go.id/laporan/detil/pertanyaan-seputar-nik-202405071503541715069034640
2026-04-01 11:31:27,618 [INFO]       v ID=7745815 | Pertanyaan seputar NIK | None
2026-04-01 11:31:30,123 [INFO]    Detail: https://www.lapor.go.id/laporan/detil/kasus-dbd-202405080917591715134679443
2026-04-01 11:31:37,087 [INFO]       v ID=7747621 | KASUS DBD | None
2026-04-01 11:31:39,375 [INFO]    Detail: https://www.lapor.go.id/laporan/detil/permintaan-data-letter-c-202405081421031715152863779
2026-04-01 11:31:44,922 [INFO]       v ID=7748530 | Permintaan Data Letter C | Topik Lainnya
2026-04-01 11:31:48,762 [INFO]    Total terkumpul sejauh ini: 948 laporan

2026-04-01 11:31:52,635 [INFO] ── Halaman 96: https://www.lapor.go.id/kisah-sukses?page=96
2026-04-01 11:32:16,704 [INFO]    -> 10 laporan ditemukan
2026-04-01 11:32:16,704 [INFO]    Detail: https://www.lapor.go.id/laporan/detil/jalan-rusak-parah-202405091845051715255105908
2026-04-01 11:32:24,724 [INFO]       v ID=7750771 | Jalan Rusak Parah | Jalan Berlubang
2026-04-01 11:32:27,919 [INFO]    Detail: https://www.lapor.go.id/laporan/detil/permohonan-hibah-pembangunan-masjid-202405101843381715341418746
2026-04-01 11:32:34,735 [INFO]       v ID=7752739 | Permohonan Hibah Pembangunan Masjid | Penyediaan Fasilitas Ibadah
2026-04-01 11:32:37,419 [INFO]    Detail: https://www.lapor.go.id/laporan/detil/bangli-meresahkan-202405131507081715587628892
2026-04-01 11:32:43,958 [INFO]       v ID=7757062 | Bangli Meresahkan | Lainnya terkait Ketenteraman, Ketertiban Umum, dan Pelindungan Masyarakat
2026-04-01 11:32:46,237 [INFO]    Detail: https://www.lapor.go.id/laporan/detil/jalan-rusak-202405141248411715665721217
2026-04-01 11:32:53,199 [INFO]       v ID=7759882 | Jalan Rusak | Infrastruktur Jalan
2026-04-01 11:32:56,810 [INFO]    Detail: https://www.lapor.go.id/laporan/detil/sodetan-saluran-galaxy-tertutup-sampah-dan-tumbuhan-liar-202405150858101715738290296
2026-04-01 11:33:02,723 [INFO]       v ID=7762360 | Sodetan Saluran Galaxy Tertutup Sampah Dan Tu | Lainnya terkait Infrastruktur Pendukung
2026-04-01 11:33:06,004 [INFO]    Detail: https://www.lapor.go.id/laporan/detil/pohon-tumbang-202405151428471715758127692
2026-04-01 11:33:14,296 [INFO]       v ID=7763626 | Pohon tumbang | None
2026-04-01 11:33:16,957 [INFO]    Detail: https://www.lapor.go.id/laporan/detil/dugaan-penyerobotan-jalan-umum-202405151634171715765657485
2026-04-01 11:33:22,346 [INFO]       v ID=7764046 | Dugaan Penyerobotan Jalan Umum | Lainnya terkait Ketenteraman, Ketertiban Umum, dan Pelindungan Masyarakat
2026-04-01 11:33:26,313 [INFO]    Detail: https://www.lapor.go.id/laporan/detil/lapor-subdomain-lhokseumawekota-go-id-terkena-retas-dan-mempromosikan-perjudian-online-202405151658481715767128125
2026-04-01 11:33:31,473 [INFO]       v ID=7764097 | Lapor Subdomain Lhokseumawekota.go.id Terkena | Perjudian online
2026-04-01 11:33:33,491 [INFO]    Detail: https://www.lapor.go.id/laporan/detil/permohonan-pengantar-pkkpr-non-berusaha-202405161617531715851073930
2026-04-01 11:33:38,681 [INFO]       v ID=7766926 | Permohonan Pengantar Pkkpr Non Berusaha | Topik Lainnya
2026-04-01 11:33:42,419 [INFO]    Detail: https://www.lapor.go.id/laporan/detil/data-ktp-el-tidak-cocok-saat-daftar-prakerja-202405171021411715916101139
2026-04-01 11:33:49,248 [INFO]       v ID=7769179 | Data Ktp-El Tidak Cocok Saat Daftar Prakerja | Administrasi Kependudukan dan Pencatatan Sipil
2026-04-01 11:33:52,829 [INFO]    Total terkumpul sejauh ini: 958 laporan

2026-04-01 11:33:55,974 [INFO] ── Halaman 97: https://www.lapor.go.id/kisah-sukses?page=97
2026-04-01 11:34:15,311 [INFO]    -> 10 laporan ditemukan
2026-04-01 11:34:15,311 [INFO]    Detail: https://www.lapor.go.id/laporan/detil/permintaan-nomor-kk-202405171450281715932228720
2026-04-01 11:34:21,480 [INFO]       v ID=7770241 | Permintaan nomor KK | Administrasi Kependudukan dan Pencatatan Sipil
2026-04-01 11:34:24,921 [INFO]    Detail: https://www.lapor.go.id/laporan/detil/cara-pembuatan-kartu-identitas-anak-202405171654501715939690437
2026-04-01 11:34:32,045 [INFO]       v ID=7770547 | cara pembuatan Kartu Identitas Anak | Kartu Identitas Anak
2026-04-01 11:34:34,346 [INFO]    Detail: https://www.lapor.go.id/laporan/detil/informasi-perkawinan-dan-perceraian-202405171701021715940062459
2026-04-01 11:34:39,253 [INFO]       v ID=7770562 | Informasi Perkawinan dan Perceraian | Akta Perceraian
2026-04-01 11:34:41,385 [INFO]    Detail: https://www.lapor.go.id/laporan/detil/perubahan-akta-kelahiran-202405171711001715940660806
2026-04-01 11:34:46,184 [INFO]       v ID=7770601 | perubahan akta kelahiran | Akta Kelahiran
2026-04-01 11:34:48,873 [INFO]    Detail: https://www.lapor.go.id/laporan/detil/permohonan-data-penelitian-202405171731101715941870190
2026-04-01 11:34:54,470 [INFO]       v ID=7770643 | Permohonan Data Penelitian | Administrasi Kependudukan dan Pencatatan Sipil
2026-04-01 11:34:58,430 [INFO]    Detail: https://www.lapor.go.id/laporan/detil/pengajuan-online-sipemuda-online-202405171824141715945054973
2026-04-01 11:35:04,409 [INFO]       v ID=7770700 | pengajuan online sipemuda online | Administrasi Kependudukan dan Pencatatan Sipil
2026-04-01 11:35:06,730 [INFO]    Detail: https://www.lapor.go.id/laporan/detil/pelaporan-pns-kepala-sekolah-202405171957221715950642135
2026-04-01 11:35:12,808 [INFO]       v ID=7770904 | Pelaporan Pns Kepala Sekolah | Lainnya terkait Pendidikan dan Kebudayaan
2026-04-01 11:35:16,712 [INFO]    Detail: https://www.lapor.go.id/laporan/detil/study-tour-perpisahan-202405182016321716038192826
2026-04-01 11:35:22,489 [INFO]       v ID=7773187 | Study Tour Perpisahan | Paud dan Pendidikan Informal
2026-04-01 11:35:25,705 [INFO]    Detail: https://www.lapor.go.id/laporan/detil/bimtek-20-mei-202405201316581716185818869
2026-04-01 11:35:32,784 [INFO]       v ID=7777039 | Bimtek 20 ‘Mei | Gizi Buruk/Stunting
2026-04-01 11:35:35,354 [INFO]    Detail: https://www.lapor.go.id/laporan/detil/permohonan-agar-ditindak-lanjut-hama-yang-menyerang-pisang-202405212321481716308508421
2026-04-01 11:35:42,313 [INFO]       v ID=7781560 | Permohonan Agar Ditindak Lanjut Hama Yang Men | Pertanian dan Peternakan
2026-04-01 11:35:44,666 [INFO]    Total terkumpul sejauh ini: 968 laporan

2026-04-01 11:35:46,820 [INFO] ── Halaman 98: https://www.lapor.go.id/kisah-sukses?page=98
2026-04-01 11:36:06,187 [INFO]    -> 10 laporan ditemukan
2026-04-01 11:36:06,187 [INFO]    Detail: https://www.lapor.go.id/laporan/detil/laporan-pelanggaran-ham-202405220734381716338078909
2026-04-01 11:36:12,541 [INFO]       v ID=7782001 | Laporan Pelanggaran Ham | Hak Asasi Manusia (HAM)
2026-04-01 11:36:15,767 [INFO]    Detail: https://www.lapor.go.id/laporan/detil/laporan-pekerjaan-tidak-sesuai-standar-terindikasi-korupsi-202405221701031716372063683
2026-04-01 11:36:21,332 [INFO]       v ID=7783759 | Laporan Pekerjaan Tidak Sesuai Standar Terind | SP4N-LAPOR!
2026-04-01 11:36:24,836 [INFO]    Detail: https://www.lapor.go.id/laporan/detil/trotoar-jalan-pejalan-kaki-terganggu-akibat-sampah-kumuh-202405230834461716428086928
2026-04-01 11:36:29,990 [INFO]       v ID=7784965 | Trotoar Jalan Pejalan Kaki Terganggu Akibat S | Pencemaran Lingkungan
2026-04-01 11:36:33,636 [INFO]    Detail: https://www.lapor.go.id/laporan/detil/pju-mati-202405232156101716476170719
2026-04-01 11:36:40,064 [INFO]       v ID=7786267 | Pju Mati | Penerangan Jalan
2026-04-01 11:36:43,494 [INFO]    Detail: https://www.lapor.go.id/laporan/detil/lapak-pedagang-menutup-setengah-jalan-202406030759101717376350339
2026-04-01 11:36:48,441 [INFO]       v ID=7790278 | Lapak Pedagang Menutup Setengah Jalan | Ketertiban Umum
2026-04-01 11:36:51,422 [INFO]    Detail: https://www.lapor.go.id/laporan/detil/permohonan-air-bersih-202405262337371716741457003
2026-04-01 11:36:58,052 [INFO]       v ID=7791769 | Permohonan Air Bersih | None
2026-04-01 11:37:01,207 [INFO]    Detail: https://www.lapor.go.id/laporan/detil/lampu-taman-kali-ngrowo-202405311522201717143740267
2026-04-01 11:37:06,524 [INFO]       v ID=7795822 | Lampu Taman Kali Ngrowo | Taman
2026-04-01 11:37:10,519 [INFO]    Detail: https://www.lapor.go.id/laporan/detil/pelaporan-kedisiplinan-asn-202405280837011716860221050
2026-04-01 11:37:16,764 [INFO]       v ID=7796221 | Pelaporan Kedisiplinan Asn | Administrasi Kependudukan dan Pencatatan Sipil
2026-04-01 11:37:19,954 [INFO]    Detail: https://www.lapor.go.id/laporan/detil/lapor-pak-domain-instansi-pemerintah-di-jasikan-sarana-phising-perjudian-online-202405281016161716866176512
2026-04-01 11:37:26,733 [INFO]       v ID=7796728 | Lapor Pak, Domain Instansi Pemerintah Di Jasi | Informasi Terkait Aplikasi Pemerintah
2026-04-01 11:37:29,330 [INFO]    Detail: https://www.lapor.go.id/laporan/detil/permintaan-informasi-mengenai-perusahaan-yang-lolos-verifikasi-pemanfaatan-sedimentasi-di-laut-202405281120501716870050699
2026-04-01 11:37:36,069 [INFO]       v ID=7797238 | Permintaan informasi mengenai perusahaan yang | None
2026-04-01 11:37:38,842 [INFO]    Total terkumpul sejauh ini: 978 laporan

2026-04-01 11:37:40,971 [INFO] ── Halaman 99: https://www.lapor.go.id/kisah-sukses?page=99
2026-04-01 11:38:00,403 [INFO]    -> 10 laporan ditemukan
2026-04-01 11:38:00,403 [INFO]    Detail: https://www.lapor.go.id/laporan/detil/informasi-cara-permohonan-sipji-202405281135111716870911434
2026-04-01 11:38:06,507 [INFO]       v ID=7797316 | Informasi cara permohonan SIPJI | None
2026-04-01 11:38:09,588 [INFO]    Detail: https://www.lapor.go.id/laporan/detil/galian-pipa-tidak-selesai-petugas-tidak-ada--202405281646361716889596918
2026-04-01 11:38:15,237 [INFO]       v ID=7798498 | Galian Pipa Tidak Selesai, Petugas Tidak Ada. | Lainnya terkait Infrastruktur Pendukung
2026-04-01 11:38:18,091 [INFO]    Detail: https://www.lapor.go.id/laporan/detil/pkh-lansia-202405281728051716892085695
2026-04-01 11:38:24,475 [INFO]       v ID=7798597 | Pkh Lansia | Pemberdayaan Masyarakat
2026-04-01 11:38:27,205 [INFO]    Detail: https://www.lapor.go.id/laporan/detil/surat-rekomendasi-walikota-202405291346181716965178824
2026-04-01 11:38:36,496 [INFO]       v ID=7801780 | surat rekomendasi walikota | Topik Lainnya
2026-04-01 11:38:39,949 [INFO]    Detail: https://www.lapor.go.id/laporan/detil/antrian-online-202405291420361716967236683
2026-04-01 11:38:46,807 [INFO]       v ID=7802026 | Antrian Online | None
2026-04-01 11:38:49,973 [INFO]    Detail: https://www.lapor.go.id/laporan/detil/perubahan-kartu-keluarga-202405301420511717053651414
2026-04-01 11:38:56,971 [INFO]       v ID=7805533 | Perubahan Kartu Keluarga | Kartu Keluarga
2026-04-01 11:39:00,031 [INFO]    Detail: https://www.lapor.go.id/laporan/detil/test-kesehatan-utk-pranikah-202405310954141717124054607
2026-04-01 11:39:08,857 [INFO]       v ID=7808566 | test kesehatan utk pranikah | None
2026-04-01 11:39:11,588 [INFO]    Detail: https://www.lapor.go.id/laporan/detil/website-tubaba-go-id-disusupi-judi-online-202406030717551717373875835
2026-04-01 11:39:18,442 [INFO]       v ID=7815286 | Website Tubaba.go.id Disusupi Judi Online | Lainnya terkait Teknologi Informasi dan Komunikasi
2026-04-01 11:39:20,982 [INFO]    Detail: https://www.lapor.go.id/laporan/detil/tumpukan-sampah-dan-sedimentasi-menutup-saluran-air-202406030955371717383337107
2026-04-01 11:39:26,948 [INFO]       v ID=7817383 | Tumpukan Sampah Dan Sedimentasi Menutup Salur | Drainase (Gorong-Gorong/Parit)
2026-04-01 11:39:30,247 [INFO]    Detail: https://www.lapor.go.id/laporan/detil/batas-usia-kelulusan-siswa-taman-kanak-kanak-202406031101171717387277164
2026-04-01 11:39:37,182 [INFO]       v ID=7817764 | Batas Usia Kelulusan Siswa Taman Kanak-Kanak | Paud dan Pendidikan Informal
2026-04-01 11:39:40,583 [INFO]    Total terkumpul sejauh ini: 988 laporan

2026-04-01 11:39:44,375 [INFO] ── Halaman 100: https://www.lapor.go.id/kisah-sukses?page=100
2026-04-01 11:40:06,525 [INFO]    -> 10 laporan ditemukan
2026-04-01 11:40:06,525 [INFO]    Detail: https://www.lapor.go.id/laporan/detil/informasi-pasien-baru-202406040856131717466173044
2026-04-01 11:40:14,602 [INFO]       v ID=7822114 | Informasi pasien baru | None
2026-04-01 11:40:18,112 [INFO]    Detail: https://www.lapor.go.id/laporan/detil/pelayanan-masyarakat-pada-kelurahan-kemasan-202406050810341717549834482
2026-04-01 11:40:25,621 [INFO]       v ID=7825498 | Pelayanan Masyarakat pada Kelurahan Kemasan | None
2026-04-01 11:40:29,491 [INFO]    Detail: https://www.lapor.go.id/laporan/detil/pedagang-liar-202406051008371717556917997
2026-04-01 11:40:35,253 [INFO]       v ID=7826140 | Pedagang Liar | Pasar
2026-04-01 11:40:38,020 [INFO]    Detail: https://www.lapor.go.id/laporan/detil/tagihan-pelunasan-pembayaran-pelatihan-pengembangan-pekarangan-organik-berbasis-limbah-makanan-untuk-ketahanan-pangan-dan-gizi-keluarga-tanggal-19-23-september-2023-202406051508001717574880978
2026-04-01 11:40:45,316 [INFO]       v ID=7827502 | Tagihan Pelunasan Pembayaran Pelatihan Pengem | SP4N-LAPOR!
2026-04-01 11:40:47,852 [INFO]    Detail: https://www.lapor.go.id/laporan/detil/pungutan-uang-bersih-desa-202406052032331717594353584
2026-04-01 11:40:54,822 [INFO]       v ID=7828444 | Pungutan Uang Bersih Desa | Anggaran dan Perbendaharaan
2026-04-01 11:40:58,151 [INFO]    Detail: https://www.lapor.go.id/laporan/detil/bantuan-sosial-bpnt-tidak-berlanjut-202406061155471717649747482
2026-04-01 11:41:04,636 [INFO]       v ID=7830742 | Bantuan Sosial BPNT tidak berlanjut | None
2026-04-01 11:41:08,415 [INFO]    Detail: https://www.lapor.go.id/laporan/detil/pengunduran-bpjs-202406061158001717649880034
2026-04-01 11:41:13,784 [INFO]       v ID=7830751 | Pengunduran BPJS | None
2026-04-01 11:41:16,942 [INFO]    Detail: https://www.lapor.go.id/laporan/detil/cek-bansos-202406061202441717650164593
2026-04-01 11:41:23,931 [INFO]       v ID=7830772 | Cek Bansos | None
2026-04-01 11:41:26,065 [INFO]    Detail: https://www.lapor.go.id/laporan/detil/pkh-tidak-masuk-202406061204111717650251109
2026-04-01 11:41:32,392 [INFO]       v ID=7830781 | PKH tidak Masuk | None
2026-04-01 11:41:36,393 [INFO]    Detail: https://www.lapor.go.id/laporan/detil/informasi-magang-202406061527041717662424535
2026-04-01 11:41:42,704 [INFO]       v ID=7831798 | Informasi Magang | None
2026-04-01 11:41:45,096 [INFO]    Total terkumpul sejauh ini: 998 laporan

2026-04-01 11:41:48,076 [INFO] ── Halaman 101: https://www.lapor.go.id/kisah-sukses?page=101
2026-04-01 11:42:06,406 [INFO]    -> 10 laporan ditemukan
2026-04-01 11:42:06,406 [INFO]    Detail: https://www.lapor.go.id/laporan/detil/informasi-magang-202406061528121717662492840
2026-04-01 11:42:12,111 [INFO]       v ID=7831804 | Informasi Magang | None
2026-04-01 11:42:14,535 [INFO]    Detail: https://www.lapor.go.id/laporan/detil/diduga-pemenang-tender-tidak-memiliki-sbu-dan-diminta-kepada-lkpp-untuk-dapat-menindaklanjuti-202406070713571717719237941
2026-04-01 11:42:21,835 [INFO]       v ID=7834150 | Diduga Pemenang Tender Tidak Memiliki Sbu Dan | SP4N-LAPOR!
2026-04-01 11:42:25,501 [INFO]    Detail: https://www.lapor.go.id/laporan/detil/pindah-datang-bisa-online--202406071050041717732204494
2026-04-01 11:42:33,092 [INFO]       v ID=7834912 | Pindah datang bisa online? | None
2026-04-01 11:42:35,566 [INFO]    Detail: https://www.lapor.go.id/laporan/detil/cetak-ktp-ganti-status-202406071110451717733445145
2026-04-01 11:42:42,436 [INFO]       v ID=7834996 | Cetak KTP ganti status | None
2026-04-01 11:42:44,617 [INFO]    Detail: https://www.lapor.go.id/laporan/detil/legalisir-kk-202406071256041717739764042
2026-04-01 11:42:51,061 [INFO]       v ID=7835317 | Legalisir KK | None
2026-04-01 11:42:53,933 [INFO]    Detail: https://www.lapor.go.id/laporan/detil/jam-buka-kantor-202406071414561717744496893
2026-04-01 11:43:03,101 [INFO]       v ID=7835602 | Jam buka kantor | None
2026-04-01 11:43:06,439 [INFO]    Detail: https://www.lapor.go.id/laporan/detil/cetak-ktp-202406071422591717744979427
2026-04-01 11:43:12,992 [INFO]       v ID=7835635 | Cetak KTP | None
2026-04-01 11:43:15,392 [INFO]    Detail: https://www.lapor.go.id/laporan/detil/kartu-tanda-penduduk-202406071856021717761362504
2026-04-01 11:43:23,440 [INFO]       v ID=7836196 | Kartu Tanda Penduduk | Administrasi Kependudukan dan Pencatatan Sipil
2026-04-01 11:43:26,413 [INFO]    Detail: https://www.lapor.go.id/laporan/detil/pengaduan-pelayanan-e-ktp-202406111141261718080886131
2026-04-01 11:43:31,453 [INFO]       v ID=7847236 | Pengaduan Pelayanan E-KTP | None
2026-04-01 11:43:35,384 [INFO]    Detail: https://www.lapor.go.id/laporan/detil/ulasan-202406120736231718152583611
2026-04-01 11:43:43,054 [INFO]       v ID=7850077 | Ulasan | None
2026-04-01 11:43:45,855 [INFO]    Total terkumpul sejauh ini: 1008 laporan

2026-04-01 11:43:49,563 [INFO] ── Halaman 102: https://www.lapor.go.id/kisah-sukses?page=102
2026-04-01 11:44:08,307 [INFO]    -> 10 laporan ditemukan
2026-04-01 11:44:08,307 [INFO]    Detail: https://www.lapor.go.id/laporan/detil/uji-lab-air-202406120738101718152690646
2026-04-01 11:44:14,595 [INFO]       v ID=7850083 | Uji lab air | None
2026-04-01 11:44:16,917 [INFO]    Detail: https://www.lapor.go.id/laporan/detil/jalan-rusak-202406120846161718156776330
2026-04-01 11:44:22,917 [INFO]       v ID=7850494 | Jalan Rusak | Jalan Berlubang
2026-04-01 11:44:25,176 [INFO]    Detail: https://www.lapor.go.id/laporan/detil/polisi-asap-pabrik-kayu-smk-202406121718071718187487863
2026-04-01 11:44:32,729 [INFO]       v ID=7852624 | Polisi Asap Pabrik Kayu Smk | Pencemaran Lingkungan
2026-04-01 11:44:35,612 [INFO]    Detail: https://www.lapor.go.id/laporan/detil/penjadwalan-ulang-kontrol-rawat-jalan-202406130915261718244926972
2026-04-01 11:44:41,595 [INFO]       v ID=7854640 | Penjadwalan ulang kontrol rawat jalan | None
2026-04-01 11:44:45,315 [INFO]    Detail: https://www.lapor.go.id/laporan/detil/kebakaran-hutan-dan-lahan-202406140842221718329342660
2026-04-01 11:44:52,656 [INFO]       v ID=7858876 | Kebakaran  Hutan dan Lahan | None
2026-04-01 11:44:54,993 [INFO]    Detail: https://www.lapor.go.id/laporan/detil/kebakaran-hutan-dan-lahan-202406141002501718334170699
2026-04-01 11:45:01,303 [INFO]       v ID=7859275 | Kebakaran Hutan dan Lahan | None
2026-04-01 11:45:04,676 [INFO]    Detail: https://www.lapor.go.id/laporan/detil/perambahan-kawasan-lahan-pada-areal-kerja-perhutanan-sosial-kelompok-tani-hutan-kth--202406141025201718335520285
2026-04-01 11:45:10,235 [INFO]       v ID=7859365 | Perambahan Kawasan Lahan pada areal kerja Per | None
2026-04-01 11:45:13,756 [INFO]    Detail: https://www.lapor.go.id/laporan/detil/kegiatan-usaha-tanpa-izin-yang-meresahkan-warga-202406141338331718347113542
2026-04-01 11:45:19,437 [INFO]       v ID=7859950 | Kegiatan/Usaha Tanpa Izin Yang Meresahkan War | Pencemaran Lingkungan
2026-04-01 11:45:23,293 [INFO]    Detail: https://www.lapor.go.id/laporan/detil/minta-bantuan-bibit-ikan-202406142243121718379792636
2026-04-01 11:45:32,869 [INFO]       v ID=7861261 | Minta Bantuan Bibit Ikan | Pertanian dan Peternakan
2026-04-01 11:45:35,962 [INFO]    Detail: https://www.lapor.go.id/laporan/detil/suara-speaker-toa-mushola-keras-202406152111021718460662636
2026-04-01 11:45:42,424 [INFO]       v ID=7863586 | Suara Speaker Toa Mushola Keras | Agama
2026-04-01 11:45:44,963 [INFO]    Total terkumpul sejauh ini: 1018 laporan

2026-04-01 11:45:48,441 [INFO] ── Halaman 103: https://www.lapor.go.id/kisah-sukses?page=103
2026-04-01 11:46:09,033 [INFO]    -> 10 laporan ditemukan
2026-04-01 11:46:09,033 [INFO]    Detail: https://www.lapor.go.id/laporan/detil/kualitas-produk-amdk-202406161011331718507493756
2026-04-01 11:46:14,235 [INFO]       v ID=7865461 | Kualitas Produk AMDK | None
2026-04-01 11:46:17,580 [INFO]    Detail: https://www.lapor.go.id/laporan/detil/pemalsuan-nomor-izin-edar-kosmetik-202406161014431718507683207
2026-04-01 11:46:22,459 [INFO]       v ID=7865467 | Pemalsuan Nomor Izin Edar Kosmetik | None
2026-04-01 11:46:24,813 [INFO]    Detail: https://www.lapor.go.id/laporan/detil/pangan-dengan-bahan-berbahaya-202406161019181718507958688
2026-04-01 11:46:32,668 [INFO]       v ID=7865494 | Pangan dengan Bahan Berbahaya | None
2026-04-01 11:46:35,384 [INFO]    Detail: https://www.lapor.go.id/laporan/detil/kosmetik-tanpa-izin-edar-202406161025201718508320352
2026-04-01 11:46:41,178 [INFO]       v ID=7865521 | Kosmetik tanpa izin edar | None
2026-04-01 11:46:44,346 [INFO]    Detail: https://www.lapor.go.id/laporan/detil/kosmetik-tanpa-izin-edar-202406161027321718508452818
2026-04-01 11:46:50,235 [INFO]       v ID=7865533 | Kosmetik tanpa izin edar | None
2026-04-01 11:46:54,190 [INFO]    Detail: https://www.lapor.go.id/laporan/detil/himbauan-kebersihan-jalan-viral-202406201908061718885286463
2026-04-01 11:47:00,976 [INFO]       v ID=7879561 | Himbauan Kebersihan Jalan Viral | Pencemaran Lingkungan
2026-04-01 11:47:04,068 [INFO]    Detail: https://www.lapor.go.id/laporan/detil/gorong-amblas-karna-akar-pohon-202406210741271718930487118
2026-04-01 11:47:11,723 [INFO]       v ID=7881724 | Gorong" Amblas Karna Akar Pohon | Drainase (Gorong-Gorong/Parit)
2026-04-01 11:47:14,139 [INFO]    Detail: https://www.lapor.go.id/laporan/detil/jalan-flamboyan-sering-banjir-202406210753231718931203472
2026-04-01 11:47:19,173 [INFO]       v ID=7881745 | Jalan Flamboyan Sering Banjir | Drainase (Gorong-Gorong/Parit)
2026-04-01 11:47:22,854 [INFO]    Detail: https://www.lapor.go.id/laporan/detil/penertiban-layang-layang-202406231947001719146820196
2026-04-01 11:47:27,576 [INFO]       v ID=7887430 | Penertiban Layang-Layang | Keresahan Masyarakat
2026-04-01 11:47:30,183 [INFO]    Detail: https://www.lapor.go.id/laporan/detil/sarpras-202406240836491719193009987
2026-04-01 11:47:36,681 [INFO]       v ID=7889311 | SARPRAS | None
2026-04-01 11:47:38,918 [INFO]    Total terkumpul sejauh ini: 1028 laporan

2026-04-01 11:47:42,522 [INFO] ── Halaman 104: https://www.lapor.go.id/kisah-sukses?page=104
2026-04-01 11:48:03,386 [INFO]    -> 10 laporan ditemukan
2026-04-01 11:48:03,387 [INFO]    Detail: https://www.lapor.go.id/laporan/detil/pengaduan---pabrik-kayu-bising-202406241033201719200000493
2026-04-01 11:48:10,451 [INFO]       v ID=7889746 | Pengaduan - pabrik kayu bising | None
2026-04-01 11:48:13,414 [INFO]    Detail: https://www.lapor.go.id/laporan/detil/lambatnya-aprrove-pengajuan-nuptk-202406251025191719285919864
2026-04-01 11:48:18,543 [INFO]       v ID=7893712 | Lambatnya Aprrove Pengajuan Nuptk | Lainnya terkait Pendidikan dan Kebudayaan
2026-04-01 11:48:20,572 [INFO]    Detail: https://www.lapor.go.id/laporan/detil/sarpras-keramik-rusak--202406251253391719294819524
2026-04-01 11:48:29,434 [INFO]       v ID=7894300 | SARPRAS (Keramik Rusak) | None
2026-04-01 11:48:32,081 [INFO]    Detail: https://www.lapor.go.id/laporan/detil/sarpras-engsel-rusak--202406251257291719295049393
2026-04-01 11:48:38,835 [INFO]       v ID=7894315 | SARPRAS (Engsel Rusak) | None
2026-04-01 11:48:42,297 [INFO]    Detail: https://www.lapor.go.id/laporan/detil/sarpras-keramik-terkena-keluarga-pasien--202406251259561719295196285
2026-04-01 11:48:51,393 [INFO]       v ID=7894321 | SARPRAS (Keramik terkena keluarga pasien) | None
2026-04-01 11:48:54,014 [INFO]    Detail: https://www.lapor.go.id/laporan/detil/kecepatan-pelayanan-antrian-obat-lama--202406251302091719295329980
2026-04-01 11:49:01,430 [INFO]       v ID=7894330 | Kecepatan Pelayanan (Antrian Obat Lama) | None
2026-04-01 11:49:04,440 [INFO]    Detail: https://www.lapor.go.id/laporan/detil/kedisiplinan-petugas-202406251303531719295433199
2026-04-01 11:49:11,650 [INFO]       v ID=7894333 | Kedisiplinan Petugas | None
2026-04-01 11:49:15,246 [INFO]    Detail: https://www.lapor.go.id/laporan/detil/no-respon-antrian-online-202406251305591719295559862
2026-04-01 11:49:24,945 [INFO]       v ID=7894345 | No Respon Antrian Online | None
2026-04-01 11:49:27,574 [INFO]    Detail: https://www.lapor.go.id/laporan/detil/kelas-ibu-hamil-202406251307451719295665383
2026-04-01 11:49:33,860 [INFO]       v ID=7894354 | Kelas Ibu Hamil | None
2026-04-01 11:49:36,866 [INFO]    Detail: https://www.lapor.go.id/laporan/detil/kursi-tunggu-kurang-202406251310381719295838675
2026-04-01 11:49:46,065 [INFO]       v ID=7894360 | Kursi Tunggu Kurang | None
2026-04-01 11:49:48,730 [INFO]    Total terkumpul sejauh ini: 1038 laporan

2026-04-01 11:49:52,011 [INFO] ── Halaman 105: https://www.lapor.go.id/kisah-sukses?page=105
2026-04-01 11:50:11,028 [INFO]    -> 10 laporan ditemukan
2026-04-01 11:50:11,028 [INFO]    Detail: https://www.lapor.go.id/laporan/detil/kecepatan-pelayanan-kia-202406251312261719295946398
2026-04-01 11:50:18,861 [INFO]       v ID=7894366 | Kecepatan Pelayanan KIA | None
2026-04-01 11:50:20,894 [INFO]    Detail: https://www.lapor.go.id/laporan/detil/sinkorinisasi-data-202406251354021719298442974
2026-04-01 11:50:27,505 [INFO]       v ID=7894534 | SINKORINISASI DATA | None
2026-04-01 11:50:29,701 [INFO]    Detail: https://www.lapor.go.id/laporan/detil/update-data-alamat-202406251358021719298682150
2026-04-01 11:50:37,719 [INFO]       v ID=7894606 | Update Data Alamat | None
2026-04-01 11:50:41,639 [INFO]    Detail: https://www.lapor.go.id/laporan/detil/sinkronisasi-ktp-el-202406251403501719299030952
2026-04-01 11:50:49,560 [INFO]       v ID=7894636 | Sinkronisasi KTP-EL | None
2026-04-01 11:50:52,695 [INFO]    Detail: https://www.lapor.go.id/laporan/detil/sinkornisasi-data-ktp-el-202406251418261719299906701
2026-04-01 11:51:00,062 [INFO]       v ID=7894729 | Sinkornisasi Data KTP-EL | None
2026-04-01 11:51:02,855 [INFO]    Detail: https://www.lapor.go.id/laporan/detil/polres-hss-latihan-gas-air-mata-kena-warga-sekitar-202406261105331719374733753
2026-04-01 11:51:10,176 [INFO]       v ID=7897327 | Polres Hss Latihan Gas Air Mata Kena Warga Se | Kepolisian
2026-04-01 11:51:13,952 [INFO]    Detail: https://www.lapor.go.id/laporan/detil/marka-jalan-lampu-merah-202406261004041719371044121
2026-04-01 11:51:21,407 [INFO]       v ID=7897672 | Aduan : Marka Jalan Lampu Merah | Lainnya terkait Perhubungan
2026-04-01 11:51:25,146 [INFO]    Detail: https://www.lapor.go.id/laporan/detil/jadwal-keberangkatan-jamaah-haji-yang-selalu-mundur-202406261049121719373752074
2026-04-01 11:51:30,035 [INFO]       v ID=7897912 | Jadwal Keberangkatan Jamaah Haji Yang Selalu  | Haji dan Umroh
2026-04-01 11:51:33,673 [INFO]    Detail: https://www.lapor.go.id/laporan/detil/pinjaman-online-202406261102231719374543572
2026-04-01 11:51:40,373 [INFO]       v ID=7898026 | Pinjaman Online | Topik Lainnya
2026-04-01 11:51:43,986 [INFO]    Detail: https://www.lapor.go.id/laporan/detil/elsa-rahmadahanti-202406280815421719537342723
2026-04-01 11:51:51,700 [INFO]       v ID=7908097 | elsa rahmadahanti | None
2026-04-01 11:51:54,295 [INFO]    Total terkumpul sejauh ini: 1048 laporan

2026-04-01 11:51:57,541 [INFO] ── Halaman 106: https://www.lapor.go.id/kisah-sukses?page=106
2026-04-01 11:52:17,522 [INFO]    -> 10 laporan ditemukan
2026-04-01 11:52:17,524 [INFO]    Detail: https://www.lapor.go.id/laporan/detil/konsultasi-izin-edar-bpom-202406280820351719537635314
2026-04-01 11:52:23,639 [INFO]       v ID=7908121 | konsultasi izin edar BPOM | None
2026-04-01 11:52:26,680 [INFO]    Detail: https://www.lapor.go.id/laporan/detil/izin-edar-202406280825561719537956490
2026-04-01 11:52:33,059 [INFO]       v ID=7908151 | izin edar | None
2026-04-01 11:52:36,484 [INFO]    Detail: https://www.lapor.go.id/laporan/detil/pengaduan-obat-tradisional-tanpa-izin-edar-202406280844541719539094171
2026-04-01 11:52:43,168 [INFO]       v ID=7908217 | Pengaduan obat tradisional tanpa izin edar | None
2026-04-01 11:52:45,272 [INFO]    Detail: https://www.lapor.go.id/laporan/detil/informasi-izin-edar-202406280852001719539520680
2026-04-01 11:52:51,529 [INFO]       v ID=7908244 | informasi izin edar | None
2026-04-01 11:52:54,877 [INFO]    Detail: https://www.lapor.go.id/laporan/detil/tindak-lanjut-rekrutmen-mitra-bps-kabupaten-siak-202406281657101719568630938
2026-04-01 11:52:59,664 [INFO]       v ID=7910146 | Tindak lanjut Rekrutmen Mitra BPS Kabupaten S | None
2026-04-01 11:53:03,381 [INFO]    Detail: https://www.lapor.go.id/laporan/detil/info-lowongan-pekerjaan-202406281704231719569063233
2026-04-01 11:53:09,989 [INFO]       v ID=7910167 | Info Lowongan Pekerjaan | None
2026-04-01 11:53:12,860 [INFO]    Detail: https://www.lapor.go.id/laporan/detil/info-lowongan-mitra-statistik-202406281706111719569171085
2026-04-01 11:53:18,350 [INFO]       v ID=7910176 | Info Lowongan Mitra Statistik | None
2026-04-01 11:53:22,063 [INFO]    Detail: https://www.lapor.go.id/laporan/detil/pengerukan-tanggul-sungai-brantas-202406281714021719569642283
2026-04-01 11:53:27,701 [INFO]       v ID=7910194 | Pengerukan Tanggul Sungai Brantas | Dampak Lingkungan Area Pertambangan
2026-04-01 11:53:31,314 [INFO]    Detail: https://www.lapor.go.id/laporan/detil/bencana-alam-banjir-202406300905381719713138876
2026-04-01 11:53:38,271 [INFO]       v ID=7914262 | Bencana Alam Banjir | None
2026-04-01 11:53:41,374 [INFO]    Detail: https://www.lapor.go.id/laporan/detil/pengaduan---antian-lama-202407020814541719882894790
2026-04-01 11:53:46,716 [INFO]       v ID=7920601 | Pengaduan - Antian lama | None
2026-04-01 11:53:49,148 [INFO]    Total terkumpul sejauh ini: 1058 laporan

2026-04-01 11:53:52,245 [INFO] ── Halaman 107: https://www.lapor.go.id/kisah-sukses?page=107
2026-04-01 11:54:12,866 [INFO]    -> 10 laporan ditemukan
2026-04-01 11:54:12,866 [INFO]    Detail: https://www.lapor.go.id/laporan/detil/pengaduan---performa-pelayanan-202407020822091719883329149
2026-04-01 11:54:17,823 [INFO]       v ID=7920622 | Pengaduan - Performa pelayanan | None
2026-04-01 11:54:20,938 [INFO]    Detail: https://www.lapor.go.id/laporan/detil/kendala-tidak-bisa-login-ke-akun-sobat-bps-202407020944381719888278445
2026-04-01 11:54:29,156 [INFO]       v ID=7920949 | Kendala Tidak Bisa Login ke Akun SOBAT BPS | None
2026-04-01 11:54:32,830 [INFO]    Detail: https://www.lapor.go.id/laporan/detil/jl-raya-kodau-jati-mekar-bnyak-lobang-dan-membahayakan-202407021447161719906436262
2026-04-01 11:54:37,760 [INFO]       v ID=7921705 | Jl Raya Kodau Jati Mekar Bnyak Lobang Dan Mem | Jalan Berlubang
2026-04-01 11:54:41,711 [INFO]    Detail: https://www.lapor.go.id/laporan/detil/pengurusahan-pecah-sertifikat-yang-sangat-lama-202407111821001720696860112
2026-04-01 11:54:47,517 [INFO]       v ID=7925680 | Pengurusahan Pecah Sertifikat Yang Sangat Lam | Sertifikat Tanah
2026-04-01 11:54:51,464 [INFO]    Detail: https://www.lapor.go.id/laporan/detil/dinas-pendidikann-kutai-barat-202407031949041720010944864
2026-04-01 11:54:56,636 [INFO]       v ID=7927189 | sertifikasi untuk guru swasta | Lainnya terkait Pendidikan dan Kebudayaan
2026-04-01 11:54:59,264 [INFO]    Detail: https://www.lapor.go.id/laporan/detil/pengurusan-di-kemenag-aceh-sabulusssalam-selalu-di-persulit-202407041140521720068052706
2026-04-01 11:55:06,308 [INFO]       v ID=7931203 | Pengurusan Di Kemenag  Aceh Sabulusssalam Sel | Lainnya terkait Pendidikan dan Kebudayaan
2026-04-01 11:55:09,502 [INFO]    Detail: https://www.lapor.go.id/laporan/detil/keluhan-sistem-zonasi-202407041405431720076743053
2026-04-01 11:55:16,356 [INFO]       v ID=7931755 | Keluhan Sistem Zonasi | None
2026-04-01 11:55:20,132 [INFO]    Detail: https://www.lapor.go.id/laporan/detil/pendaftaran-sekolah-mohon-kelonggaran-karena-faktor-domisili-202407041418521720077532600
2026-04-01 11:55:25,354 [INFO]       v ID=7931821 | pendaftaran sekolah,mohon kelonggaran karena  | None
2026-04-01 11:55:27,787 [INFO]    Detail: https://www.lapor.go.id/laporan/detil/lampu-pju-hampir-mati-202407041441351720078895874
2026-04-01 11:55:36,309 [INFO]       v ID=7931941 | Lampu Pju Hampir Mati | Penerangan Jalan
2026-04-01 11:55:39,056 [INFO]    Detail: https://www.lapor.go.id/laporan/detil/galian-disekitar-bekasi-menimbulkan-kemacetan-dan-membahayakan-202407041716201720088180328
2026-04-01 11:55:44,402 [INFO]       v ID=7932481 | Galian Disekitar Bekasi Menimbulkan Kemacetan | Agama
2026-04-01 11:55:47,638 [INFO]    Total terkumpul sejauh ini: 1068 laporan

2026-04-01 11:55:50,355 [INFO] ── Halaman 108: https://www.lapor.go.id/kisah-sukses?page=108
2026-04-01 11:56:08,505 [INFO]    -> 10 laporan ditemukan
2026-04-01 11:56:08,505 [INFO]    Detail: https://www.lapor.go.id/laporan/detil/preman-parkir-liar-sim-keliling-ramayana-krian-sidoarjo-202407080718291720397909218
2026-04-01 11:56:13,749 [INFO]       v ID=7944982 | Preman Parkir Liar Sim Keliling Ramayana Kria | Lainnya terkait Ketenteraman, Ketertiban Umum, dan Pelindungan Masyarakat
2026-04-01 11:56:16,862 [INFO]    Detail: https://www.lapor.go.id/laporan/detil/jalan-rusak-202407100756431720573003001
2026-04-01 11:56:21,718 [INFO]       v ID=7949482 | Jalan Rusak | Infrastruktur Jalan
2026-04-01 11:56:24,439 [INFO]    Detail: https://www.lapor.go.id/laporan/detil/jalan-flamboyan-jatimakmur-kalo-hujan-banjir-202407100758151720573095453
2026-04-01 11:56:29,355 [INFO]       v ID=7949488 | Jalan Flamboyan Jatimakmur Kalo Hujan Banjir | Drainase (Gorong-Gorong/Parit)
2026-04-01 11:56:32,107 [INFO]    Detail: https://www.lapor.go.id/laporan/detil/iuran-wisuda-202407100848561720576136217
2026-04-01 11:56:37,514 [INFO]       v ID=7949830 | Iuran Wisuda | None
2026-04-01 11:56:40,797 [INFO]    Detail: https://www.lapor.go.id/laporan/detil/wilayah-rumah-belum-terdeftar-202407100851031720576263048
2026-04-01 11:56:45,769 [INFO]       v ID=7949851 | Wilayah Rumah Belum Terdeftar | None
2026-04-01 11:56:49,646 [INFO]    Detail: https://www.lapor.go.id/laporan/detil/ada-pohon-tumbang-di-depan-simpang-ijen-no-2-malang-rt-05-rw-10-11-07-24-pagi-dan-butuh-penanganan-segera-dlh-202407110643261720655006452
2026-04-01 11:56:56,983 [INFO]       v ID=7954444 | Ada Pohon Tumbang Di Depan Simpang Ijen No 2  | Topik Lainnya
2026-04-01 11:57:00,356 [INFO]    Detail: https://www.lapor.go.id/laporan/detil/konsultasi-202407120929021720751342133
2026-04-01 11:57:08,217 [INFO]       v ID=7959496 | Konsultasi | None
2026-04-01 11:57:10,326 [INFO]    Detail: https://www.lapor.go.id/laporan/detil/pembayaran-pdam-berkali-lipat-202407131325181720851918403
2026-04-01 11:57:15,225 [INFO]       v ID=7965109 | Pembayaran Pdam Berkali Lipat | Topik Lainnya
2026-04-01 11:57:18,386 [INFO]    Detail: https://www.lapor.go.id/laporan/detil/label-produk-202407151649501721036990727
2026-04-01 11:57:23,160 [INFO]       v ID=7972678 | Label Produk | None
2026-04-01 11:57:26,992 [INFO]    Detail: https://www.lapor.go.id/laporan/detil/pelayanan-bidan-yang-ketus-terhadap-ibu-hamil-202407160200361721070036964
2026-04-01 11:57:32,884 [INFO]       v ID=7974694 | Pelayanan Bidan Yang Ketus Terhadap Ibu Hamil | Pelayanan Kesehatan Ibu dan Anak
2026-04-01 11:57:36,017 [INFO]    Total terkumpul sejauh ini: 1078 laporan

2026-04-01 11:57:39,619 [INFO] ── Halaman 109: https://www.lapor.go.id/kisah-sukses?page=109
2026-04-01 11:57:59,995 [INFO]    -> 10 laporan ditemukan
2026-04-01 11:57:59,995 [INFO]    Detail: https://www.lapor.go.id/laporan/detil/nik-ktp-el-202407161743171721126597955
2026-04-01 11:58:04,971 [INFO]       v ID=7978432 | NIK KTP-El | None
2026-04-01 11:58:08,980 [INFO]    Detail: https://www.lapor.go.id/laporan/detil/nik-tidak-sesuai-dengan-format-tanggal-lahir-202407161801571721127717119
2026-04-01 11:58:16,377 [INFO]       v ID=7978483 | NIK tidak sesuai dengan format tanggal lahir | None
2026-04-01 11:58:19,721 [INFO]    Detail: https://www.lapor.go.id/laporan/detil/cetak-ktp-el-luar-domisili-202407161839551721129995518
2026-04-01 11:58:25,443 [INFO]       v ID=7978594 | Cetak KTP El luar domisili | None
2026-04-01 11:58:29,088 [INFO]    Detail: https://www.lapor.go.id/laporan/detil/informasi-tentang-pelatihan-umkm-atau-bimtek-202407162221211721143281106
2026-04-01 11:58:37,384 [INFO]       v ID=7979104 | Informasi Tentang Pelatihan Umkm Atau Bimtek | Lainnya terkait Teknologi Informasi dan Komunikasi
2026-04-01 11:58:40,872 [INFO]    Detail: https://www.lapor.go.id/laporan/detil/penipuan-online-202407162334491721147689587
2026-04-01 11:58:48,385 [INFO]       v ID=7979224 | Penipuan Online | Lainnya terkait Ketenteraman, Ketertiban Umum, dan Pelindungan Masyarakat
2026-04-01 11:58:51,105 [INFO]    Detail: https://www.lapor.go.id/laporan/detil/wc-tidak-bisa-digunakan-202407170646081721173568404
2026-04-01 11:58:56,618 [INFO]       v ID=7980079 | Wc Tidak Bisa Digunakan | Lainnya terkait Kehutanan
2026-04-01 11:58:59,966 [INFO]    Detail: https://www.lapor.go.id/laporan/detil/pengaduan-langganan-air-202407171040141721187614231
2026-04-01 11:59:05,204 [INFO]       v ID=7980934 | Pengaduan Langganan Air | None
2026-04-01 11:59:07,333 [INFO]    Detail: https://www.lapor.go.id/laporan/detil/dugaan-pungutan-liar-oleh-kepala-desa-karangsono-202407171423351721201015289
2026-04-01 11:59:15,167 [INFO]       v ID=7981933 | Dugaan Pungutan Liar oleh Kepala Desa Karangs | None
2026-04-01 11:59:18,332 [INFO]    Detail: https://www.lapor.go.id/laporan/detil/smkpo-202407171649461721209786466
2026-04-01 11:59:23,462 [INFO]       v ID=7982860 | SMKPO | None
2026-04-01 11:59:25,686 [INFO]    Detail: https://www.lapor.go.id/laporan/detil/pendaftaran-produk-202407171653191721209999066
2026-04-01 11:59:32,591 [INFO]       v ID=7982881 | Pendaftaran Produk | None
2026-04-01 11:59:36,241 [INFO]    Total terkumpul sejauh ini: 1088 laporan

2026-04-01 11:59:39,134 [INFO] ── Halaman 110: https://www.lapor.go.id/kisah-sukses?page=110
2026-04-01 11:59:57,843 [INFO]    -> 10 laporan ditemukan
2026-04-01 11:59:57,843 [INFO]    Detail: https://www.lapor.go.id/laporan/detil/aktivasi-ikd-202407171742441721212964519
2026-04-01 12:00:06,113 [INFO]       v ID=7983040 | Aktivasi IKD | None
2026-04-01 12:00:09,256 [INFO]    Detail: https://www.lapor.go.id/laporan/detil/cetak-ktp-baru-karena-rusak-202407171746241721213184013
2026-04-01 12:00:20,092 [INFO]       v ID=7983061 | Cetak KTP Baru karena rusak | None
2026-04-01 12:00:23,613 [INFO]    Detail: https://www.lapor.go.id/laporan/detil/legalisir-akta-202407171749461721213386865
2026-04-01 12:00:31,274 [INFO]       v ID=7983067 | Legalisir Akta | None
2026-04-01 12:00:33,478 [INFO]    Detail: https://www.lapor.go.id/laporan/detil/permohonan-informasi-biaya-pengujian-laboratorium-202407181444121721288652958
2026-04-01 12:00:39,978 [INFO]       v ID=7987327 | Permohonan informasi biaya pengujian laborato | None
2026-04-01 12:00:42,388 [INFO]    Detail: https://www.lapor.go.id/laporan/detil/pelayanan-kurang-solutif-202407190847421721353662059
2026-04-01 12:00:49,061 [INFO]       v ID=7989607 | Pelayanan Kurang Solutif | KTP (Kartu Tanda Penduduk)
2026-04-01 12:00:52,214 [INFO]    Detail: https://www.lapor.go.id/laporan/detil/keluhan-pelayanan-petugas-di-ruangan-merpati-202407190925371721355937472
2026-04-01 12:00:58,806 [INFO]       v ID=7989802 | Keluhan pelayanan petugas di ruangan Merpati | None
2026-04-01 12:01:02,150 [INFO]    Detail: https://www.lapor.go.id/laporan/detil/konsultasi-fungsional-202407191516161721376976536
2026-04-01 12:01:07,886 [INFO]       v ID=7991086 | Konsultasi Fungsional | None
2026-04-01 12:01:11,167 [INFO]    Detail: https://www.lapor.go.id/laporan/detil/gajih-tidak-di-bayar-pt-202407281908371722168517312
2026-04-01 12:01:16,532 [INFO]       v ID=7991977 | Gajih Tidak Di Bayar Pt | Gaji Pekerja
2026-04-01 12:01:20,528 [INFO]    Detail: https://www.lapor.go.id/laporan/detil/tempat-dugem-di-area-perumahan-202407202259301721491170655
2026-04-01 12:01:25,800 [INFO]       v ID=7996429 | Tempat Dugem Di Area Perumahan | Lainnya terkait Ketenteraman, Ketertiban Umum, dan Pelindungan Masyarakat
2026-04-01 12:01:29,626 [INFO]    Detail: https://www.lapor.go.id/laporan/detil/bencana-aam-banjir-202407210804321721523872069
2026-04-01 12:01:35,931 [INFO]       v ID=7996828 | Bencana Aam Banjir | None
2026-04-01 12:01:39,751 [INFO]    Total terkumpul sejauh ini: 1098 laporan

2026-04-01 12:01:43,280 [INFO] ── Halaman 111: https://www.lapor.go.id/kisah-sukses?page=111
2026-04-01 12:02:02,007 [INFO]    -> 10 laporan ditemukan
2026-04-01 12:02:02,007 [INFO]    Detail: https://www.lapor.go.id/laporan/detil/bencana-alam-banjir-202407211021191721532079254
2026-04-01 12:02:08,411 [INFO]       v ID=7997005 | Bencana Alam Banjir | None
2026-04-01 12:02:11,868 [INFO]    Detail: https://www.lapor.go.id/laporan/detil/bencana-alam-banjir-202407211028051721532485407
2026-04-01 12:02:18,227 [INFO]       v ID=7997020 | Bencana Alam Banjir | None
2026-04-01 12:02:20,862 [INFO]    Detail: https://www.lapor.go.id/laporan/detil/bencana-alam-banjir-202407211044521721533492629
2026-04-01 12:02:26,966 [INFO]       v ID=7997065 | Bencana Alam Banjir | None
2026-04-01 12:02:29,478 [INFO]    Detail: https://www.lapor.go.id/laporan/detil/bencana-alam-banjir-202407211052541721533974737
2026-04-01 12:02:35,493 [INFO]       v ID=7997074 | Bencana Alam Banjir | None
2026-04-01 12:02:37,741 [INFO]    Detail: https://www.lapor.go.id/laporan/detil/bencana-alam-banjir-dan-tanah-longsor-202407211105261721534726541
2026-04-01 12:02:42,933 [INFO]       v ID=7997119 | Bencana Alam Banjir dan Tanah Longsor | None
2026-04-01 12:02:46,192 [INFO]    Detail: https://www.lapor.go.id/laporan/detil/bencana-alam-banjir-202407211116351721535395083
2026-04-01 12:02:53,822 [INFO]       v ID=7997155 | Bencana Alam Banjir | None
2026-04-01 12:02:56,665 [INFO]    Detail: https://www.lapor.go.id/laporan/detil/bencana-alam-angin-putting-beliung-202407211124551721535895861
2026-04-01 12:03:03,987 [INFO]       v ID=7997185 | Bencana Alam Angin Putting Beliung | None
2026-04-01 12:03:07,083 [INFO]    Detail: https://www.lapor.go.id/laporan/detil/bencana-alam-longsor-202407211132161721536336747
2026-04-01 12:03:12,212 [INFO]       v ID=7997209 | Bencana Alam Longsor | None
2026-04-01 12:03:14,340 [INFO]    Detail: https://www.lapor.go.id/laporan/detil/bencana-alam-banjir-bandang-202407211210181721538618386
2026-04-01 12:03:20,691 [INFO]       v ID=7997281 | Bencana Alam Banjir Bandang | None
2026-04-01 12:03:24,256 [INFO]    Detail: https://www.lapor.go.id/laporan/detil/sertifikat-masih-belum-ada-202407220934281721615668889
2026-04-01 12:03:30,596 [INFO]       v ID=8000005 | Sertifikat Masih Belum Ada | Sertifikat Tanah
2026-04-01 12:03:34,116 [INFO]    Total terkumpul sejauh ini: 1108 laporan

2026-04-01 12:03:37,022 [INFO] ── Halaman 112: https://www.lapor.go.id/kisah-sukses?page=112
2026-04-01 12:03:54,941 [INFO]    -> 10 laporan ditemukan
2026-04-01 12:03:54,941 [INFO]    Detail: https://www.lapor.go.id/laporan/detil/cara-mendaftar-di-kampus-202407221027231721618843754
2026-04-01 12:04:01,178 [INFO]       v ID=8000299 | Cara Mendaftar Di Kampus | Pendidikan Agama
2026-04-01 12:04:04,884 [INFO]    Detail: https://www.lapor.go.id/laporan/detil/konsutasi-terkait-penerimaan-mahasiswa-stis-202407231035051721705705241
2026-04-01 12:04:11,598 [INFO]       v ID=8004856 | Konsutasi Terkait Penerimaan Mahasiswa STIS | None
2026-04-01 12:04:15,200 [INFO]    Detail: https://www.lapor.go.id/laporan/detil/konsultasi-202407231346491721717209655
2026-04-01 12:04:22,164 [INFO]       v ID=8005816 | Konsultasi | None
2026-04-01 12:04:24,779 [INFO]    Detail: https://www.lapor.go.id/laporan/detil/hacked-by-x7exploit-202407242017111721827031328
2026-04-01 12:04:29,956 [INFO]       v ID=8012116 | HACKED BY X7EXPLOIT | None
2026-04-01 12:04:32,588 [INFO]    Detail: https://www.lapor.go.id/laporan/detil/pajak-bumi-dan-bangunan-202407242047401721828860163
2026-04-01 12:04:40,911 [INFO]       v ID=8012200 | Pajak Bumi Dan Bangunan | Pajak Daerah
2026-04-01 12:04:43,787 [INFO]    Detail: https://www.lapor.go.id/laporan/detil/guru-bahasa-inggris-dan-agama-kristen-di-sman-1-sumber-barito-beberapa-tahun-ini-hampir-tidak-pernah-masuk-ke-kelas-202407250519451721859585666
2026-04-01 12:04:49,727 [INFO]       v ID=8013700 | Guru Bahasa Inggris Dan Agama Kristen Di Sman | Lainnya terkait Pendidikan dan Kebudayaan
2026-04-01 12:04:52,355 [INFO]    Detail: https://www.lapor.go.id/laporan/detil/waktu-pengerjaan-berkas-daftar-ulang-5-tahun-lama-202407251238291721885909090
2026-04-01 12:04:57,664 [INFO]       v ID=8015536 | Waktu Pengerjaan Berkas Daftar Ulang 5 Tahun  | None
2026-04-01 12:05:01,185 [INFO]    Detail: https://www.lapor.go.id/laporan/detil/website-error-dan-nomor-pelayanan-tidak-terhubung-whatsaap-202407260833181721957598946
2026-04-01 12:05:06,864 [INFO]       v ID=8019526 | Website Error Dan Nomor Pelayanan Tidak Terhu | Laiinya terkait Layanan Online/Aplikasi Pemerintah
2026-04-01 12:05:09,339 [INFO]    Detail: https://www.lapor.go.id/laporan/detil/air-di-penujak-mati-3-minggu-202407282102011722175321566
2026-04-01 12:05:15,161 [INFO]       v ID=8023276 | Air Di Penujak Mati 3 Minggu | Gangguan Layanan Penyaluran Air
2026-04-01 12:05:17,606 [INFO]    Detail: https://www.lapor.go.id/laporan/detil/drooping-air-bersih-202407290836201722216980810
2026-04-01 12:05:22,967 [INFO]       v ID=8024620 | Drooping Air Bersih | None
2026-04-01 12:05:25,054 [INFO]    Total terkumpul sejauh ini: 1118 laporan

2026-04-01 12:05:28,812 [INFO] ── Halaman 113: https://www.lapor.go.id/kisah-sukses?page=113
2026-04-01 12:05:49,840 [INFO]    -> 10 laporan ditemukan
2026-04-01 12:05:49,840 [INFO]    Detail: https://www.lapor.go.id/laporan/detil/bantuan-air-bersih-202407290838531722217133235
2026-04-01 12:05:57,923 [INFO]       v ID=8024632 | Bantuan Air Bersih | None
2026-04-01 12:06:00,787 [INFO]    Detail: https://www.lapor.go.id/laporan/detil/air-bersih-202407290913211722219201502
2026-04-01 12:06:09,468 [INFO]       v ID=8024758 | air bersih | None
2026-04-01 12:06:12,028 [INFO]    Detail: https://www.lapor.go.id/laporan/detil/evakuasi-jenazah-202407290926351722219995022
2026-04-01 12:06:17,839 [INFO]       v ID=8024821 | Evakuasi Jenazah | None
2026-04-01 12:06:20,466 [INFO]    Detail: https://www.lapor.go.id/laporan/detil/pohon-tumbang-202407290929481722220188744
2026-04-01 12:06:25,460 [INFO]       v ID=8024839 | Pohon Tumbang | None
2026-04-01 12:06:29,431 [INFO]    Detail: https://www.lapor.go.id/laporan/detil/bantuan-air-bersih-202407290936291722220589509
2026-04-01 12:06:34,786 [INFO]       v ID=8024866 | Bantuan Air Bersih | None
2026-04-01 12:06:37,878 [INFO]    Detail: https://www.lapor.go.id/laporan/detil/drooping-air-bersih-202407290938321722220712908
2026-04-01 12:06:43,479 [INFO]       v ID=8024878 | Drooping Air Bersih | None
2026-04-01 12:06:46,804 [INFO]    Detail: https://www.lapor.go.id/laporan/detil/air-bersih-202407290940011722220801898
2026-04-01 12:06:51,523 [INFO]       v ID=8024887 | Air Bersih | None
2026-04-01 12:06:54,132 [INFO]    Detail: https://www.lapor.go.id/laporan/detil/permintaan-air-bersih-202407290942101722220930966
2026-04-01 12:06:59,422 [INFO]       v ID=8024896 | Permintaan Air Bersih | None
2026-04-01 12:07:01,793 [INFO]    Detail: https://www.lapor.go.id/laporan/detil/air-bersih-202407290943531722221033811
2026-04-01 12:07:06,886 [INFO]       v ID=8024908 | Air Bersih | None
2026-04-01 12:07:10,373 [INFO]    Detail: https://www.lapor.go.id/laporan/detil/warga-butuh-air-bersih-202407290947111722221231413
2026-04-01 12:07:16,822 [INFO]       v ID=8024929 | Warga Butuh Air Bersih | None
2026-04-01 12:07:20,038 [INFO]    Total terkumpul sejauh ini: 1128 laporan

2026-04-01 12:07:23,884 [INFO] ── Halaman 114: https://www.lapor.go.id/kisah-sukses?page=114
2026-04-01 12:07:42,447 [INFO]    -> 10 laporan ditemukan
2026-04-01 12:07:42,447 [INFO]    Detail: https://www.lapor.go.id/laporan/detil/bantuan-air-bersih-202407291003001722222180009
2026-04-01 12:07:47,573 [INFO]       v ID=8025004 | Bantuan Air Bersih | None
2026-04-01 12:07:50,267 [INFO]    Detail: https://www.lapor.go.id/laporan/detil/merasa-tidak-nyaman-atas-perbaikan-dirumah-sakit-jiwa-menur-202407300732491722299569450
2026-04-01 12:07:56,923 [INFO]       v ID=8029270 | Merasa Tidak Nyaman Atas Perbaikan Dirumah Sa | Fasilitas Kesehatan
2026-04-01 12:08:00,297 [INFO]    Detail: https://www.lapor.go.id/laporan/detil/petugas-apoteker-yang-minim-dirumah-sakit-202407300749251722300565000
2026-04-01 12:08:06,227 [INFO]       v ID=8029306 | Petugas Apoteker Yang Minim Dirumah Sakit | Fasilitas Kesehatan
2026-04-01 12:08:10,059 [INFO]    Detail: https://www.lapor.go.id/laporan/detil/orang-tenggelam-202407300942391722307359200
2026-04-01 12:08:15,810 [INFO]       v ID=8029672 | Orang Tenggelam | None
2026-04-01 12:08:18,640 [INFO]    Detail: https://www.lapor.go.id/laporan/detil/drooping-air-202407300946151722307575762
2026-04-01 12:08:23,794 [INFO]       v ID=8029690 | Drooping Air | None
2026-04-01 12:08:27,327 [INFO]    Detail: https://www.lapor.go.id/laporan/detil/perizinan-kosmetik-202407301449541722325794357
2026-04-01 12:08:32,470 [INFO]       v ID=8030161 | Perizinan Kosmetik | None
2026-04-01 12:08:35,418 [INFO]    Detail: https://www.lapor.go.id/laporan/detil/pelayanan-tidak-prima-dan-humanis-oleh-penjaga-loket-informasi-disdukcapil-jombang-202407310817081722388628597
2026-04-01 12:08:40,419 [INFO]       v ID=8032276 | Pelayanan Tidak Prima Dan Humanis Oleh Penjag | Administrasi Kependudukan dan Pencatatan Sipil
2026-04-01 12:08:44,392 [INFO]    Detail: https://www.lapor.go.id/laporan/detil/di-persulit-mencetak-ulang-e-ktp-202408011418171722496697679
2026-04-01 12:08:49,397 [INFO]       v ID=8038426 | Di Persulit Mencetak Ulang E-Ktp | Administrasi Kependudukan dan Pencatatan Sipil
2026-04-01 12:08:52,176 [INFO]    Detail: https://www.lapor.go.id/laporan/detil/pembentukkan-rapala-di-maluku-utara-202408011858431722513523183
2026-04-01 12:08:58,902 [INFO]       v ID=8039434 | Pembentukkan Rapala Di Maluku Utara | Pemberdayaan Masyarakat
2026-04-01 12:09:01,583 [INFO]    Detail: https://www.lapor.go.id/laporan/detil/tidak-bisa-isi-ulang-token-202408012333491722530029725
2026-04-01 12:09:08,546 [INFO]       v ID=8040601 | Tidak Bisa Isi Ulang Token | Layanan Kelistrikan
2026-04-01 12:09:12,354 [INFO]    Total terkumpul sejauh ini: 1138 laporan

2026-04-01 12:09:14,549 [INFO] ── Halaman 115: https://www.lapor.go.id/kisah-sukses?page=115
2026-04-01 12:09:32,858 [INFO]    -> 10 laporan ditemukan
2026-04-01 12:09:32,859 [INFO]    Detail: https://www.lapor.go.id/laporan/detil/menghitung-ganti-plat-kendaraan-202408020859471722563987545
2026-04-01 12:09:37,825 [INFO]       v ID=8041387 | Menghitung  Ganti Plat Kendaraan | None
2026-04-01 12:09:40,623 [INFO]    Detail: https://www.lapor.go.id/laporan/detil/info-keberangkatan-haji-karena-no-porsi-haji-hilang-202408020902161722564136537
2026-04-01 12:09:46,554 [INFO]       v ID=8041408 | Info Keberangkatan Haji Karena No Porsi Haji  | Agama
2026-04-01 12:09:49,544 [INFO]    Detail: https://www.lapor.go.id/laporan/detil/keluhan-kegaduhan-202408020911211722564681158
2026-04-01 12:09:55,742 [INFO]       v ID=8041453 | Keluhan Kegaduhan | Lainnya terkait Ketenteraman, Ketertiban Umum, dan Pelindungan Masyarakat
2026-04-01 12:09:58,651 [INFO]    Detail: https://www.lapor.go.id/laporan/detil/pengaduan-terkait-pelayanan-yang-dilakukan-oleh-satuan-polisi-pamong-praja-kota-kediri-saat-melakukan-penertiban-pkl-di-jalan-pemuda-kota-kediri-202408051305171722837917334
2026-04-01 12:10:05,276 [INFO]       v ID=8048158 | Pengaduan terkait pelayanan yang dilakukan ol | None
2026-04-01 12:10:07,413 [INFO]    Detail: https://www.lapor.go.id/laporan/detil/notice-pajak-belum-diantar-202408052028421722864522130
2026-04-01 12:10:12,367 [INFO]       v ID=8050267 | Notice Pajak Belum Diantar | Pajak Daerah
2026-04-01 12:10:16,259 [INFO]    Detail: https://www.lapor.go.id/laporan/detil/kerusakan-jalan-di-kecamatan-oheo-202408060951571722912717590
2026-04-01 12:10:21,333 [INFO]       v ID=8053711 | Kerusakan Jalan Di Kecamatan Oheo | Infrastruktur Jalan
2026-04-01 12:10:25,096 [INFO]    Detail: https://www.lapor.go.id/laporan/detil/bagaimana-cara-saya-mengajukan-akta-kematian-orang-tua-saya-ini-202408061503331722931413369
2026-04-01 12:10:29,950 [INFO]       v ID=8055697 | Bagaimana Cara Saya Mengajukan Akta Kematian  | Akta Kematian
2026-04-01 12:10:32,417 [INFO]    Detail: https://www.lapor.go.id/laporan/detil/listrik-di-pos-pelayanan-terpadu-gangguan-202408061648101722937690651
2026-04-01 12:10:37,910 [INFO]       v ID=8056072 | Listrik di Pos Pelayanan Terpadu Gangguan | None
2026-04-01 12:10:40,530 [INFO]    Detail: https://www.lapor.go.id/laporan/detil/asprasi---perubahan-jam-praktek-di-sipa-surat-izin-praktik-apoteker--202408070954551722999295594
2026-04-01 12:10:46,488 [INFO]       v ID=8059417 | Asprasi - Perubahan Jam Praktek di SIPA (Sura | None
2026-04-01 12:10:50,085 [INFO]    Detail: https://www.lapor.go.id/laporan/detil/aspirasi---perubahan-nama-nib-202408071040551723002055016
2026-04-01 12:10:56,767 [INFO]       v ID=8059654 | Aspirasi - Perubahan Nama NIB | None
2026-04-01 12:10:59,153 [INFO]    Total terkumpul sejauh ini: 1148 laporan

2026-04-01 12:11:03,083 [INFO] ── Halaman 116: https://www.lapor.go.id/kisah-sukses?page=116
2026-04-01 12:11:23,034 [INFO]    -> 10 laporan ditemukan
2026-04-01 12:11:23,034 [INFO]    Detail: https://www.lapor.go.id/laporan/detil/aspirasi---oss-pembuatan-cv-dan-kbli--202408071102251723003345413
2026-04-01 12:11:29,002 [INFO]       v ID=8059777 | Aspirasi - OSS (Pembuatan CV dan KBLI) | None
2026-04-01 12:11:31,945 [INFO]    Detail: https://www.lapor.go.id/laporan/detil/aspirasi---kesalahan-input-ijazah-sipb-202408071114071723004047343
2026-04-01 12:11:37,313 [INFO]       v ID=8059837 | Aspirasi - Kesalahan input ijazah SIPB | None
2026-04-01 12:11:39,699 [INFO]    Detail: https://www.lapor.go.id/laporan/detil/pengamen-yang-memaksa-dan-tidak-sopan-202408071303581723010638815
2026-04-01 12:11:44,825 [INFO]       v ID=8060269 | Pengamen Yang memaksa dan tidak sopan | Ketertiban Umum
2026-04-01 12:11:47,652 [INFO]    Detail: https://www.lapor.go.id/laporan/detil/tagihan-pdam-tidak-realistis-202408071949281723034968369
2026-04-01 12:11:52,425 [INFO]       v ID=8061715 | Tagihan Pdam Tidak Realistis | Perlindungan Konsumen terkait Jasa Layanan Kesehatan
2026-04-01 12:11:55,444 [INFO]    Detail: https://www.lapor.go.id/laporan/detil/sekolah-dasar-jual-seragam-sekolah-ke-murid-202408072133311723041211591
2026-04-01 12:12:01,831 [INFO]       v ID=8061964 | Sekolah Dasar Jual Seragam Sekolah Ke Murid | Pendidikan Dasar dan Menengah
2026-04-01 12:12:04,326 [INFO]    Detail: https://www.lapor.go.id/laporan/detil/kecurangan-pengisian-bbm-di-spbu-bubulak-34-16124-202408080853051723081985802
2026-04-01 12:12:09,521 [INFO]       v ID=8064841 | Kecurangan Pengisian Bbm Di Spbu Bubulak 34.1 | Lainnya terkait Ketenteraman, Ketertiban Umum, dan Pelindungan Masyarakat
2026-04-01 12:12:13,346 [INFO]    Detail: https://www.lapor.go.id/laporan/detil/maraknya-parkir-liar-di-kota-pekalongan-202408091518211723191501827
2026-04-01 12:12:19,377 [INFO]       v ID=8071387 | Maraknya Parkir Liar Di Kota Pekalongan | Lainnya terkait Perhubungan
2026-04-01 12:12:22,802 [INFO]    Detail: https://www.lapor.go.id/laporan/detil/aspirasi---status-permohonan-sipb-202408121317511723443471151
2026-04-01 12:12:28,958 [INFO]       v ID=8084569 | Aspirasi - Status permohonan SIPB | None
2026-04-01 12:12:32,866 [INFO]    Detail: https://www.lapor.go.id/laporan/detil/penyalah-gunaan-bansos-202408130803491723511029759
2026-04-01 12:12:39,445 [INFO]       v ID=8086336 | Penyalah Gunaan. Bansos | Bantuan Sosial
2026-04-01 12:12:42,121 [INFO]    Detail: https://www.lapor.go.id/laporan/detil/lampu-penerangan-jalan-padan-di-depan-kodim-pemalang-202408141030461723606246947
2026-04-01 12:12:49,249 [INFO]       v ID=8089942 | Lampu Penerangan Jalan Padan Di Depan Kodim P | Penerangan Jalan
2026-04-01 12:12:51,344 [INFO]    Total terkumpul sejauh ini: 1158 laporan

2026-04-01 12:12:53,929 [INFO] ── Halaman 117: https://www.lapor.go.id/kisah-sukses?page=117
2026-04-01 12:13:13,257 [INFO]    -> 10 laporan ditemukan
2026-04-01 12:13:13,257 [INFO]    Detail: https://www.lapor.go.id/laporan/detil/saluran-got-mampet-202408150828431723685323723
2026-04-01 12:13:18,329 [INFO]       v ID=8092261 | Saluran Got Mampet | Drainase (Gorong-Gorong/Parit)
2026-04-01 12:13:21,871 [INFO]    Detail: https://www.lapor.go.id/laporan/detil/suvey-kelayakan-dapur-ikm-olahan-bakso-202408150908081723687688475
2026-04-01 12:13:28,124 [INFO]       v ID=8092447 | Suvey kelayakan dapur IKM Olahan Bakso | None
2026-04-01 12:13:31,215 [INFO]    Detail: https://www.lapor.go.id/laporan/detil/aspirasi---pengurusan-sitr-202408151219391723699179442
2026-04-01 12:13:36,234 [INFO]       v ID=8092990 | Aspirasi - Pengurusan SITR | None
2026-04-01 12:13:39,743 [INFO]    Detail: https://www.lapor.go.id/laporan/detil/pengaduan-sertifikat-ppk-online-yang-tidak-terkirim-202408190823031724030583459
2026-04-01 12:13:44,880 [INFO]       v ID=8103451 | pengaduan sertifikat PPk online yang tidak te | None
2026-04-01 12:13:47,874 [INFO]    Detail: https://www.lapor.go.id/laporan/detil/air-bersih-202408190836221724031382231
2026-04-01 12:13:53,807 [INFO]       v ID=8103517 | Air Bersih | None
2026-04-01 12:13:56,605 [INFO]    Detail: https://www.lapor.go.id/laporan/detil/anak-tenggelam-202408190841371724031697886
2026-04-01 12:14:02,942 [INFO]       v ID=8103541 | Anak Tenggelam | None
2026-04-01 12:14:06,583 [INFO]    Detail: https://www.lapor.go.id/laporan/detil/air-bersih-202408190844011724031841521
2026-04-01 12:14:13,644 [INFO]       v ID=8103553 | Air Bersih | None
2026-04-01 12:14:17,181 [INFO]    Detail: https://www.lapor.go.id/laporan/detil/bantuan-air-bersih-202408190846431724032003269
2026-04-01 12:14:22,499 [INFO]       v ID=8103571 | Bantuan Air bersih | None
2026-04-01 12:14:24,708 [INFO]    Detail: https://www.lapor.go.id/laporan/detil/saluran-air-tertimbun-longsor-202408190847321724032052600
2026-04-01 12:14:30,486 [INFO]       v ID=8103580 | Saluran Air Tertimbun Longsor | Lainnya terkait Infrastruktur Jalan
2026-04-01 12:14:34,174 [INFO]    Detail: https://www.lapor.go.id/laporan/detil/klinik-belum-ada-izin-202408201653061724147586598
2026-04-01 12:14:40,560 [INFO]       v ID=8107237 | Klinik Belum ada Izin | None
2026-04-01 12:14:43,454 [INFO]    Total terkumpul sejauh ini: 1168 laporan

2026-04-01 12:14:46,997 [INFO] ── Halaman 118: https://www.lapor.go.id/kisah-sukses?page=118
2026-04-01 12:15:09,460 [INFO]    -> 10 laporan ditemukan
2026-04-01 12:15:09,460 [INFO]    Detail: https://www.lapor.go.id/laporan/detil/pelebaran-jalan-202408210035011724175301769
2026-04-01 12:15:14,467 [INFO]       v ID=8108716 | Pelebaran Jalan | Infrastruktur Jalan
2026-04-01 12:15:16,739 [INFO]    Detail: https://www.lapor.go.id/laporan/detil/kosmetik-ilegal-202408210627401724196460491
2026-04-01 12:15:21,675 [INFO]       v ID=8109187 | Kosmetik ilegal | None
2026-04-01 12:15:24,598 [INFO]    Detail: https://www.lapor.go.id/laporan/detil/pohon-tumbang-202408210819331724203173174
2026-04-01 12:15:30,940 [INFO]       v ID=8109502 | Pohon Tumbang | None
2026-04-01 12:15:33,847 [INFO]    Detail: https://www.lapor.go.id/laporan/detil/bantuan-air-bersih-202408210822571724203377949
2026-04-01 12:15:39,158 [INFO]       v ID=8109532 | Bantuan Air Bersih | None
2026-04-01 12:15:42,117 [INFO]    Detail: https://www.lapor.go.id/laporan/detil/pohon-tumbang-202408210826251724203585667
2026-04-01 12:15:47,524 [INFO]       v ID=8109559 | Pohon Tumbang | None
2026-04-01 12:15:49,684 [INFO]    Detail: https://www.lapor.go.id/laporan/detil/persalinan-202408211518411724228321505
2026-04-01 12:15:56,269 [INFO]       v ID=8110570 | persalinan | None
2026-04-01 12:15:59,146 [INFO]    Detail: https://www.lapor.go.id/laporan/detil/sarana-prasarana-202408211524311724228671013
2026-04-01 12:16:05,783 [INFO]       v ID=8110603 | sarana prasarana | None
2026-04-01 12:16:08,018 [INFO]    Detail: https://www.lapor.go.id/laporan/detil/sarana-dan-prasarana-202408211526451724228805256
2026-04-01 12:16:14,119 [INFO]       v ID=8110615 | sarana dan prasarana | None
2026-04-01 12:16:16,186 [INFO]    Detail: https://www.lapor.go.id/laporan/detil/persalinan-202408211529191724228959941
2026-04-01 12:16:24,475 [INFO]       v ID=8110630 | persalinan | None
2026-04-01 12:16:27,661 [INFO]    Detail: https://www.lapor.go.id/laporan/detil/sarana-202408211539211724229561347
2026-04-01 12:16:35,994 [INFO]       v ID=8110678 | sarana | None
2026-04-01 12:16:39,476 [INFO]    Total terkumpul sejauh ini: 1178 laporan

2026-04-01 12:16:41,560 [INFO] ── Halaman 119: https://www.lapor.go.id/kisah-sukses?page=119
2026-04-01 12:17:01,765 [INFO]    -> 10 laporan ditemukan
2026-04-01 12:17:01,765 [INFO]    Detail: https://www.lapor.go.id/laporan/detil/pelayanan-202408211552301724230350711
2026-04-01 12:17:09,925 [INFO]       v ID=8110750 | pelayanan | None
2026-04-01 12:17:13,183 [INFO]    Detail: https://www.lapor.go.id/laporan/detil/persalinan-202408211557081724230628979
2026-04-01 12:17:20,866 [INFO]       v ID=8110768 | persalinan | None
2026-04-01 12:17:23,800 [INFO]    Detail: https://www.lapor.go.id/laporan/detil/faskes-1-pkm-mojowarno-202408211601211724230881968
2026-04-01 12:17:29,620 [INFO]       v ID=8110783 | faskes 1 pkm mojowarno | None
2026-04-01 12:17:32,289 [INFO]    Detail: https://www.lapor.go.id/laporan/detil/poli-gigi-202408211602531724230973418
2026-04-01 12:17:38,750 [INFO]       v ID=8110789 | poli gigi | None
2026-04-01 12:17:41,731 [INFO]    Detail: https://www.lapor.go.id/laporan/detil/pelayanan-202408211605411724231141787
2026-04-01 12:17:48,930 [INFO]       v ID=8110804 | pelayanan | None
2026-04-01 12:17:51,556 [INFO]    Detail: https://www.lapor.go.id/laporan/detil/simulasi-kebocoran-pelanggan-202408220935291724294129747
2026-04-01 12:17:58,408 [INFO]       v ID=8112571 | simulasi : KEBOCORAN PELANGGAN | None
2026-04-01 12:18:01,538 [INFO]    Detail: https://www.lapor.go.id/laporan/detil/gangguan-rombong-pkl-di-bahu-jalan-202408221348411724309321108
2026-04-01 12:18:07,141 [INFO]       v ID=8113636 | Gangguan Rombong Pkl Di Bahu Jalan | Ketertiban Umum
2026-04-01 12:18:10,704 [INFO]    Detail: https://www.lapor.go.id/laporan/detil/permintaan-data-produksi-kapal-selama-setahun-202408221448091724312889185
2026-04-01 12:18:15,460 [INFO]       v ID=8113900 | Permintaan data produksi kapal selama  setahu | None
2026-04-01 12:18:17,838 [INFO]    Detail: https://www.lapor.go.id/laporan/detil/keluhan-pipa-pdam-bocor-202408231540411724402441156
2026-04-01 12:18:26,101 [INFO]       v ID=8116825 | Keluhan Pipa Pdam Bocor | Perlindungan Konsumen
2026-04-01 12:18:28,156 [INFO]    Detail: https://www.lapor.go.id/laporan/detil/bantuan-air-bersih-202408260948471724640527193
2026-04-01 12:18:33,833 [INFO]       v ID=8117965 | Bantuan Air Bersih | None
2026-04-01 12:18:36,586 [INFO]    Total terkumpul sejauh ini: 1188 laporan

2026-04-01 12:18:39,312 [INFO] ── Halaman 120: https://www.lapor.go.id/kisah-sukses?page=120
2026-04-01 12:18:58,547 [INFO]    -> 10 laporan ditemukan
2026-04-01 12:18:58,547 [INFO]    Detail: https://www.lapor.go.id/laporan/detil/bantuan-air-bersih-202408260950561724640656500
2026-04-01 12:19:03,862 [INFO]       v ID=8117974 | bantuan air bersih | None
2026-04-01 12:19:05,972 [INFO]    Detail: https://www.lapor.go.id/laporan/detil/jalan-berlubang-besar-di-jl-tj-raya-2-sebelum-lampu-merah-ke-jembatan-kapuas-2-kec-sungai-raya-kab-kubu-raya-kalbar-202408261301081724652068060
2026-04-01 12:19:12,736 [INFO]       v ID=8118670 | Jalan Berlubang Besar Di Jl. Tj. Raya 2 Sebel | Jalan Berlubang
2026-04-01 12:19:15,268 [INFO]    Detail: https://www.lapor.go.id/laporan/detil/cpns-202408261554441724662484932
2026-04-01 12:19:20,278 [INFO]       v ID=8119465 | CPNS | None
2026-04-01 12:19:24,185 [INFO]    Detail: https://www.lapor.go.id/laporan/detil/dokumen-produksi-pangan-olahan-produk-tahu-dan-tempe-202408271503201724745800244
2026-04-01 12:19:29,745 [INFO]       v ID=8121889 | Dokumen Produksi Pangan Olahan Produk Tahu da | None
2026-04-01 12:19:32,484 [INFO]    Detail: https://www.lapor.go.id/laporan/detil/penipuan-online-202408280454181724795658314
2026-04-01 12:19:37,967 [INFO]       v ID=8122231 | Penipuan Online | SP4N-LAPOR!
2026-04-01 12:19:40,821 [INFO]    Detail: https://www.lapor.go.id/laporan/detil/tenaga-honorer-pengemudi-202408282114141724854454804
2026-04-01 12:19:46,111 [INFO]       v ID=8123812 | Tenaga Honorer Pengemudi | Hak Pekerja
2026-04-01 12:19:48,190 [INFO]    Detail: https://www.lapor.go.id/laporan/detil/parkir-puskesmas-202408291401401724914900610
2026-04-01 12:19:55,077 [INFO]       v ID=8125795 | Parkir Puskesmas | None
2026-04-01 12:19:58,977 [INFO]    Detail: https://www.lapor.go.id/laporan/detil/pelayanan-poli-gigi-202408291415021724915702953
2026-04-01 12:20:05,614 [INFO]       v ID=8125882 | Pelayanan Poli Gigi | None
2026-04-01 12:20:08,913 [INFO]    Detail: https://www.lapor.go.id/laporan/detil/antrian-pelayanan-202408291511291724919089879
2026-04-01 12:20:14,920 [INFO]       v ID=8126245 | Antrian pelayanan | None
2026-04-01 12:20:18,453 [INFO]    Detail: https://www.lapor.go.id/laporan/detil/permasalahan-login-pada-aplikasi-dhe-202408300015291724951729432
2026-04-01 12:20:25,859 [INFO]       v ID=8127826 | Permasalahan Login Pada Aplikasi DHE | None
2026-04-01 12:20:29,757 [INFO]    Total terkumpul sejauh ini: 1198 laporan

2026-04-01 12:20:33,223 [INFO] ── Halaman 121: https://www.lapor.go.id/kisah-sukses?page=121
2026-04-01 12:20:54,765 [INFO]    -> 10 laporan ditemukan
2026-04-01 12:20:54,765 [INFO]    Detail: https://www.lapor.go.id/laporan/detil/sarpras-202408301525551725006355324
2026-04-01 12:21:01,133 [INFO]       v ID=8130505 | sarpras | None
2026-04-01 12:21:03,785 [INFO]    Detail: https://www.lapor.go.id/laporan/detil/sarpras-202408301528111725006491404
2026-04-01 12:21:08,896 [INFO]       v ID=8130520 | sarpras | None
2026-04-01 12:21:11,563 [INFO]    Detail: https://www.lapor.go.id/laporan/detil/aspirasi---sipa-surat-izin-praktek-apoteker--202409021224201725254660741
2026-04-01 12:21:16,722 [INFO]       v ID=8132266 | Aspirasi - SIPA (Surat Izin Praktek Apoteker) | None
2026-04-01 12:21:19,858 [INFO]    Detail: https://www.lapor.go.id/laporan/detil/aspirasi---nib-202409021232011725255121289
2026-04-01 12:21:25,236 [INFO]       v ID=8132302 | Aspirasi - NIB | None
2026-04-01 12:21:27,266 [INFO]    Detail: https://www.lapor.go.id/laporan/detil/pengurusan-izin-edar-produk-makanan-202409050707411725494861563
2026-04-01 12:21:33,010 [INFO]       v ID=8141806 | Pengurusan izin edar produk makanan | None
2026-04-01 12:21:36,065 [INFO]    Detail: https://www.lapor.go.id/laporan/detil/tps-di-jangli-tlawah-terjadi-penumpukan-sampah-202409050730531725496253509
2026-04-01 12:21:41,249 [INFO]       v ID=8141851 | Tps Di Jangli Tlawah Terjadi Penumpukan Sampa | Pencemaran Lingkungan
2026-04-01 12:21:43,755 [INFO]    Detail: https://www.lapor.go.id/laporan/detil/tidak-bisa-membayar-iuran-pdam-202409051249131725515353974
2026-04-01 12:21:49,496 [INFO]       v ID=8143642 | Tidak Bisa Membayar Iuran Pdam | Layanan Air Minum
2026-04-01 12:21:53,131 [INFO]    Detail: https://www.lapor.go.id/laporan/detil/pelayanan-puskesmas-yang-buruk-dan-tidak-memuaskan-202410011550061727772606965
2026-04-01 12:21:58,200 [INFO]       v ID=8152756 | Pelayanan Puskesmas Yang Buruk Dan Tidak Memu | Keramahan Petugas Kesehatan
2026-04-01 12:22:01,903 [INFO]    Detail: https://www.lapor.go.id/laporan/detil/pelayanan-yang-buruk-dan-staff-di-kantor-wali-nagari-manggopoh-palak-gadang-ulakan-yang-kurang-ramah-dan-tidak-patut-202409080441261725745286341
2026-04-01 12:22:07,767 [INFO]       v ID=8152765 | Pelayanan Yang Buruk Dan Staff Di Kantor Wali | Lainnya terkait Pembangunan Desa, Daerah Tertinggal, dan Transmigrasi
2026-04-01 12:22:11,221 [INFO]    Detail: https://www.lapor.go.id/laporan/detil/kk-online-202409091542341725871354763
2026-04-01 12:22:16,857 [INFO]       v ID=8157799 | KK online | None
2026-04-01 12:22:19,560 [INFO]    Total terkumpul sejauh ini: 1208 laporan

2026-04-01 12:22:22,712 [INFO] ── Halaman 122: https://www.lapor.go.id/kisah-sukses?page=122
2026-04-01 12:22:41,190 [INFO]    -> 10 laporan ditemukan
2026-04-01 12:22:41,190 [INFO]    Detail: https://www.lapor.go.id/laporan/detil/akta-kelahiran-202409091545191725871519298
2026-04-01 12:22:47,743 [INFO]       v ID=8157805 | Akta kelahiran | None
2026-04-01 12:22:50,336 [INFO]    Detail: https://www.lapor.go.id/laporan/detil/permasalahan-sungai-202409101106571725941217528
2026-04-01 12:22:56,313 [INFO]       v ID=8160673 | Permasalahan Sungai | Pencemaran Lingkungan
2026-04-01 12:22:59,132 [INFO]    Detail: https://www.lapor.go.id/laporan/detil/cor-jalan-rusak-202409110915231726020923847
2026-04-01 12:23:07,074 [INFO]       v ID=8163649 | Cor Jalan Rusak | Infrastruktur Jalan
2026-04-01 12:23:10,076 [INFO]    Detail: https://www.lapor.go.id/laporan/detil/tidak-meratanya-bantuan-dari-pemerintah-202409120918331726107513297
2026-04-01 12:23:15,135 [INFO]       v ID=8168068 | Tidak Meratanya Bantuan Dari Pemerintah | Lainnya terkait Bantuan Sosial
2026-04-01 12:23:17,285 [INFO]    Detail: https://www.lapor.go.id/laporan/detil/pelayanan-kantor-camat-sungai-kakap-sangat-lama-dan-berbelit-belit-202409131413021726211582253
2026-04-01 12:23:22,986 [INFO]       v ID=8173426 | Pelayanan Kantor Camat Sungai Kakap Sangat La | KTP (Kartu Tanda Penduduk)
2026-04-01 12:23:25,078 [INFO]    Detail: https://www.lapor.go.id/laporan/detil/pengemis-di-jalan-202409132032191726234339062
2026-04-01 12:23:31,032 [INFO]       v ID=8174509 | Pengemis Di Jalan | Pemberdayaan Masyarakat
2026-04-01 12:23:33,300 [INFO]    Detail: https://www.lapor.go.id/laporan/detil/air-pdam-tidak-selalu-ada-hanya-2-hari-1x-saja--202409141857301726315050802
2026-04-01 12:23:40,155 [INFO]       v ID=8177011 | Air Pdam Tidak Selalu Ada. Hanya 2 Hari 1X Sa | Gangguan Layanan Penyaluran Air
2026-04-01 12:23:43,028 [INFO]    Detail: https://www.lapor.go.id/laporan/detil/led-berjalan-202409160710271726445427166
2026-04-01 12:23:48,612 [INFO]       v ID=8180389 | Led Berjalan | Lainnya terkait Perhubungan
2026-04-01 12:23:50,637 [INFO]    Detail: https://www.lapor.go.id/laporan/detil/mencemarkan-lingkungan-202409160950181726455018699
2026-04-01 12:23:55,560 [INFO]       v ID=8180656 | Mencemarkan Lingkungan | Pencemaran Lingkungan
2026-04-01 12:23:59,037 [INFO]    Detail: https://www.lapor.go.id/laporan/detil/tidak-ditindaklanutinya-pengaduan-atas-belum-adanya-penjelasan-dan-proses-refund-dari-hotel-swiss-bell-samarinda-yang-telah-diadukan-kepada-bpkn-ri-dan-ditjen-pktn-kemendag-ri-202409170909201726538960574
2026-04-01 12:24:07,619 [INFO]       v ID=8183893 | Tidak Ditindaklanutinya Pengaduan Atas Belum  | Perlindungan Konsumen
2026-04-01 12:24:11,606 [INFO]    Total terkumpul sejauh ini: 1218 laporan

2026-04-01 12:24:14,217 [INFO] ── Halaman 123: https://www.lapor.go.id/kisah-sukses?page=123
2026-04-01 12:24:33,644 [INFO]    -> 10 laporan ditemukan
2026-04-01 12:24:33,644 [INFO]    Detail: https://www.lapor.go.id/laporan/detil/droping-air-bersih-202409181056261726631786740
2026-04-01 12:24:39,330 [INFO]       v ID=8188639 | Droping air bersih | None
2026-04-01 12:24:41,657 [INFO]    Detail: https://www.lapor.go.id/laporan/detil/bantuan-air-bersih-202409181058481726631928514
2026-04-01 12:24:48,005 [INFO]       v ID=8188648 | Bantuan air bersih | None
2026-04-01 12:24:51,427 [INFO]    Detail: https://www.lapor.go.id/laporan/detil/droping-air-bersih-untuk-warga-202409181101131726632073717
2026-04-01 12:24:59,742 [INFO]       v ID=8188657 | droping air bersih untuk warga | None
2026-04-01 12:25:02,144 [INFO]    Detail: https://www.lapor.go.id/laporan/detil/droping-air-bersih-202409190913561726712036914
2026-04-01 12:25:07,317 [INFO]       v ID=8192404 | Droping air bersih | None
2026-04-01 12:25:10,601 [INFO]    Detail: https://www.lapor.go.id/laporan/detil/perkembangan-urus-akta-lahir-lewat-kelurahan-202409201235571726810557444
2026-04-01 12:25:19,299 [INFO]       v ID=8197744 | Perkembangan urus Akta lahir lewat kelurahan | None
2026-04-01 12:25:21,973 [INFO]    Detail: https://www.lapor.go.id/laporan/detil/foto-saya-tidak-muncul-ditolak-oleh-bank-disuruh-ke-capil-202409201257041726811824412
2026-04-01 12:25:28,782 [INFO]       v ID=8197789 | foto saya tidak muncul, ditolak oleh bank, di | None
2026-04-01 12:25:31,692 [INFO]    Detail: https://www.lapor.go.id/laporan/detil/pengajuan-pindah-online-status-pending-ini-kenapa-ya--202409201330331726813833058
2026-04-01 12:25:37,990 [INFO]       v ID=8197912 | Pengajuan pindah online status pending ini ke | None
2026-04-01 12:25:41,585 [INFO]    Detail: https://www.lapor.go.id/laporan/detil/asap-dan-abu-pembakaran-sampah-202409202150061726843806082
2026-04-01 12:25:47,698 [INFO]       v ID=8199259 | Asap Dan Abu Pembakaran Sampah | Pencemaran Lingkungan
2026-04-01 12:25:50,207 [INFO]    Detail: https://www.lapor.go.id/laporan/detil/kk-tidak-aktif-202409241216421727155002167
2026-04-01 12:25:56,993 [INFO]       v ID=8210464 | KK tidak aktif | None
2026-04-01 12:25:59,397 [INFO]    Detail: https://www.lapor.go.id/laporan/detil/pintu-masuk-perumahan-dinas-depkeu-tertutup-bis-kendaraan-online-dan-warung-kaki-lima-202409241355251727160925657
2026-04-01 12:26:04,653 [INFO]       v ID=8210839 | Pintu Masuk Perumahan Dinas Depkeu Tertutup B | Lainnya terkait Ketenteraman, Ketertiban Umum, dan Pelindungan Masyarakat
2026-04-01 12:26:07,802 [INFO]    Total terkumpul sejauh ini: 1228 laporan

2026-04-01 12:26:10,942 [INFO] ── Halaman 124: https://www.lapor.go.id/kisah-sukses?page=124
2026-04-01 12:26:30,698 [INFO]    -> 10 laporan ditemukan
2026-04-01 12:26:30,698 [INFO]    Detail: https://www.lapor.go.id/laporan/detil/pengecekan-202409241408271727161707850
2026-04-01 12:26:37,169 [INFO]       v ID=8210893 | Pengecekan | None
2026-04-01 12:26:39,812 [INFO]    Detail: https://www.lapor.go.id/laporan/detil/tidak-punya-ktp-cuma-punya-fotocopy-kk-202409241421461727162506356
2026-04-01 12:26:46,952 [INFO]       v ID=8210989 | Tidak punya KTP cuma punya fotocopy KK | None
2026-04-01 12:26:50,530 [INFO]    Detail: https://www.lapor.go.id/laporan/detil/surat-pindah-202409241425551727162755928
2026-04-01 12:26:56,552 [INFO]       v ID=8211025 | surat pindah | None
2026-04-01 12:26:59,390 [INFO]    Detail: https://www.lapor.go.id/laporan/detil/minta-nomor-kontak-202409241427531727162873456
2026-04-01 12:27:05,695 [INFO]       v ID=8211028 | minta nomor kontak | None
2026-04-01 12:27:08,414 [INFO]    Detail: https://www.lapor.go.id/laporan/detil/aspirasi---sipp-202409241430011727163001704
2026-04-01 12:27:13,400 [INFO]       v ID=8211043 | Aspirasi - SIPP | None
2026-04-01 12:27:16,333 [INFO]    Detail: https://www.lapor.go.id/laporan/detil/konfirmasi-202409241431031727163063194
2026-04-01 12:27:23,792 [INFO]       v ID=8211055 | Konfirmasi | None
2026-04-01 12:27:26,712 [INFO]    Detail: https://www.lapor.go.id/laporan/detil/aktifkan-ktp-202409241434111727163251378
2026-04-01 12:27:33,305 [INFO]       v ID=8211079 | aktifkan KTP | None
2026-04-01 12:27:35,420 [INFO]    Detail: https://www.lapor.go.id/laporan/detil/aspirasi---izin-reklame-202409241437581727163478714
2026-04-01 12:27:42,048 [INFO]       v ID=8211103 | Aspirasi - Izin Reklame | None
2026-04-01 12:27:45,513 [INFO]    Detail: https://www.lapor.go.id/laporan/detil/surat-pindah-202409241445171727163917597
2026-04-01 12:27:51,741 [INFO]       v ID=8211145 | surat pindah | None
2026-04-01 12:27:54,895 [INFO]    Detail: https://www.lapor.go.id/laporan/detil/perubahan-status-202409241448401727164120367
2026-04-01 12:28:02,468 [INFO]       v ID=8211151 | perubahan status | None
2026-04-01 12:28:04,541 [INFO]    Total terkumpul sejauh ini: 1238 laporan

2026-04-01 12:28:07,066 [INFO] ── Halaman 125: https://www.lapor.go.id/kisah-sukses?page=125
2026-04-01 12:28:31,003 [INFO]    -> 10 laporan ditemukan
2026-04-01 12:28:31,003 [INFO]    Detail: https://www.lapor.go.id/laporan/detil/aspirasi---pencabutan-izin-apotek-202409241449261727164166223
2026-04-01 12:28:36,578 [INFO]       v ID=8211154 | Aspirasi - Pencabutan Izin Apotek | None
2026-04-01 12:28:39,577 [INFO]    Detail: https://www.lapor.go.id/laporan/detil/cetak-ktp-202409241452121727164332643
2026-04-01 12:28:48,595 [INFO]       v ID=8211163 | cetak ktp | None
2026-04-01 12:28:52,308 [INFO]    Detail: https://www.lapor.go.id/laporan/detil/cetak-fisik-ktp-202409241454111727164451307
2026-04-01 12:28:58,806 [INFO]       v ID=8211166 | cetak fisik ktp | None
2026-04-01 12:29:02,023 [INFO]    Detail: https://www.lapor.go.id/laporan/detil/aspirasi---sipa-202409241455151727164515727
2026-04-01 12:29:07,323 [INFO]       v ID=8211172 | Aspirasi - SIPA | None
2026-04-01 12:29:09,875 [INFO]    Detail: https://www.lapor.go.id/laporan/detil/surat-waris-202409241456031727164563059
2026-04-01 12:29:15,853 [INFO]       v ID=8211187 | surat waris | None
2026-04-01 12:29:19,292 [INFO]    Detail: https://www.lapor.go.id/laporan/detil/memperbaharui-status-202409241512281727165548868
2026-04-01 12:29:25,797 [INFO]       v ID=8211235 | memperbaharui status | None
2026-04-01 12:29:29,546 [INFO]    Detail: https://www.lapor.go.id/laporan/detil/mencari-alamat-202409241514591727165699419
2026-04-01 12:29:35,872 [INFO]       v ID=8211256 | mencari alamat | None
2026-04-01 12:29:39,829 [INFO]    Detail: https://www.lapor.go.id/laporan/detil/ruangan-kecil-202409241531241727166684526
2026-04-01 12:29:44,811 [INFO]       v ID=8211328 | Ruangan Kecil | Administrasi Kependudukan dan Pencatatan Sipil
2026-04-01 12:29:47,533 [INFO]    Detail: https://www.lapor.go.id/laporan/detil/aktivasi-ktp-digital-202409241534021727166842974
2026-04-01 12:29:53,239 [INFO]       v ID=8211343 | Aktivasi Ktp Digital | Administrasi Kependudukan dan Pencatatan Sipil
2026-04-01 12:29:56,517 [INFO]    Detail: https://www.lapor.go.id/laporan/detil/apakah-sktt-sudah-selesai--202409241627561727170076557
2026-04-01 12:30:02,647 [INFO]       v ID=8211502 | Apakah SKTT sudah selesai? | None
2026-04-01 12:30:05,723 [INFO]    Total terkumpul sejauh ini: 1248 laporan

2026-04-01 12:30:09,478 [INFO] ── Halaman 126: https://www.lapor.go.id/kisah-sukses?page=126
2026-04-01 12:30:28,246 [INFO]    -> 10 laporan ditemukan
2026-04-01 12:30:28,246 [INFO]    Detail: https://www.lapor.go.id/laporan/detil/pembuatan-ktp-202409250933221727231602239
2026-04-01 12:30:35,279 [INFO]       v ID=8213419 | Pembuatan KTP | None
2026-04-01 12:30:37,534 [INFO]    Detail: https://www.lapor.go.id/laporan/detil/bantuan-202409250936091727231769042
2026-04-01 12:30:44,910 [INFO]       v ID=8213431 | Bantuan | None
2026-04-01 12:30:47,395 [INFO]    Detail: https://www.lapor.go.id/laporan/detil/surat-jual-beli-tanah-202409250943081727232188545
2026-04-01 12:30:53,746 [INFO]       v ID=8213452 | Surat jual beli tanah | None
2026-04-01 12:30:56,396 [INFO]    Detail: https://www.lapor.go.id/laporan/detil/atm-bantuan-202409250946501727232410333
2026-04-01 12:31:03,305 [INFO]       v ID=8213464 | ATM bantuan | None
2026-04-01 12:31:06,745 [INFO]    Detail: https://www.lapor.go.id/laporan/detil/akte-202409250951391727232699973
2026-04-01 12:31:13,390 [INFO]       v ID=8213482 | AKTE | None
2026-04-01 12:31:17,244 [INFO]    Detail: https://www.lapor.go.id/laporan/detil/ikd-202409251005571727233557581
2026-04-01 12:31:22,977 [INFO]       v ID=8213521 | Ikd | Administrasi Kependudukan dan Pencatatan Sipil
2026-04-01 12:31:25,050 [INFO]    Detail: https://www.lapor.go.id/laporan/detil/bikin-ktp-202409251052341727236354446
2026-04-01 12:31:31,411 [INFO]       v ID=8213764 | bikin ktp | None
2026-04-01 12:31:33,594 [INFO]    Detail: https://www.lapor.go.id/laporan/detil/pelayanan-ct-scan-rsud-cibabat-202409261439161727336356052
2026-04-01 12:31:39,279 [INFO]       v ID=8218570 | Pelayanan CT Scan RSUD Cibabat | None
2026-04-01 12:31:42,897 [INFO]    Detail: https://www.lapor.go.id/laporan/detil/pelayanan-perawatan-di-rsud-cibabat-202409261508201727338100201
2026-04-01 12:31:50,039 [INFO]       v ID=8218690 | Pelayanan perawatan di RSUD Cibabat | None
2026-04-01 12:31:53,405 [INFO]    Detail: https://www.lapor.go.id/laporan/detil/permohonan-evaluasi-penutupan-jalan-untuk-pesta-hajatan-202410101057451728532665730
2026-04-01 12:31:58,846 [INFO]       v ID=8220292 | Permohonan Evaluasi Penutupan Jalan Untuk Pes | Lainnya terkait Ketenteraman, Ketertiban Umum, dan Pelindungan Masyarakat
2026-04-01 12:32:02,060 [INFO]    Total terkumpul sejauh ini: 1258 laporan

2026-04-01 12:32:04,967 [INFO] ── Halaman 127: https://www.lapor.go.id/kisah-sukses?page=127
2026-04-01 12:32:28,169 [INFO]    -> 10 laporan ditemukan
2026-04-01 12:32:28,169 [INFO]    Detail: https://www.lapor.go.id/laporan/detil/pengaduan-desa-batulilok-kecamatan-pantai-baru-202409270755571727398557367
2026-04-01 12:32:33,351 [INFO]       v ID=8220457 | Pengaduan Desa Batulilok Kecamatan Pantai Bar | None
2026-04-01 12:32:35,872 [INFO]    Detail: https://www.lapor.go.id/laporan/detil/pengaduan-propolis-202409271310501727417450508
2026-04-01 12:32:41,142 [INFO]       v ID=8221357 | Pengaduan Propolis | None
2026-04-01 12:32:43,564 [INFO]    Detail: https://www.lapor.go.id/laporan/detil/permintaan-biaya-mengatasnamakan-bpom-202409271321521727418112682
2026-04-01 12:32:48,767 [INFO]       v ID=8221378 | Permintaan biaya mengatasnamakan BPOM | None
2026-04-01 12:32:51,164 [INFO]    Detail: https://www.lapor.go.id/laporan/detil/perlu-air-bersih-pamsismas-202410072249311728316171917
2026-04-01 12:32:58,816 [INFO]       v ID=8226721 | Perlu Air Bersih/Pamsismas | Lainnya terkait Layanan Air Minum
2026-04-01 12:33:01,815 [INFO]    Detail: https://www.lapor.go.id/laporan/detil/bpjs-pbi-di-nonaktifkan-202409292138101727620690314
2026-04-01 12:33:06,913 [INFO]       v ID=8228401 | Bpjs Pbi Di Nonaktifkan | Administrasi BPJS Kesehatan
2026-04-01 12:33:10,376 [INFO]    Detail: https://www.lapor.go.id/laporan/detil/pelayan-loket-kurang-ramah-202409301456071727682967335
2026-04-01 12:33:16,721 [INFO]       v ID=8231320 | Pelayan loket kurang ramah | None
2026-04-01 12:33:20,286 [INFO]    Detail: https://www.lapor.go.id/laporan/detil/pohon-tumbang-ngalangin-jalan-raya-depan-pabrik-roti-banjaranyar-202409301532091727685129363
2026-04-01 12:33:27,743 [INFO]       v ID=8231560 | Pohon Tumbang Ngalangin Jalan Raya Depan Pabr | Lainnya terkait Ketenteraman, Ketertiban Umum, dan Pelindungan Masyarakat
2026-04-01 12:33:30,864 [INFO]    Detail: https://www.lapor.go.id/laporan/detil/anak-tenggelam-di-embung-bulakpacing-202409301602461727686966461
2026-04-01 12:33:37,614 [INFO]       v ID=8231755 | Anak Tenggelam Di Embung Bulakpacing | Lainnya terkait Ketenteraman, Ketertiban Umum, dan Pelindungan Masyarakat
2026-04-01 12:33:41,384 [INFO]    Detail: https://www.lapor.go.id/laporan/detil/pju-bermasalah-202410011005571727751957997
2026-04-01 12:33:46,483 [INFO]       v ID=8234218 | PJU Bermasalah | None
2026-04-01 12:33:49,860 [INFO]    Detail: https://www.lapor.go.id/laporan/detil/testing-202410011535271727771727827
2026-04-01 12:33:55,591 [INFO]       v ID=8235487 | Testing | Tenaga Kesehatan atau Instansi Kesehatan
2026-04-01 12:33:58,504 [INFO]    Total terkumpul sejauh ini: 1268 laporan

2026-04-01 12:34:01,244 [INFO] ── Halaman 128: https://www.lapor.go.id/kisah-sukses?page=128
2026-04-01 12:34:24,854 [INFO]    -> 10 laporan ditemukan
2026-04-01 12:34:24,854 [INFO]    Detail: https://www.lapor.go.id/laporan/detil/pungli-di-instansi-pelayanan-publik-202410031002541727924574768
2026-04-01 12:34:31,821 [INFO]       v ID=8242831 | Pungli Di Instansi Pelayanan Publik | Administrasi Kependudukan dan Pencatatan Sipil
2026-04-01 12:34:34,257 [INFO]    Detail: https://www.lapor.go.id/laporan/detil/total-biaya-ganti-plat-202410070904141728266654197
2026-04-01 12:34:39,603 [INFO]       v ID=8254117 | Total Biaya Ganti Plat | None
2026-04-01 12:34:43,514 [INFO]    Detail: https://www.lapor.go.id/laporan/detil/laporan-perusakan-alam-202410080652171728345137445
2026-04-01 12:34:49,161 [INFO]       v ID=8256370 | Laporan Perusakan Alam | Pencemaran Lingkungan
2026-04-01 12:34:52,734 [INFO]    Detail: https://www.lapor.go.id/laporan/detil/lampu-di-puskesmas-panaikan-di-ruang-icu-mati-202410081042091728358929599
2026-04-01 12:34:57,863 [INFO]       v ID=8257342 | Lampu di puskesmas PANAIKAN di ruang ICU Mati | None
2026-04-01 12:35:00,767 [INFO]    Detail: https://www.lapor.go.id/laporan/detil/survey-kepuasan-masyarakat-unit-layanan-teknis-balai-penjaminan-mutu-pendidikan-provinsi-kepulauan-riau-202410081117121728361032650
2026-04-01 12:35:07,506 [INFO]       v ID=8257549 | Survey Kepuasan Masyarakat Unit Layanan Tekni | None
2026-04-01 12:35:10,710 [INFO]    Detail: https://www.lapor.go.id/laporan/detil/survey-kepuasan-masyarakat-unit-layanan-teknis-balai-penjaminan-mutu-pendidikan-provinsi-kepulauan-riau-202410081140561728362456389
2026-04-01 12:35:17,286 [INFO]       v ID=8257714 | Survey Kepuasan Masyarakat Unit Layanan Tekni | None
2026-04-01 12:35:20,509 [INFO]    Detail: https://www.lapor.go.id/laporan/detil/survey-kepuasan-masyarakat-unit-layanan-teknis-balai-penjaminan-mutu-pendidikan-provinsi-kepulauan-riau-202410081141481728362508689
2026-04-01 12:35:26,913 [INFO]       v ID=8257720 | Survey Kepuasan Masyarakat Unit Layanan Tekni | None
2026-04-01 12:35:29,633 [INFO]    Detail: https://www.lapor.go.id/laporan/detil/lampu-penerangan-jalan-tenaga-surya-di-depan-kantor-desa-salimbatu-202410141558401728896320294
2026-04-01 12:35:36,138 [INFO]       v ID=8263456 | Lampu Penerangan Jalan Tenaga Surya Di Depan  | Sarana/Prasarana Kelistrikan
2026-04-01 12:35:39,556 [INFO]    Detail: https://www.lapor.go.id/laporan/detil/tolong-lah-min-kalo-ada-pertandingan-timnas-ntah-u23-atau-senior-bisa-di-hidupkan-biar-bisa-nobar-202410101357301728543450827
2026-04-01 12:35:44,589 [INFO]       v ID=8266270 | TOLONG LAH MIN KALO ADA PERTANDINGAN TIMNAS N | None
2026-04-01 12:35:47,231 [INFO]    Detail: https://www.lapor.go.id/laporan/detil/visit-kunjungan-ikn-202410101408571728544137530
2026-04-01 12:35:52,844 [INFO]       v ID=8266315 | Visit Kunjungan Ikn | Lainnya terkait Kependudukan
2026-04-01 12:35:56,706 [INFO]    Total terkumpul sejauh ini: 1278 laporan

2026-04-01 12:36:00,341 [INFO] ── Halaman 129: https://www.lapor.go.id/kisah-sukses?page=129
2026-04-01 12:36:22,188 [INFO]    -> 10 laporan ditemukan
2026-04-01 12:36:22,188 [INFO]    Detail: https://www.lapor.go.id/laporan/detil/penangan-laka-air-202410110943251728614605977
2026-04-01 12:36:28,943 [INFO]       v ID=8269030 | Penangan Laka Air | None
2026-04-01 12:36:31,511 [INFO]    Detail: https://www.lapor.go.id/laporan/detil/laporan-jenis-kerentanan-information-disclosure-website-kota-sibolga-202410130703481728777828008
2026-04-01 12:36:38,128 [INFO]       v ID=8274202 | Laporan Jenis Kerentanan Information Disclosu | Lainnya terkait Teknologi Informasi dan Komunikasi
2026-04-01 12:36:41,781 [INFO]    Detail: https://www.lapor.go.id/laporan/detil/lambat-dalam-kepala-dinas-disperkim-dalam-pelayanan-202410131012431728789163742
2026-04-01 12:36:48,071 [INFO]       v ID=8274484 | Lambat Dalam Kepala Dinas Disperkim Dalam Pel | Permukiman
2026-04-01 12:36:50,930 [INFO]    Detail: https://www.lapor.go.id/laporan/detil/teknis-dokumen-pppk-202410151102551728964975678
2026-04-01 12:36:56,098 [INFO]       v ID=8280463 | Teknis Dokumen Pppk | Politisasi ASN
2026-04-01 12:36:59,082 [INFO]    Detail: https://www.lapor.go.id/laporan/detil/peternakan-bebek-di-tengah-pemukiman-menimbulkan-bau-busuk-202410151242111728970931551
2026-04-01 12:37:04,741 [INFO]       v ID=8280802 | Peternakan Bebek Di Tengah Pemukiman Menimbul | Lainnya terkait Ketenteraman, Ketertiban Umum, dan Pelindungan Masyarakat
2026-04-01 12:37:08,528 [INFO]    Detail: https://www.lapor.go.id/laporan/detil/pembukaan-tenaga-honorer-202410151500111728979211391
2026-04-01 12:37:13,598 [INFO]       v ID=8281453 | Pembukaan Tenaga Honorer | Rekrutmen Tenagakerja
2026-04-01 12:37:16,024 [INFO]    Detail: https://www.lapor.go.id/laporan/detil/jaringan-internet-di-kapanewon-gedangsari-eror-202410161313321729059212545
2026-04-01 12:37:21,288 [INFO]       v ID=8284972 | jaringan internet di kapanewon gedangsari ero | Pelayanan Komunikasi Masyarakat
2026-04-01 12:37:24,564 [INFO]    Detail: https://www.lapor.go.id/laporan/detil/bantuan-pkh-bnyk-yg-tidak-tepat-sasaran-202410170846471729129607267
2026-04-01 12:37:31,129 [INFO]       v ID=8287726 | Bantuan Pkh Bnyk Yg Tidak Tepat Sasaran | Bansos Daerah
2026-04-01 12:37:33,201 [INFO]    Detail: https://www.lapor.go.id/laporan/detil/kebersihan-sampah-202410181134431729226083140
2026-04-01 12:37:38,480 [INFO]       v ID=8292193 | Kebersihan Sampah | Lainnya
2026-04-01 12:37:42,313 [INFO]    Detail: https://www.lapor.go.id/laporan/detil/perbaikan-jalan-imam-bonjol-sampai-jl-diponegoro-pekalongan-202410190621201729293680750
2026-04-01 12:37:48,432 [INFO]       v ID=8293699 | Perbaikan Jalan Imam Bonjol Sampai Jl Diponeg | Infrastruktur Jalan
2026-04-01 12:37:50,852 [INFO]    Total terkumpul sejauh ini: 1288 laporan

2026-04-01 12:37:53,653 [INFO] ── Halaman 130: https://www.lapor.go.id/kisah-sukses?page=130
2026-04-01 12:38:12,601 [INFO]    -> 10 laporan ditemukan
2026-04-01 12:38:12,601 [INFO]    Detail: https://www.lapor.go.id/laporan/detil/parkir-di-gor-larangan-di-patok-dengan-tarif-jenis-kendaraan-pengelolaa-tdk-tercatat-setoran-negara-202410280943151730083395314
2026-04-01 12:38:17,561 [INFO]       v ID=8296461 | Parkir Di Gor Larangan Di Patok Dengan Tarif  | Lainnya terkait Ketenteraman, Ketertiban Umum, dan Pelindungan Masyarakat
2026-04-01 12:38:20,262 [INFO]    Detail: https://www.lapor.go.id/laporan/detil/pedagang-asongan-dan-pkl-202410230617591729639079303
2026-04-01 12:38:25,364 [INFO]       v ID=8299933 | Pedagang Asongan Dan Pkl | Lainnya terkait Ketenteraman, Ketertiban Umum, dan Pelindungan Masyarakat
2026-04-01 12:38:29,119 [INFO]    Detail: https://www.lapor.go.id/laporan/detil/aktivitas-penggunaan-atv-di-pantai-barat-pangandaran-202410230951591729651919132
2026-04-01 12:38:34,362 [INFO]       v ID=8300548 | Aktivitas Penggunaan Atv mengganggu wisatawan | Lainnya terkait Ketenteraman, Ketertiban Umum, dan Pelindungan Masyarakat
2026-04-01 12:38:37,714 [INFO]    Detail: https://www.lapor.go.id/laporan/detil/lampu-pju-mati-202410231109421729656582462
2026-04-01 12:38:42,688 [INFO]       v ID=8300884 | Lampu Pju Mati | Penerangan Jalan
2026-04-01 12:38:46,175 [INFO]    Detail: https://www.lapor.go.id/laporan/detil/bencana-alam-tanah-bergerak-dan-bergeser-202410241014321729739672513
2026-04-01 12:38:51,540 [INFO]       v ID=8303974 | Bencana Alam Tanah Bergerak dan Bergeser | None
2026-04-01 12:38:55,351 [INFO]    Detail: https://www.lapor.go.id/laporan/detil/aspirasi---pencabutan-str-yang-diwakilkan-202410250631011729812661258
2026-04-01 12:39:00,459 [INFO]       v ID=8307610 | Aspirasi - Pencabutan STR yang diwakilkan | None
2026-04-01 12:39:02,704 [INFO]    Detail: https://www.lapor.go.id/laporan/detil/aspirasi---revisi-sipp-yang-sudah-tercetak-202410250646301729813590039
2026-04-01 12:39:08,037 [INFO]       v ID=8307628 | Aspirasi - Revisi SIPP yang sudah tercetak | None
2026-04-01 12:39:10,264 [INFO]    Detail: https://www.lapor.go.id/laporan/detil/aspirasi---menautkan-akun-satu-sehat-dengan-aplikasi-mpp-202410250657361729814256070
2026-04-01 12:39:15,859 [INFO]       v ID=8307640 | Aspirasi - Menautkan akun satu sehat dengan a | None
2026-04-01 12:39:19,553 [INFO]    Detail: https://www.lapor.go.id/laporan/detil/aspirasi---penetapan-kategori-badan-usaha-umk-202410250707281729814848940
2026-04-01 12:39:25,565 [INFO]       v ID=8307661 | Aspirasi - Penetapan kategori badan usaha UMK | None
2026-04-01 12:39:29,188 [INFO]    Detail: https://www.lapor.go.id/laporan/detil/pmm-sangat-membantu-saya-dalam-implementasi-kurikulum-merdeka-202410251046351729827995755
2026-04-01 12:39:40,027 [INFO]       v ID=8308684 | Pmm Sangat Membantu Saya Dalam Implementasi K | Pendidikan Dasar dan Menengah
2026-04-01 12:39:43,813 [INFO]    Total terkumpul sejauh ini: 1298 laporan

2026-04-01 12:39:46,228 [INFO] ── Halaman 131: https://www.lapor.go.id/kisah-sukses?page=131
2026-04-01 12:40:09,592 [INFO]    -> 10 laporan ditemukan
2026-04-01 12:40:09,592 [INFO]    Detail: https://www.lapor.go.id/laporan/detil/jalan-rusak-202410280841201730079680964
2026-04-01 12:40:16,728 [INFO]       v ID=8316394 | Jalan Rusak | Infrastruktur Jalan
2026-04-01 12:40:19,472 [INFO]    Detail: https://www.lapor.go.id/laporan/detil/bencana-angin-kencang-permohonan-bantuan-di-desa-dukuhjati-kidul-kec-pangkah-202410281006591730084819493
2026-04-01 12:40:25,442 [INFO]       v ID=8316802 | Bencana Angin kencang Permohonan Bantuan di D | None
2026-04-01 12:40:28,889 [INFO]    Detail: https://www.lapor.go.id/laporan/detil/air-pdam-berulangkali-tidak-mengalir-kembali-202410281049261730087366827
2026-04-01 12:40:37,224 [INFO]       v ID=8316973 | Air Pdam Berulangkali Tidak Mengalir Kembali | Gangguan Layanan Penyaluran Air
2026-04-01 12:40:39,857 [INFO]    Detail: https://www.lapor.go.id/laporan/detil/permohonan-ktp-baru-belum-di-wa-dri-kamis-smpai-sekrang-202410281105201730088320847
2026-04-01 12:40:45,482 [INFO]       v ID=8317099 | permohonan ktp baru belum di wa dri kamis smp | None
2026-04-01 12:40:48,183 [INFO]    Detail: https://www.lapor.go.id/laporan/detil/permohonan-pelayanan-kolektif-202410301552211730278341073
2026-04-01 12:40:55,657 [INFO]       v ID=8325220 | Permohonan Pelayanan Kolektif | Kartu Identitas Anak
2026-04-01 12:40:59,281 [INFO]    Detail: https://www.lapor.go.id/laporan/detil/lowongan-pekerjaan-202411010905071730426707778
2026-04-01 12:41:05,349 [INFO]       v ID=8330464 | Lowongan Pekerjaan | Netralitas ASN
2026-04-01 12:41:08,268 [INFO]    Detail: https://www.lapor.go.id/laporan/detil/penyampaian-aspirasi-202411010934171730428457707
2026-04-01 12:41:13,869 [INFO]       v ID=8330572 | Penyampaian Aspirasi | Topik Lainnya
2026-04-01 12:41:16,869 [INFO]    Detail: https://www.lapor.go.id/laporan/detil/kejaksaan-negeri-aceh-barat-bagaimana-intansi-pemerintahan-atau-lembaga-swadya-menerima-dan-merespon-aduan-dari-masyarakat--202411011646001730454360849
2026-04-01 12:41:23,430 [INFO]       v ID=8331799 | Kejaksaan Negeri Aceh Barat: Bagaimana Intans | None
2026-04-01 12:41:26,186 [INFO]    Detail: https://www.lapor.go.id/laporan/detil/sungai-longsor-202411021215121730524512498
2026-04-01 12:41:32,363 [INFO]       v ID=8333965 | Sungai Longsor | Penanggulangan Bencana
2026-04-01 12:41:34,570 [INFO]    Detail: https://www.lapor.go.id/laporan/detil/dugaan-penyalahgunaan-wewenang-oleh-jaksa-penuntut-umum-kejari-kota-sukabumi-atau-dugaan-penyalahgunaan-wewenang-penyidik-dengan-melibatkan-atau-mengorbankan-reputasi-kejari-kota-sukabumi--202411051144081730781848277
2026-04-01 12:41:39,869 [INFO]       v ID=8340496 | Dugaan Penyalahgunaan Wewenang Oleh Jaksa Pen | Hukum
2026-04-01 12:41:42,697 [INFO]    Total terkumpul sejauh ini: 1308 laporan

2026-04-01 12:41:46,218 [INFO] ── Halaman 132: https://www.lapor.go.id/kisah-sukses?page=132
2026-04-01 12:42:05,602 [INFO]    -> 10 laporan ditemukan
2026-04-01 12:42:05,602 [INFO]    Detail: https://www.lapor.go.id/laporan/detil/permintaan-pengembalian-kekurangan-barang-bukti-putusan-perkara-no-300-pid-b-2022-pn-jkt-tim-tanggal-31-maret-2022-93-pid-2023-pt-dki-tanggal-8-juni-2023-dan-putusan-kasasi-no-1185-k-pid-2023-tanggal-10-oktober-2023-202411051816191730805379581
2026-04-01 12:42:12,613 [INFO]       v ID=8341948 | Permintaan Pengembalian Kekurangan Barang Buk | Hukum
2026-04-01 12:42:16,225 [INFO]    Detail: https://www.lapor.go.id/laporan/detil/tidak-ada-lampu-penerangan-202411060713341730852014760
2026-04-01 12:42:21,371 [INFO]       v ID=8343028 | Tidak Ada Lampu Penerangan | Penerangan Jalan
2026-04-01 12:42:25,303 [INFO]    Detail: https://www.lapor.go.id/laporan/detil/syarat-pkl-202411071517111730967431531
2026-04-01 12:42:31,970 [INFO]       v ID=8347426 | Syarat Pkl | SP4N-LAPOR!
2026-04-01 12:42:34,855 [INFO]    Detail: https://www.lapor.go.id/laporan/detil/lowongan-kerja-202411071543021730968982352
2026-04-01 12:42:40,902 [INFO]       v ID=8347744 | Lowongan Kerja | SP4N-LAPOR!
2026-04-01 12:42:44,061 [INFO]    Detail: https://www.lapor.go.id/laporan/detil/mohon-keadilan-202411181049231731901763004
2026-04-01 12:42:49,355 [INFO]       v ID=8350087 | Mohon Keadilan | Layanan Air Minum
2026-04-01 12:42:52,890 [INFO]    Detail: https://www.lapor.go.id/laporan/detil/ranah-hukum-kejaksaan-negeri-mandailing-natal-202411121340321731393632141
2026-04-01 12:42:58,110 [INFO]       v ID=8356401 | Ranah Hukum Kejaksaan Negeri Mandailing Natal | SP4N-LAPOR!
2026-04-01 12:43:00,329 [INFO]    Detail: https://www.lapor.go.id/laporan/detil/pengelapan-dana-bansos-yang-di-berikan-pemerintah-melalui-bank-bri-202411130807441731460064202
2026-04-01 12:43:05,928 [INFO]       v ID=8359633 | Pengelapan Dana Bansos Yang Di Berikan Pemeri | Bansos PKH
2026-04-01 12:43:07,972 [INFO]    Detail: https://www.lapor.go.id/laporan/detil/lampu-pju-202411131024121731468252251
2026-04-01 12:43:14,590 [INFO]       v ID=8360633 | Lampu Pju | Lainnya terkait Perhubungan
2026-04-01 12:43:17,384 [INFO]    Detail: https://www.lapor.go.id/laporan/detil/perekrutan-calon-mitra-bps-banjarnegara-yang-tidak-sportif-dan-tidak-transparan-202411131251361731477096663
2026-04-01 12:43:22,832 [INFO]       v ID=8361213 | Perekrutan Calon Mitra Bps Banjarnegara Yang  | Rekrutmen Tenagakerja
2026-04-01 12:43:25,348 [INFO]    Detail: https://www.lapor.go.id/laporan/detil/bencana-alam-202411141710251731579025565
2026-04-01 12:43:31,086 [INFO]       v ID=8364205 | Bencana Alam | None
2026-04-01 12:43:35,028 [INFO]    Total terkumpul sejauh ini: 1318 laporan

2026-04-01 12:43:38,692 [INFO] ── Halaman 133: https://www.lapor.go.id/kisah-sukses?page=133
2026-04-01 12:43:58,651 [INFO]    -> 10 laporan ditemukan
2026-04-01 12:43:58,651 [INFO]    Detail: https://www.lapor.go.id/laporan/detil/kemacetan-202411141713331731579213211
2026-04-01 12:44:03,963 [INFO]       v ID=8364213 | Kemacetan | None
2026-04-01 12:44:07,237 [INFO]    Detail: https://www.lapor.go.id/laporan/detil/lampu-pju-padam-202411141715511731579351193
2026-04-01 12:44:12,417 [INFO]       v ID=8364217 | Lampu PJU Padam | None
2026-04-01 12:44:15,415 [INFO]    Detail: https://www.lapor.go.id/laporan/detil/kebocoran-saluran-air-202411141720401731579640472
2026-04-01 12:44:20,460 [INFO]       v ID=8364221 | Kebocoran Saluran Air | None
2026-04-01 12:44:24,003 [INFO]    Detail: https://www.lapor.go.id/laporan/detil/odgj-202411141724521731579892780
2026-04-01 12:44:29,363 [INFO]       v ID=8364225 | ODGJ | None
2026-04-01 12:44:31,710 [INFO]    Detail: https://www.lapor.go.id/laporan/detil/suara-pabrik-yang-menggangu-ketentraman-dan-kenyamanan-hunian-tinggal-202411142324431731601483204
2026-04-01 12:44:38,467 [INFO]       v ID=8365609 | Suara Pabrik Yang Menggangu Ketentraman Dan K | Lainnya terkait Ketenteraman, Ketertiban Umum, dan Pelindungan Masyarakat
2026-04-01 12:44:40,670 [INFO]    Detail: https://www.lapor.go.id/laporan/detil/penggunaan-air-tanah-berlebihan-202411162147391731768459947
2026-04-01 12:44:47,704 [INFO]       v ID=8373185 | Penggunaan Air Tanah Berlebihan | REDD+
2026-04-01 12:44:49,787 [INFO]    Detail: https://www.lapor.go.id/laporan/detil/permohonan-dilakukan-ekspose-gelar-perkara-dan-perlindungan-hukum-terhadap-laporan-polisi-nomor-1-lp-4206-vii-2019-spkt-pmj-ditreskrimum-tanggal-12-juli-2019-atas-nama-pelapor-osmalinda-dan-terlapor-indra-kurniawan-2-lp-2-850-v-yan-2-5-2020-spkt-pmj-tanggal-15-mei-2020-atas-nama-pelapor-osmalinda-dan-terlapor-indra-kurniawan-dan-dayu-ardiyuda-202411171119341731817174218
2026-04-01 12:44:56,025 [INFO]       v ID=8374497 | Permohonan Dilakukan Ekspose/Gelar Perkara Da | Kriminalitas
2026-04-01 12:44:59,811 [INFO]    Detail: https://www.lapor.go.id/laporan/detil/tidak-bisa-save-data-siswa-202411171125391731817539685
2026-04-01 12:45:06,233 [INFO]       v ID=8374517 | Tidak Bisa Save Data Siswa | Pendidikan Agama
2026-04-01 12:45:10,159 [INFO]    Detail: https://www.lapor.go.id/laporan/detil/observasi-lapangan-terkait-penanganan-pelanggaran-kasus-hukum-media-202411181657491731923869468
2026-04-01 12:45:16,492 [INFO]       v ID=8378486 | Observasi Lapangan terkait Penanganan Pelangg | None
2026-04-01 12:45:19,626 [INFO]    Detail: https://www.lapor.go.id/laporan/detil/kerusakan-saluran-air-202411191053091731988389096
2026-04-01 12:45:24,925 [INFO]       v ID=8381106 | Kerusakan Saluran Air | Layanan Air Minum
2026-04-01 12:45:27,797 [INFO]    Total terkumpul sejauh ini: 1328 laporan

2026-04-01 12:45:29,960 [INFO] ── Halaman 134: https://www.lapor.go.id/kisah-sukses?page=134
2026-04-01 12:45:54,996 [INFO]    -> 10 laporan ditemukan
2026-04-01 12:45:54,996 [INFO]    Detail: https://www.lapor.go.id/laporan/detil/perawatan-cctv-publik-kota-batam-202411200518121732054692824
2026-04-01 12:46:01,282 [INFO]       v ID=8383351 | Perawatan Cctv Publik Kota Batam | Lainnya terkait Teknologi Informasi dan Komunikasi
2026-04-01 12:46:03,677 [INFO]    Detail: https://www.lapor.go.id/laporan/detil/banjir-limbah-grajian-batu-putih-gunung-krambil-rt06-rw01-sidorejo-ponjong-gunungkidul-202411210839031732153143786
2026-04-01 12:46:09,648 [INFO]       v ID=8385430 | Banjir Limbah Grajian Batu Putih Gunung Kramb | Pencemaran Lingkungan
2026-04-01 12:46:11,961 [INFO]    Detail: https://www.lapor.go.id/laporan/detil/gudang-untuk-pengemasan-pangan-ilegal-202411240037461732383466134
2026-04-01 12:46:17,131 [INFO]       v ID=8392716 | Gudang untuk pengemasan pangan ilegal | None
2026-04-01 12:46:20,116 [INFO]    Detail: https://www.lapor.go.id/laporan/detil/produk-online-beda-indentitas-merk-ijin-edar-202411240042331732383753933
2026-04-01 12:46:26,292 [INFO]       v ID=8392731 | Produk online beda indentitas merk & ijin eda | None
2026-04-01 12:46:29,933 [INFO]    Detail: https://www.lapor.go.id/laporan/detil/pengaduan-terlalu-lama-proses-notifikasi-kosmetik-202411240045301732383930971
2026-04-01 12:46:35,081 [INFO]       v ID=8392736 | Pengaduan terlalu lama proses notifikasi kosm | None
2026-04-01 12:46:37,318 [INFO]    Detail: https://www.lapor.go.id/laporan/detil/minyak-kita-ada-obatnya-202411240049321732384172639
2026-04-01 12:46:42,366 [INFO]       v ID=8392741 | Minyak Kita ada obatnya | None
2026-04-01 12:46:44,714 [INFO]    Detail: https://www.lapor.go.id/laporan/detil/over-klaim-pangan-gizi-khusus-202411240053201732384400139
2026-04-01 12:46:50,141 [INFO]       v ID=8392746 | Over klaim Pangan Gizi Khusus | None
2026-04-01 12:46:53,410 [INFO]    Detail: https://www.lapor.go.id/laporan/detil/klaim-bebas-maltodekstrin-202411240056221732384582542
2026-04-01 12:47:02,032 [INFO]       v ID=8392751 | Klaim Bebas Maltodekstrin | None
2026-04-01 12:47:06,052 [INFO]    Detail: https://www.lapor.go.id/laporan/detil/sirup-p-irt-klaim-sugar-free-202411240100361732384836116
2026-04-01 12:47:11,598 [INFO]       v ID=8392756 | Sirup P-IRT klaim sugar free | None
2026-04-01 12:47:14,574 [INFO]    Detail: https://www.lapor.go.id/laporan/detil/apotek-dengan-sia-lama-202411240107081732385228781
2026-04-01 12:47:20,032 [INFO]       v ID=8392761 | Apotek dengan SIA lama | None
2026-04-01 12:47:22,107 [INFO]    Total terkumpul sejauh ini: 1338 laporan

2026-04-01 12:47:24,979 [INFO] ── Halaman 135: https://www.lapor.go.id/kisah-sukses?page=135
2026-04-01 12:47:45,624 [INFO]    -> 10 laporan ditemukan
2026-04-01 12:47:45,624 [INFO]    Detail: https://www.lapor.go.id/laporan/detil/toko-skin-care-menjual-kosmetik-ilegal-202411240110341732385434063
2026-04-01 12:47:50,839 [INFO]       v ID=8392771 | Toko skin care menjual kosmetik ilegal | None
2026-04-01 12:47:54,664 [INFO]    Detail: https://www.lapor.go.id/laporan/detil/buat-laporan-kecelakaan-dipungut-biaya-jutaan-202411241558321732438712689
2026-04-01 12:48:00,340 [INFO]       v ID=8393576 | Buat Laporan Kecelakaan Dipungut Biaya Jutaan | Kepolisian
2026-04-01 12:48:02,777 [INFO]    Detail: https://www.lapor.go.id/laporan/detil/aspirasi---persyratan-izin-operasional-pendidikan-non-formal-202411281030121732764612331
2026-04-01 12:48:08,422 [INFO]       v ID=8399196 | Aspirasi - Persyratan Izin Operasional Pendid | None
2026-04-01 12:48:10,566 [INFO]    Detail: https://www.lapor.go.id/laporan/detil/aspirasi---izin-apotik-202411281037371732765057784
2026-04-01 12:48:15,971 [INFO]       v ID=8399296 | Aspirasi - Izin Apotik | None
2026-04-01 12:48:19,438 [INFO]    Detail: https://www.lapor.go.id/laporan/detil/lampu-penerangan-jalan-mati-202411290517591732832279611
2026-04-01 12:48:24,765 [INFO]       v ID=8402673 | Lampu Penerangan Jalan Mati | Infrastruktur Jalan
2026-04-01 12:48:27,519 [INFO]    Detail: https://www.lapor.go.id/laporan/detil/aspirasi---pencabutan-sipa-202411291036511732851411348
2026-04-01 12:48:32,995 [INFO]       v ID=8403456 | Aspirasi - Pencabutan SIPA | None
2026-04-01 12:48:36,799 [INFO]    Detail: https://www.lapor.go.id/laporan/detil/aspirasi---perpanjangan-sip-202411291045471732851947762
2026-04-01 12:48:42,250 [INFO]       v ID=8403486 | Aspirasi - perpanjangan SIP | None
2026-04-01 12:48:45,888 [INFO]    Detail: https://www.lapor.go.id/laporan/detil/jalan-berlubang-bintara-jaya-ps-sumber-artha--202411291054131732852453916
2026-04-01 12:48:51,028 [INFO]       v ID=8403556 | Jalan Berlubang Bintara Jaya (Ps Sumber Artha | Jalan Berlubang
2026-04-01 12:48:53,658 [INFO]    Detail: https://www.lapor.go.id/laporan/detil/aspirasi---cara-membuat-sikr-surat-izin-kerja-radiografer--202411291055361732852536670
2026-04-01 12:48:59,378 [INFO]       v ID=8403561 | Aspirasi - Cara Membuat SIKR (Surat Izin Kerj | None
2026-04-01 12:49:03,134 [INFO]    Detail: https://www.lapor.go.id/laporan/detil/aspirasi---oss-202411291104551732853095383
2026-04-01 12:49:08,362 [INFO]       v ID=8403631 | Aspirasi - OSS | None
2026-04-01 12:49:11,599 [INFO]    Total terkumpul sejauh ini: 1348 laporan

2026-04-01 12:49:13,691 [INFO] ── Halaman 136: https://www.lapor.go.id/kisah-sukses?page=136
2026-04-01 12:49:33,781 [INFO]    -> 10 laporan ditemukan
2026-04-01 12:49:33,781 [INFO]    Detail: https://www.lapor.go.id/laporan/detil/aspirasi---tidak-bisa-melakukan-pencabutan-sip-perawat-karena-lupa-akun-202411291115291732853729777
2026-04-01 12:49:39,093 [INFO]       v ID=8403716 | Aspirasi - Tidak Bisa Melakukan Pencabutan SI | None
2026-04-01 12:49:42,727 [INFO]    Detail: https://www.lapor.go.id/laporan/detil/pengaduan---layanan-loket-3-202411291418381732864718564
2026-04-01 12:49:48,634 [INFO]       v ID=8404556 | Pengaduan -  Layanan Loket 3 | None
2026-04-01 12:49:51,164 [INFO]    Detail: https://www.lapor.go.id/laporan/detil/pohon-mati-202412011437001733038620228
2026-04-01 12:49:58,836 [INFO]       v ID=8416121 | Pohon Mati | Penanggulangan Bencana
2026-04-01 12:50:01,782 [INFO]    Detail: https://www.lapor.go.id/laporan/detil/jalan-rusak-tidak-diperbaiki-202412041555591733302559528
2026-04-01 12:50:06,981 [INFO]       v ID=8417066 | Jalan Rusak Tidak Diperbaiki | Jalan Berlubang
2026-04-01 12:50:10,930 [INFO]    Detail: https://www.lapor.go.id/laporan/detil/informasi-pemasangan-instalasi-sambungan-rumah-202412021458301733126310495
2026-04-01 12:50:16,143 [INFO]       v ID=8420311 | Informasi Pemasangan Instalasi Sambungan Ruma | None
2026-04-01 12:50:18,622 [INFO]    Detail: https://www.lapor.go.id/laporan/detil/pertanyaan-rekrutmen-mitra-statistik-bps-tahun-2025-oktober-2024--202412030715171733184917154
2026-04-01 12:50:23,847 [INFO]       v ID=8421736 | Pertanyaan Rekrutmen Mitra Statistik BPS Tahu | None
2026-04-01 12:50:26,744 [INFO]    Detail: https://www.lapor.go.id/laporan/detil/pengaduan---pembangunan-lembaga-pendidikan-di-dekat-jalan-umum-202412030827451733189265768
2026-04-01 12:50:33,414 [INFO]       v ID=8422111 | Pengaduan - Pembangunan Lembaga Pendidikan Di | PENDIDIKAN AGAMA
2026-04-01 12:50:36,270 [INFO]    Detail: https://www.lapor.go.id/laporan/detil/bagaimana-cara-mendapatkan-bansos-desa-202412041043521733283832388
2026-04-01 12:50:41,723 [INFO]       v ID=8427071 | Bagaimana Cara Mendapatkan Bansos Desa | Bantuan Sosial
2026-04-01 12:50:44,011 [INFO]    Detail: https://www.lapor.go.id/laporan/detil/penertiban-parkir-dan-orang-jualan-ditaman-pasirian-202412041407241733296044571
2026-04-01 12:50:49,052 [INFO]       v ID=8428151 | Penertiban parkir dan orang jualan ditaman Pa | None
2026-04-01 12:50:52,827 [INFO]    Detail: https://www.lapor.go.id/laporan/detil/pengaduan-terkait-kendala-bpjs-nonaktif-202412050958071733367487133
2026-04-01 12:50:59,197 [INFO]       v ID=8430791 | Pengaduan terkait kendala Bpjs nonaktif | None
2026-04-01 12:51:01,690 [INFO]    Total terkumpul sejauh ini: 1358 laporan

2026-04-01 12:51:04,082 [INFO] ── Halaman 137: https://www.lapor.go.id/kisah-sukses?page=137
2026-04-01 12:51:23,452 [INFO]    -> 10 laporan ditemukan
2026-04-01 12:51:23,452 [INFO]    Detail: https://www.lapor.go.id/laporan/detil/pohon-harus-dipangkas-202412051125201733372720366
2026-04-01 12:51:32,467 [INFO]       v ID=8431176 | Pohon Harus Dipangkas | Lainnya terkait Infrastruktur Pendukung
2026-04-01 12:51:35,837 [INFO]    Detail: https://www.lapor.go.id/laporan/detil/jembatan-penghubung-makrik-ii---caringin-hampir-terbelah-dua-202412052348091733417289229
2026-04-01 12:51:40,793 [INFO]       v ID=8434421 | Jembatan Penghubung Makrik Ii - Caringin Hamp | Infrastruktur Pendukung
2026-04-01 12:51:43,223 [INFO]    Detail: https://www.lapor.go.id/laporan/detil/permintaan-informasi-202412061332171733466737510
2026-04-01 12:51:49,003 [INFO]       v ID=8436176 | Permintaan Informasi | None
2026-04-01 12:51:52,706 [INFO]    Detail: https://www.lapor.go.id/laporan/detil/pengaduan---antrian-farmasi-202412091522321733732552644
2026-04-01 12:51:58,214 [INFO]       v ID=8445211 | Pengaduan - Antrian Farmasi | None
2026-04-01 12:52:01,378 [INFO]    Detail: https://www.lapor.go.id/laporan/detil/pengaduan---petugas-tidak-ramah-202412091536041733733364735
2026-04-01 12:52:07,526 [INFO]       v ID=8445291 | Pengaduan - Petugas Tidak Ramah | None
2026-04-01 12:52:10,450 [INFO]    Detail: https://www.lapor.go.id/laporan/detil/kewenangan-masyarakat-melakukan-pengecekan-penerima-manfaat-bansos-202412091628351733736515713
2026-04-01 12:52:15,415 [INFO]       v ID=8445446 | Kewenangan Masyarakat Melakukan Pengecekan Pe | Bantuan Sosial
2026-04-01 12:52:18,637 [INFO]    Detail: https://www.lapor.go.id/laporan/detil/petugas-laborat-202412100900261733796026222
2026-04-01 12:52:25,828 [INFO]       v ID=8446941 | Petugas Laborat | None
2026-04-01 12:52:29,246 [INFO]    Detail: https://www.lapor.go.id/laporan/detil/petugas-pendaftaran-202412100901471733796107449
2026-04-01 12:52:33,222 [WARNING] Attempt 1/3 gagal (https://www.lapor.go.id/laporan/detil/petugas-pendaftaran-202412100901471733796107449): ('Connection aborted.', RemoteDisconnected('Remote end closed connection without response'))
2026-04-01 12:52:42,692 [INFO]       v ID=8446971 | Petugas Pendaftaran | None
2026-04-01 12:52:45,956 [INFO]    Detail: https://www.lapor.go.id/laporan/detil/obat-pasien-prb-202412100935571733798157336
2026-04-01 12:52:51,143 [INFO]       v ID=8447096 | Obat Pasien PRB | None
2026-04-01 12:52:54,858 [INFO]    Detail: https://www.lapor.go.id/laporan/detil/layanan-balik-nama-sertifikat-tanah-di-kantor-pertanahan-kab-jeneponto-lambat-202412101326531733812013312
2026-04-01 12:53:00,302 [INFO]       v ID=8448121 | Layanan Balik Nama Sertifikat Tanah Di Kantor | Pertanahan
2026-04-01 12:53:02,836 [INFO]    Total terkumpul sejauh ini: 1368 laporan

2026-04-01 12:53:05,305 [INFO] ── Halaman 138: https://www.lapor.go.id/kisah-sukses?page=138
2026-04-01 12:53:27,518 [INFO]    -> 10 laporan ditemukan
2026-04-01 12:53:27,518 [INFO]    Detail: https://www.lapor.go.id/laporan/detil/saluran-air-jalur-maling-202412111154491733892889412
2026-04-01 12:53:34,258 [INFO]       v ID=8451761 | Saluran Air Jalur Maling | Drainase (Gorong-Gorong/Parit)
2026-04-01 12:53:37,797 [INFO]    Detail: https://www.lapor.go.id/laporan/detil/pembangunan-lahan-tanpa-izin-pada-ruang-terbuka-hijau-rth--202412121541201733992880759
2026-04-01 12:53:45,172 [INFO]       v ID=8456201 | Pembangunan Lahan Tanpa Izin Pada Ruang Terbu | Lainnya terkait Pekerjaan Umum dan Penataan Ruang
2026-04-01 12:53:48,041 [INFO]    Detail: https://www.lapor.go.id/laporan/detil/pelayanan-publik-administrasi-badan-kesatuan-bangsa-dan-politik-kabupaten-cianjur-202412131643131734082993158
2026-04-01 12:54:15,355 [WARNING] Attempt 1/3 gagal (https://www.lapor.go.id/laporan/detil/pelayanan-publik-administrasi-badan-kesatuan-bangsa-dan-politik-kabupaten-cianjur-202412131643131734082993158): ('Connection aborted.', RemoteDisconnected('Remote end closed connection without response'))
2026-04-01 12:54:20,362 [INFO]       v ID=8460041 | Pelayanan Publik Administrasi Badan Kesatuan  | None
2026-04-01 12:54:23,602 [INFO]    Detail: https://www.lapor.go.id/laporan/detil/cek-kesehatan-catin-di-puskesmas-dengan-ktp-di-luar-wilayah-puskesmas-202412170928321734402512785
2026-04-01 12:54:31,145 [INFO]       v ID=8468771 | Cek Kesehatan Catin di Puskesmas dengan KTP d | None
2026-04-01 12:54:33,774 [INFO]    Detail: https://www.lapor.go.id/laporan/detil/pot-pecah-rusak-tengah-jalan-202412171730461734431446043
2026-04-01 12:54:40,582 [INFO]       v ID=8471146 | Pot Pecah/Rusak Tengah Jalan | Infrastruktur Jalan
2026-04-01 12:54:42,979 [INFO]    Detail: https://www.lapor.go.id/laporan/detil/mohon-sidak-kepada-agen-dan-warung-penjual-gas-elpiji-bersubsidi-3kg-yang-isinya-kurang-dari-3kg-di-kec-sukra-dan-anjatan-indramayu-202412182019381734527978001
2026-04-01 12:54:48,603 [INFO]       v ID=8475401 | Mohon Sidak Kepada Agen Dan Warung Penjual Ga | Perlindungan Konsumen
2026-04-01 12:54:52,425 [INFO]    Detail: https://www.lapor.go.id/laporan/detil/pengaduan---petugas-parkir-202412191204141734584654779
2026-04-01 12:54:57,813 [INFO]       v ID=8477581 | Pengaduan - Petugas Parkir | None
2026-04-01 12:55:00,597 [INFO]    Detail: https://www.lapor.go.id/laporan/detil/pengaduan---tidak-bisa-mendaftar-online-202412191210381734585038438
2026-04-01 12:55:07,531 [INFO]       v ID=8477606 | Pengaduan - Tidak Bisa Mendaftar Online | None
2026-04-01 12:55:10,154 [INFO]    Detail: https://www.lapor.go.id/laporan/detil/kriteria-untuk-mendapatkan-bantuan-pkh-202412192249051734623345191
2026-04-01 12:55:16,823 [INFO]       v ID=8479956 | Kriteria Untuk Mendapatkan Bantuan Pkh | PKH Program Keluarga Harapan
2026-04-01 12:55:19,382 [INFO]    Detail: https://www.lapor.go.id/laporan/detil/dilarang-ambil-raport-karena-tidak-mau-bayar-pungli-202412200850071734659407393
2026-04-01 12:55:25,219 [INFO]       v ID=8480573 | Dilarang Ambil Raport Karena Tidak Mau Bayar  | Pendidikan Dasar dan Menengah
2026-04-01 12:55:28,810 [INFO]    Total terkumpul sejauh ini: 1378 laporan

2026-04-01 12:55:31,668 [INFO] ── Halaman 139: https://www.lapor.go.id/kisah-sukses?page=139
2026-04-01 12:55:50,439 [INFO]    -> 10 laporan ditemukan
2026-04-01 12:55:50,439 [INFO]    Detail: https://www.lapor.go.id/laporan/detil/jalan-berlubang-202412200922311734661351724
2026-04-01 12:55:55,532 [INFO]       v ID=8480733 | Jalan Berlubang | Infrastruktur Jalan
2026-04-01 12:55:58,334 [INFO]    Detail: https://www.lapor.go.id/laporan/detil/parkir-sembarangan-202412201211321734671492938
2026-04-01 12:56:03,275 [INFO]       v ID=8481521 | Parkir Sembarangan | Transportasi Darat
2026-04-01 12:56:06,249 [INFO]    Detail: https://www.lapor.go.id/laporan/detil/sppt-pbb-totok-riadi-gunarti--202412201935291734698129228
2026-04-01 12:56:11,704 [INFO]       v ID=8482993 | Sppt Pbb ( Totok Riadi / Gunarti ) | Pajak Daerah
2026-04-01 12:56:15,014 [INFO]    Detail: https://www.lapor.go.id/laporan/detil/lampu-hias-trotoar-padam-202412202101151734703275339
2026-04-01 12:56:20,040 [INFO]       v ID=8483089 | Lampu Hias Trotoar Padam | Penerangan Jalan
2026-04-01 12:56:22,928 [INFO]    Detail: https://www.lapor.go.id/laporan/detil/mohon-bantuan-pada-warga-yang-sulit-dapat-bantuan-program-pemerintah-202412222057381734875858398
2026-04-01 12:56:28,513 [INFO]       v ID=8486185 | Mohon Bantuan Pada Warga Yang Sulit Dapat Ban | Bantuan Sosial
2026-04-01 12:56:32,021 [INFO]    Detail: https://www.lapor.go.id/laporan/detil/sertifikasi-tw-3-dan-4-belum-terealisasi-linieritas-guru-pendidikan-khusus-yang-bertigas-di-smpn-pemyelenggara-penridikan-inklusi-di-kota-pasuruan-202412232251371734969097357
2026-04-01 12:56:38,500 [INFO]       v ID=8491441 | Sertifikasi Tw 3 Dan 4 Belum Terealisasi: Lin | Lainnya terkait Pendidikan Dasar dan Menengah
2026-04-01 12:56:41,483 [INFO]    Detail: https://www.lapor.go.id/laporan/detil/aspirasi---pengurusan-sia-202412241129441735014584084
2026-04-01 12:56:46,499 [INFO]       v ID=8493461 | Aspirasi - Pengurusan SIA | None
2026-04-01 12:56:50,182 [INFO]    Detail: https://www.lapor.go.id/laporan/detil/aspirasi---ijin-pemakaian-tempat-alun--alun--202412241144031735015443934
2026-04-01 12:56:55,778 [INFO]       v ID=8493551 | Aspirasi - Ijin Pemakaian Tempat (Alun- Alun) | None
2026-04-01 12:56:58,779 [INFO]    Detail: https://www.lapor.go.id/laporan/detil/bantuan-pembersihan-pasca-banjir-202412300827001735522020831
2026-04-01 12:57:04,257 [INFO]       v ID=8504706 | Bantuan pembersihan pasca banjir | None
2026-04-01 12:57:07,148 [INFO]    Detail: https://www.lapor.go.id/laporan/detil/aspirasi---migarsi-oss-202412301435121735544112131
2026-04-01 12:57:12,764 [INFO]       v ID=8506336 | Aspirasi - Migarsi OSS | None
2026-04-01 12:57:15,518 [INFO]    Total terkumpul sejauh ini: 1388 laporan

2026-04-01 12:57:18,573 [INFO] ── Halaman 140: https://www.lapor.go.id/kisah-sukses?page=140
2026-04-01 12:57:38,593 [INFO]    -> 10 laporan ditemukan
2026-04-01 12:57:38,593 [INFO]    Detail: https://www.lapor.go.id/laporan/detil/jalan-rusak-202412302027561735565276857
2026-04-01 12:57:44,049 [INFO]       v ID=8507286 | Jalan Rusak | Infrastruktur Jalan
2026-04-01 12:57:47,129 [INFO]    Detail: https://www.lapor.go.id/laporan/detil/cek-keaktifan-bpjs-202412311008211735614501427
2026-04-01 12:57:52,675 [INFO]       v ID=8508976 | Cek keaktifan BPJS | None
2026-04-01 12:57:56,618 [INFO]    Detail: https://www.lapor.go.id/laporan/detil/pemberian-ucapan-202412311012251735614745174
2026-04-01 12:58:01,851 [INFO]       v ID=8508996 | Pemberian Ucapan | None
2026-04-01 12:58:05,881 [INFO]    Detail: https://www.lapor.go.id/laporan/detil/alat-kontrasepsi-202412311029181735615758650
2026-04-01 12:58:11,673 [INFO]       v ID=8509086 | Alat Kontrasepsi | None
2026-04-01 12:58:14,073 [INFO]    Detail: https://www.lapor.go.id/laporan/detil/cek-keaktifan-bpjs-202412311254521735624492542
2026-04-01 12:58:19,573 [INFO]       v ID=8509836 | Cek keaktifan BPJS | None
2026-04-01 12:58:22,695 [INFO]    Detail: https://www.lapor.go.id/laporan/detil/informasi-online-202412311312151735625535545
2026-04-01 12:58:29,163 [INFO]       v ID=8509886 | Informasi online | None
2026-04-01 12:58:32,243 [INFO]    Detail: https://www.lapor.go.id/laporan/detil/aspirasi---persyaratan-kkpr-berusaha-202412311312261735625546186
2026-04-01 12:58:37,905 [INFO]       v ID=8509891 | Aspirasi - Persyaratan KKPR Berusaha | None
2026-04-01 12:58:41,461 [INFO]    Detail: https://www.lapor.go.id/laporan/detil/aspirasi---kendala-pembuatan-sipa-surat-izin-profesi-apoteker--202412311319531735625993498
2026-04-01 12:58:47,248 [INFO]       v ID=8509906 | Aspirasi - Kendala Pembuatan SIPA (Surat Izin | None
2026-04-01 12:58:50,967 [INFO]    Detail: https://www.lapor.go.id/laporan/detil/jadwal-usg-ibu-hamil-202412311320251735626025088
2026-04-01 12:58:56,145 [INFO]       v ID=8509911 | Jadwal USG Ibu hamil | None
2026-04-01 12:59:00,162 [INFO]    Detail: https://www.lapor.go.id/laporan/detil/jadwal-usg-ibu-hamil-202412311324391735626279901
2026-04-01 12:59:06,573 [INFO]       v ID=8509926 | jadwal USG Ibu Hamil | None
2026-04-01 12:59:09,367 [INFO]    Total terkumpul sejauh ini: 1398 laporan

2026-04-01 12:59:12,583 [INFO] ── Halaman 141: https://www.lapor.go.id/kisah-sukses?page=141
2026-04-01 12:59:38,040 [INFO]    -> 10 laporan ditemukan
2026-04-01 12:59:38,040 [INFO]    Detail: https://www.lapor.go.id/laporan/detil/cek-protein-urin-dan-laboratorium-202412311327341735626454608
2026-04-01 12:59:43,752 [INFO]       v ID=8509951 | cek protein urin dan laboratorium | None
2026-04-01 12:59:47,681 [INFO]    Detail: https://www.lapor.go.id/laporan/detil/jadwal-usg-202412311329591735626599224
2026-04-01 12:59:52,968 [INFO]       v ID=8509961 | jadwal USG | None
2026-04-01 12:59:55,081 [INFO]    Detail: https://www.lapor.go.id/laporan/detil/laporan-pohon-tumbang-202501021552211735807941575
2026-04-01 13:00:02,379 [INFO]       v ID=8515156 | Laporan Pohon Tumbang | None
2026-04-01 13:00:05,016 [INFO]    Detail: https://www.lapor.go.id/laporan/detil/pengaduan---sarana-dan-prasarana-202501030919221735870762454
2026-04-01 13:00:13,720 [INFO]       v ID=8516761 | Pengaduan - Sarana dan Prasarana | None
2026-04-01 13:00:17,254 [INFO]    Detail: https://www.lapor.go.id/laporan/detil/pengaduan---perilaku-pelaksana-202501031058111735876691323
2026-04-01 13:00:28,682 [INFO]       v ID=8517306 | Pengaduan - Perilaku Pelaksana | None
2026-04-01 13:00:31,139 [INFO]    Detail: https://www.lapor.go.id/laporan/detil/pengaduan---waktu-pelayanan-202501031121051735878065713
2026-04-01 13:00:43,825 [INFO]       v ID=8517441 | Pengaduan - Waktu Pelayanan | None
2026-04-01 13:00:47,475 [INFO]    Detail: https://www.lapor.go.id/laporan/detil/laporan-pohon-tumbang-202501041801161735988476856
2026-04-01 13:00:54,700 [INFO]       v ID=8520331 | Laporan Pohon Tumbang | None
2026-04-01 13:00:57,114 [INFO]    Detail: https://www.lapor.go.id/laporan/detil/tolong-takedown-website-phishing---dana-202501042238041736005084671
2026-04-01 13:01:14,222 [INFO]       v ID=8520696 | Tolong Takedown Website Phishing - Dana | Blokir Website
2026-04-01 13:01:16,992 [INFO]    Detail: https://www.lapor.go.id/laporan/detil/laporan-pohon-tumbang-202501050711501736035910732
2026-04-01 13:01:25,444 [INFO]       v ID=8520911 | Laporan Pohon Tumbang | None
2026-04-01 13:01:28,433 [INFO]    Detail: https://www.lapor.go.id/laporan/detil/laporan-banjir-bandang-kecamatan-rengel-202501050723301736036610057
2026-04-01 13:01:34,910 [INFO]       v ID=8520926 | Laporan Banjir Bandang Kecamatan Rengel | None
2026-04-01 13:01:38,181 [INFO]    Total terkumpul sejauh ini: 1408 laporan

2026-04-01 13:01:40,335 [INFO] ── Halaman 142: https://www.lapor.go.id/kisah-sukses?page=142
2026-04-01 13:02:04,486 [INFO]    -> 10 laporan ditemukan
2026-04-01 13:02:04,486 [INFO]    Detail: https://www.lapor.go.id/laporan/detil/pembersihan-sekolah-pasca-banjir-bandang-di-kecamatan-rengel-202501052122221736086942470
2026-04-01 13:02:15,102 [INFO]       v ID=8521821 | Pembersihan Sekolah Pasca Banjir Bandang di K | None
2026-04-01 13:02:17,914 [INFO]    Detail: https://www.lapor.go.id/laporan/detil/laporan-pohon-tumbang-202501052125071736087107821
2026-04-01 13:02:25,744 [INFO]       v ID=8521836 | Laporan Pohon Tumbang | None
2026-04-01 13:02:28,081 [INFO]    Detail: https://www.lapor.go.id/laporan/detil/pemasangan-lampu-penerangan-jalan-di-atas-tanah-milik-pribadi-tanpa-izin-koordinasi-pemilik-tahan-202501060749071736124547349
2026-04-01 13:02:55,130 [INFO]       v ID=8522186 | Pemasangan Lampu Penerangan Jalan Di Atas Tan | Penerangan Jalan
2026-04-01 13:02:57,880 [INFO]    Detail: https://www.lapor.go.id/laporan/detil/banyak-pengemis-dan-pengamen-di-puspa-kuningan-202501061051591736135519108
2026-04-01 13:03:10,746 [INFO]       v ID=8523156 | Banyak Pengemis Dan Pengamen Di Puspa Kuninga | Lainnya terkait Ketenteraman, Ketertiban Umum, dan Pelindungan Masyarakat
2026-04-01 13:03:14,124 [INFO]    Detail: https://www.lapor.go.id/laporan/detil/laporan-kegiatan-penanganan-pasca-banjir-bandang-wilayah-kecamatan-rengel-kab-tuban-202501061807131736161633422
2026-04-01 13:03:30,336 [INFO]       v ID=8524711 | LAPORAN KEGIATAN  PENANGANAN PASCA BANJIR BAN | None
2026-04-01 13:03:33,181 [INFO]    Detail: https://www.lapor.go.id/laporan/detil/kelas-jabatan-status-pns-tidak-sesuai-dengan-tpp-yang-dibayarkan-ijasah-sma-kelas-jabatan-7-dibayar-tpp-lebih-besar-dari-seharusnya-mentang-mentang-posisinya-dibagian-keuangan-202501102105011736517901727
2026-04-01 13:03:44,733 [INFO]       v ID=8541331 | Kelas Jabatan Status Pns Tidak Sesuai Dengan  | Tunjangan Kinerja/Insentif/Tambahan Penghasilan Pegawai (TPP) tidak dibayarkan
2026-04-01 13:03:47,370 [INFO]    Detail: https://www.lapor.go.id/laporan/detil/laporan-kegiatan-penanganan-pasca-banjir-bandang-wilayah-kecamatan-rengel-kab-tuban-202501130821351736731295155
2026-04-01 13:04:01,972 [INFO]       v ID=8545091 | LAPORAN KEGIATAN  PENANGANAN PASCA BANJIR BAN | None
2026-04-01 13:04:05,921 [INFO]    Detail: https://www.lapor.go.id/laporan/detil/laporan-kegiatan-penanganan-pasca-banjir-bandang-wilayah-kecamatan-rengel-kab-tuban-202501130824591736731499769
2026-04-01 13:04:21,245 [INFO]       v ID=8545111 | LAPORAN KEGIATAN  PENANGANAN PASCA BANJIR BAN | None
2026-04-01 13:04:24,323 [INFO]    Detail: https://www.lapor.go.id/laporan/detil/lapora-pohon-tumbang-di-7-tujuh-titik-lokasi-202501130844541736732694415
2026-04-01 13:04:37,518 [INFO]       v ID=8545236 | LAPORA POHON TUMBANG DI 7 (TUJUH) TITIK LOKAS | None
2026-04-01 13:04:41,182 [INFO]    Detail: https://www.lapor.go.id/laporan/detil/laporan-terdampak-angin-puting-beliung-202501130853051736733185306
2026-04-01 13:04:56,058 [INFO]       v ID=8545316 | LAPORAN TERDAMPAK ANGIN PUTING BELIUNG | None
2026-04-01 13:04:59,778 [INFO]    Total terkumpul sejauh ini: 1418 laporan

2026-04-01 13:05:02,212 [INFO] ── Halaman 143: https://www.lapor.go.id/kisah-sukses?page=143
2026-04-01 13:05:27,840 [INFO]    -> 10 laporan ditemukan
2026-04-01 13:05:27,840 [INFO]    Detail: https://www.lapor.go.id/laporan/detil/laporan-pohon-tumbang-di-3-tiga-titik-lokasi-202501131937131736771833184
2026-04-01 13:05:41,104 [INFO]       v ID=8548521 | LAPORAN POHON TUMBANG DI 3 (TIGA) TITIK LOKAS | None
2026-04-01 13:05:43,323 [INFO]    Detail: https://www.lapor.go.id/laporan/detil/laporan-banjir-bandang-202501131939221736771962779
2026-04-01 13:05:53,094 [INFO]       v ID=8548526 | LAPORAN BANJIR BANDANG | None
2026-04-01 13:05:55,661 [INFO]    Detail: https://www.lapor.go.id/laporan/detil/aduan-dahan-pohon-patah-dan-luapan-air-sungai-202501140928191736821699284
2026-04-01 13:06:02,881 [INFO]       v ID=8550101 | Aduan dahan pohon patah dan luapan air sungai | None
2026-04-01 13:06:05,052 [INFO]    Detail: https://www.lapor.go.id/laporan/detil/pohon-tumbang-202501141023311736825011704
2026-04-01 13:06:13,504 [INFO]       v ID=8550571 | Pohon Tumbang | None
2026-04-01 13:06:17,321 [INFO]    Detail: https://www.lapor.go.id/laporan/detil/tiang-lampu-penerangan-202501150845581736905558961
2026-04-01 13:06:29,554 [INFO]       v ID=8553466 | Tiang Lampu Penerangan | Penerangan Jalan
2026-04-01 13:06:32,781 [INFO]    Detail: https://www.lapor.go.id/laporan/detil/pencemaran-lingkungan-202501211029181737430158945
2026-04-01 13:06:43,775 [INFO]       v ID=8554661 | Pencemaran Lingkungan | Pencemaran Lingkungan
2026-04-01 13:06:46,701 [INFO]    Detail: https://www.lapor.go.id/laporan/detil/pembangunan-ilegal-yang-melangar-aturan-perda-202501211325551737440755887
2026-04-01 13:06:56,708 [INFO]       v ID=8555326 | Pembangunan Ilegal Yang Melangar Aturan Perda | Lainnya terkait Pekerjaan Umum dan Penataan Ruang
2026-04-01 13:07:00,370 [INFO]    Detail: https://www.lapor.go.id/laporan/detil/judi-202501162200241737039624445
2026-04-01 13:07:11,947 [INFO]       v ID=8559331 | Judi | SP4N-LAPOR!
2026-04-01 13:07:14,043 [INFO]    Detail: https://www.lapor.go.id/laporan/detil/gaji-tidak-di-bayar-202501162324101737044650553
2026-04-01 13:07:21,988 [INFO]       v ID=8559481 | Gaji Tidak Di Bayar | Gaji Pekerja
2026-04-01 13:07:25,000 [INFO]    Detail: https://www.lapor.go.id/laporan/detil/apresiasi-terhadap-sekretariat-dprd-kab-bekasi-202501171119251737087565637
2026-04-01 13:07:31,655 [INFO]       v ID=8561351 | Apresiasi Terhadap Sekretariat Dprd Kab. Beka | Lainnya terkait Pendidikan dan Kebudayaan
2026-04-01 13:07:35,617 [INFO]    Total terkumpul sejauh ini: 1428 laporan

2026-04-01 13:07:38,825 [INFO] ── Halaman 144: https://www.lapor.go.id/kisah-sukses?page=144
2026-04-01 13:08:01,727 [INFO]    -> 10 laporan ditemukan
2026-04-01 13:08:01,742 [INFO]    Detail: https://www.lapor.go.id/laporan/detil/imunisasi-202501181556191737190579111
2026-04-01 13:08:09,652 [INFO]       v ID=8564411 | Imunisasi | None
2026-04-01 13:08:12,316 [INFO]    Detail: https://www.lapor.go.id/laporan/detil/pembinaan-tuna-wisma-di-pontianak-utara-202501182342251737218545173
2026-04-01 13:08:19,390 [INFO]       v ID=8565041 | Pembinaan Tuna Wisma Di Pontianak Utara | Pemberdayaan Masyarakat
2026-04-01 13:08:22,547 [INFO]    Detail: https://www.lapor.go.id/laporan/detil/lubang-di-tengah-jalan-provinsi-202501201526371737361597524
2026-04-01 13:08:31,796 [INFO]       v ID=8566191 | Lubang Di Tengah Jalan Provinsi | Sarana dan Prasarana tidak memadai
2026-04-01 13:08:35,230 [INFO]    Detail: https://www.lapor.go.id/laporan/detil/pelayanan-kesehatan-gigi-mulut-202501200900531737338453319
2026-04-01 13:08:44,558 [INFO]       v ID=8567341 | Pelayanan Kesehatan Gigi & Mulut | None
2026-04-01 13:08:48,573 [INFO]    Detail: https://www.lapor.go.id/laporan/detil/lampu-jalan-202501200916421737339402459
2026-04-01 13:08:57,689 [INFO]       v ID=8567531 | Lampu Jalan | Infrastruktur Pendukung
2026-04-01 13:08:59,857 [INFO]    Detail: https://www.lapor.go.id/laporan/detil/pemeriksaan-catin-202501201340571737355257250
2026-04-01 13:09:11,759 [INFO]       v ID=8569071 | Pemeriksaan CATIN | None
2026-04-01 13:09:14,410 [INFO]    Detail: https://www.lapor.go.id/laporan/detil/pelayanan-kesehatan-gigi-mulut-202501201351561737355916559
2026-04-01 13:09:24,226 [INFO]       v ID=8569121 | Pelayanan Kesehatan Gigi & Mulut | None
2026-04-01 13:09:28,157 [INFO]    Detail: https://www.lapor.go.id/laporan/detil/ketertiban-masyarakat-202501201423251737357805960
2026-04-01 13:09:37,186 [INFO]       v ID=8569246 | Ketertiban Masyarakat | Lainnya terkait Ketenteraman, Ketertiban Umum, dan Pelindungan Masyarakat
2026-04-01 13:09:39,850 [INFO]    Detail: https://www.lapor.go.id/laporan/detil/aspirasi---pembuatan-sipa-202501210820341737422434878
2026-04-01 13:09:48,313 [INFO]       v ID=8571046 | Aspirasi - Pembuatan SIPA | None
2026-04-01 13:09:51,211 [INFO]    Detail: https://www.lapor.go.id/laporan/detil/aspirasi---pengurusan-sip-202501210829031737422943074
2026-04-01 13:09:58,921 [INFO]       v ID=8571121 | Aspirasi - Pengurusan SIP | None
2026-04-01 13:10:02,480 [INFO]    Total terkumpul sejauh ini: 1438 laporan

2026-04-01 13:10:06,292 [INFO] ── Halaman 145: https://www.lapor.go.id/kisah-sukses?page=145
2026-04-01 13:10:36,338 [WARNING] Timeout attempt 1/3: https://www.lapor.go.id/kisah-sukses?page=145
2026-04-01 13:11:17,313 [INFO]    -> 10 laporan ditemukan
2026-04-01 13:11:17,313 [INFO]    Detail: https://www.lapor.go.id/laporan/detil/aspirasi---oss-202501210835221737423322062
2026-04-01 13:11:47,331 [WARNING] Timeout attempt 1/3: https://www.lapor.go.id/laporan/detil/aspirasi---oss-202501210835221737423322062
2026-04-01 13:12:20,380 [WARNING] Timeout attempt 2/3: https://www.lapor.go.id/laporan/detil/aspirasi---oss-202501210835221737423322062
2026-04-01 13:12:53,589 [WARNING] Timeout attempt 3/3: https://www.lapor.go.id/laporan/detil/aspirasi---oss-202501210835221737423322062
2026-04-01 13:12:55,591 [ERROR] Semua percobaan gagal: https://www.lapor.go.id/laporan/detil/aspirasi---oss-202501210835221737423322062
2026-04-01 13:12:55,591 [WARNING]       x Gagal parse, skip.
2026-04-01 13:12:58,867 [INFO]    Detail: https://www.lapor.go.id/laporan/detil/aspirasi---pengurusan-sitr-202501210839341737423574010
2026-04-01 13:13:28,980 [WARNING] Timeout attempt 1/3: https://www.lapor.go.id/laporan/detil/aspirasi---pengurusan-sitr-202501210839341737423574010
2026-04-01 13:14:02,006 [WARNING] Timeout attempt 2/3: https://www.lapor.go.id/laporan/detil/aspirasi---pengurusan-sitr-202501210839341737423574010
2026-04-01 13:14:35,172 [WARNING] Timeout attempt 3/3: https://www.lapor.go.id/laporan/detil/aspirasi---pengurusan-sitr-202501210839341737423574010
2026-04-01 13:14:37,174 [ERROR] Semua percobaan gagal: https://www.lapor.go.id/laporan/detil/aspirasi---pengurusan-sitr-202501210839341737423574010
2026-04-01 13:14:37,174 [WARNING]       x Gagal parse, skip.
2026-04-01 13:14:40,794 [INFO]    Detail: https://www.lapor.go.id/laporan/detil/aspirasi---perubahan-kbli-202501210849311737424171776
2026-04-01 13:15:10,853 [WARNING] Timeout attempt 1/3: https://www.lapor.go.id/laporan/detil/aspirasi---perubahan-kbli-202501210849311737424171776
2026-04-01 13:15:42,924 [WARNING] Timeout attempt 2/3: https://www.lapor.go.id/laporan/detil/aspirasi---perubahan-kbli-202501210849311737424171776
2026-04-01 13:16:17,978 [WARNING] Timeout attempt 3/3: https://www.lapor.go.id/laporan/detil/aspirasi---perubahan-kbli-202501210849311737424171776
2026-04-01 13:16:19,980 [ERROR] Semua percobaan gagal: https://www.lapor.go.id/laporan/detil/aspirasi---perubahan-kbli-202501210849311737424171776
2026-04-01 13:16:19,981 [WARNING]       x Gagal parse, skip.
2026-04-01 13:16:22,259 [INFO]    Detail: https://www.lapor.go.id/laporan/detil/laporan-adanya-penyalahgunaan-dana-bumdes-dan-dana-desa-tahun-2024-desa-pusian-selatan-202501210856391737424599691
2026-04-01 13:16:52,373 [WARNING] Timeout attempt 1/3: https://www.lapor.go.id/laporan/detil/laporan-adanya-penyalahgunaan-dana-bumdes-dan-dana-desa-tahun-2024-desa-pusian-selatan-202501210856391737424599691
2026-04-01 13:17:20,779 [INFO]       v ID=8571311 | Laporan Adanya Penyalahgunaan Dana Bumdes dan | None
2026-04-01 13:17:24,804 [INFO]    Detail: https://www.lapor.go.id/laporan/detil/aspirasi---kendala-pembuatan-sip-202501210857231737424643866
2026-04-01 13:17:31,461 [INFO]       v ID=8571321 | Aspirasi - Kendala Pembuatan SIP | None
2026-04-01 13:17:34,444 [INFO]    Detail: https://www.lapor.go.id/laporan/detil/masalah-pasar-surungan-202501211429191737444559982
2026-04-01 13:17:41,742 [INFO]       v ID=8573226 | Masalah Pasar Surungan | Pasar
2026-04-01 13:17:45,016 [INFO]    Detail: https://www.lapor.go.id/laporan/detil/banjir-akibat-naiknya-air-solokan-202501221050551737517855852
2026-04-01 13:17:51,490 [INFO]       v ID=8575891 | Permohonan Peninggian Jalan Cor Agar Tidak Te | Lainnya terkait Infrastruktur Jalan
2026-04-01 13:17:54,556 [INFO]    Detail: https://www.lapor.go.id/laporan/detil/ketidaksesuaian-penyelenggaraan-penyewaan-unit-apartemen-oleh-travelio-permasalahan-surat-perjanjian-sewa-202501221529021737534542209
2026-04-01 13:18:00,470 [INFO]       v ID=8577176 | Ketidaksesuaian Penyelenggaraan Penyewaan Uni | Perlindungan Konsumen terkait Transaksi Perdagangan melalui Sistem Elektronik (E-commerce)
2026-04-01 13:18:03,234 [INFO]    Detail: https://www.lapor.go.id/laporan/detil/perbaikan-pemilihan-kepegawaian-di-pemerintahan-desa-202501230549561737586196532
2026-04-01 13:18:10,350 [INFO]       v ID=8578281 | Perbaikan Pemilihan Kepegawaian Di Pemerintah | Pemilihan Kepala Desa/Pilkades
2026-04-01 13:18:13,535 [INFO]    Detail: https://www.lapor.go.id/laporan/detil/jalan-raya-gedong-tataan-menuju-kedondong-pesawaran-lampung-tidak-ada-irigasi-banyak-lubang-dan-genangan--202501271248121737956892740
2026-04-01 13:18:19,771 [INFO]       v ID=8586976 | perbaikan Jalan Raya Gedong Tataan Menuju Ked | SP4N-LAPOR!
2026-04-01 13:18:22,441 [INFO]    Total terkumpul sejauh ini: 1445 laporan

2026-04-01 13:18:24,583 [INFO] ── Halaman 146: https://www.lapor.go.id/kisah-sukses?page=146
2026-04-01 13:18:48,358 [INFO]    -> 10 laporan ditemukan
2026-04-01 13:18:48,365 [INFO]    Detail: https://www.lapor.go.id/laporan/detil/lampu-pju-padam-202501281133401738038820700
2026-04-01 13:18:54,148 [INFO]       v ID=8588381 | Lampu Pju Padam | Penerangan Jalan
2026-04-01 13:18:56,538 [INFO]    Detail: https://www.lapor.go.id/laporan/detil/sampah-living-world-denpasar-202501310837191738287439431
2026-04-01 13:19:16,147 [INFO]       v ID=8588416 | Sampah Living World Denpasar | Pencemaran Lingkungan
2026-04-01 13:19:18,403 [INFO]    Detail: https://www.lapor.go.id/laporan/detil/pju-di-jalan-perintis-kemerdekaan-202501290937551738118275625
2026-04-01 13:19:26,547 [INFO]       v ID=8589841 | Pju Di Jalan Perintis Kemerdekaan | Lainnya terkait Infrastruktur Jalan
2026-04-01 13:19:28,743 [INFO]    Detail: https://www.lapor.go.id/laporan/detil/musik-dj-volume-tinggi-di-area-pasar-202501300817371738199857432
2026-04-01 13:19:37,626 [INFO]       v ID=8590106 | Musik Dj Volume Tinggi Di Area Pasar | Lainnya terkait Ketenteraman, Ketertiban Umum, dan Pelindungan Masyarakat
2026-04-01 13:19:41,548 [INFO]    Detail: https://www.lapor.go.id/laporan/detil/luapan-sungai-202501300841101738201270781
2026-04-01 13:19:49,875 [INFO]       v ID=8590391 | Luapan Sungai | Lainnya terkait Pekerjaan Umum dan Penataan Ruang
2026-04-01 13:19:53,882 [INFO]    Detail: https://www.lapor.go.id/laporan/detil/aspirasi---surat-ijin-usaha-202501300832411738200761676
2026-04-01 13:19:59,895 [INFO]       v ID=8591431 | Aspirasi - Surat Ijin Usaha | None
2026-04-01 13:20:03,882 [INFO]    Detail: https://www.lapor.go.id/laporan/detil/aspirasi---kbli-pada-surat-ijin-usaha-202501300837031738201023283
2026-04-01 13:20:33,920 [WARNING] Timeout attempt 1/3: https://www.lapor.go.id/laporan/detil/aspirasi---kbli-pada-surat-ijin-usaha-202501300837031738201023283
2026-04-01 13:20:39,939 [INFO]       v ID=8591451 | Aspirasi - KBLI pada Surat Ijin Usaha | None
2026-04-01 13:20:42,557 [INFO]    Detail: https://www.lapor.go.id/laporan/detil/aspirasi---oss-202501300842421738201362934
2026-04-01 13:20:48,868 [INFO]       v ID=8591491 | Aspirasi - OSS | None
2026-04-01 13:20:51,722 [INFO]    Detail: https://www.lapor.go.id/laporan/detil/aspirasi---oss-202501300849101738201750036
2026-04-01 13:20:58,510 [INFO]       v ID=8591546 | Aspirasi - OSS | None
2026-04-01 13:21:01,489 [INFO]    Detail: https://www.lapor.go.id/laporan/detil/pohon-tumbang-202501301622031738228923093
2026-04-01 13:21:07,488 [INFO]       v ID=8593966 | Pohon Tumbang | None
2026-04-01 13:21:10,771 [INFO]    Total terkumpul sejauh ini: 1455 laporan

2026-04-01 13:21:14,139 [INFO] ── Halaman 147: https://www.lapor.go.id/kisah-sukses?page=147
2026-04-01 13:21:44,165 [WARNING] Timeout attempt 1/3: https://www.lapor.go.id/kisah-sukses?page=147
2026-04-01 13:22:02,292 [INFO]    -> 10 laporan ditemukan
2026-04-01 13:22:02,292 [INFO]    Detail: https://www.lapor.go.id/laporan/detil/pengaduan-kerusakan-202501301642261738230146803
2026-04-01 13:22:10,029 [INFO]       v ID=8594011 | Pengaduan Kerusakan | None
2026-04-01 13:22:13,292 [INFO]    Detail: https://www.lapor.go.id/laporan/detil/tanggul-ambles-202501311011251738293085619
2026-04-01 13:22:20,663 [INFO]       v ID=8596116 | Tanggul ambles | None
2026-04-01 13:22:23,346 [INFO]    Detail: https://www.lapor.go.id/laporan/detil/formulir-tidak-bisa-dibuka-202501311012271738293147697
2026-04-01 13:22:29,611 [INFO]       v ID=8596136 | Formulir Tidak Bisa Dibuka | Pendidikan Dasar dan Menengah
2026-04-01 13:22:33,078 [INFO]    Detail: https://www.lapor.go.id/laporan/detil/lampu-penerangan-jalan-padam-sudah-lebih-dari-1-tahun-202501311607091738314429255
2026-04-01 13:22:38,837 [INFO]       v ID=8597896 | Lampu Penerangan Jalan Padam Sudah Lebih Dari | Penerangan Jalan
2026-04-01 13:22:42,421 [INFO]    Detail: https://www.lapor.go.id/laporan/detil/sarpras-toilet-perlu-perbaikan-202502060944031738809843209
2026-04-01 13:22:49,677 [INFO]       v ID=8599626 | Sarpras Toilet Perlu Perbaikan | Sarana dan Prasarana tidak memadai
2026-04-01 13:22:53,397 [INFO]    Detail: https://www.lapor.go.id/laporan/detil/laporan-pohon-tumbang-202502010936021738377362257
2026-04-01 13:23:02,477 [INFO]       v ID=8599926 | LAPORAN POHON TUMBANG | None
2026-04-01 13:23:05,171 [INFO]    Detail: https://www.lapor.go.id/laporan/detil/penyemprotan-smp-1-soko-pasca-banjir-202502010937481738377468984
2026-04-01 13:23:11,518 [INFO]       v ID=8599936 | PENYEMPROTAN SMP 1 SOKO PASCA BANJIR | None
2026-04-01 13:23:13,870 [INFO]    Detail: https://www.lapor.go.id/laporan/detil/laporan-pohon-tumbang-202502010940031738377603598
2026-04-01 13:23:19,230 [INFO]       v ID=8599946 | LAPORAN POHON TUMBANG | None
2026-04-01 13:23:22,053 [INFO]    Detail: https://www.lapor.go.id/laporan/detil/assesment-tanggul-jebol-202502010941381738377698780
2026-04-01 13:23:28,489 [INFO]       v ID=8599951 | ASSESMENT TANGGUL JEBOL | None
2026-04-01 13:23:32,061 [INFO]    Detail: https://www.lapor.go.id/laporan/detil/laporan-pohon-tumbang-202502010943001738377780031
2026-04-01 13:23:39,406 [INFO]       v ID=8599956 | LAPORAN POHON TUMBANG | None
2026-04-01 13:23:42,287 [INFO]    Total terkumpul sejauh ini: 1465 laporan

2026-04-01 13:23:45,890 [INFO] ── Halaman 148: https://www.lapor.go.id/kisah-sukses?page=148
2026-04-01 13:24:09,498 [INFO]    -> 10 laporan ditemukan
2026-04-01 13:24:09,501 [INFO]    Detail: https://www.lapor.go.id/laporan/detil/laporan-permohonan-penyemprotan-disinfektan-pmk-202502010944481738377888549
2026-04-01 13:24:16,047 [INFO]       v ID=8599961 | LAPORAN PERMOHONAN PENYEMPROTAN DISINFEKTAN P | None
2026-04-01 13:24:19,314 [INFO]    Detail: https://www.lapor.go.id/laporan/detil/laporan-permohonan-penyemprotan-disinfektan-pmk-202502010946181738377978099
2026-04-01 13:24:24,770 [INFO]       v ID=8599966 | LAPORAN PERMOHONAN PENYEMPROTAN DISINFEKTAN P | None
2026-04-01 13:24:27,026 [INFO]    Detail: https://www.lapor.go.id/laporan/detil/laporan-pohon-tumbang-202502010947331738378053503
2026-04-01 13:24:32,548 [INFO]       v ID=8599971 | LAPORAN POHON TUMBANG | None
2026-04-01 13:24:36,224 [INFO]    Detail: https://www.lapor.go.id/laporan/detil/laporan-permohonan-penyemprotan-disinfektan-pmk-202502010953221738378402113
2026-04-01 13:24:42,153 [INFO]       v ID=8599981 | LAPORAN PERMOHONAN PENYEMPROTAN DISINFEKTAN P | None
2026-04-01 13:24:44,327 [INFO]    Detail: https://www.lapor.go.id/laporan/detil/laporan-permohonan-penyemprotan-disinfektan-pmk-202502010955191738378519524
2026-04-01 13:24:52,525 [INFO]       v ID=8599986 | LAPORAN PERMOHONAN PENYEMPROTAN DISINFEKTAN P | None
2026-04-01 13:24:56,125 [INFO]    Detail: https://www.lapor.go.id/laporan/detil/laporan-pohon-tumbang-202502010956501738378610433
2026-04-01 13:25:03,166 [INFO]       v ID=8599991 | LAPORAN POHON TUMBANG | None
2026-04-01 13:25:06,058 [INFO]    Detail: https://www.lapor.go.id/laporan/detil/laporan-permohonan-penyemprotan-disinfektan-pmk-202502010958171738378697847
2026-04-01 13:25:12,431 [INFO]       v ID=8599996 | LAPORAN PERMOHONAN PENYEMPROTAN DISINFEKTAN P | None
2026-04-01 13:25:15,738 [INFO]    Detail: https://www.lapor.go.id/laporan/detil/laporan-permohonan-penyemprotan-disinfektan-pmk-202502010959371738378777525
2026-04-01 13:25:21,590 [INFO]       v ID=8600006 | LAPORAN PERMOHONAN PENYEMPROTAN DISINFEKTAN P | None
2026-04-01 13:25:25,005 [INFO]    Detail: https://www.lapor.go.id/laporan/detil/laporan-permohonan-penyemprotan-disinfektan-pmk-202502011000461738378846690
2026-04-01 13:25:31,829 [INFO]       v ID=8600011 | LAPORAN PERMOHONAN PENYEMPROTAN DISINFEKTAN P | None
2026-04-01 13:25:35,419 [INFO]    Detail: https://www.lapor.go.id/laporan/detil/laporan-angin-kencang-202502011002151738378935950
2026-04-01 13:25:42,947 [INFO]       v ID=8600016 | LAPORAN ANGIN KENCANG | None
2026-04-01 13:25:46,022 [INFO]    Total terkumpul sejauh ini: 1475 laporan

2026-04-01 13:25:50,023 [INFO] ── Halaman 149: https://www.lapor.go.id/kisah-sukses?page=149
2026-04-01 13:26:14,631 [INFO]    -> 10 laporan ditemukan
2026-04-01 13:26:14,631 [INFO]    Detail: https://www.lapor.go.id/laporan/detil/laporan-banjir-genangan-202502011003431738379023575
2026-04-01 13:26:21,445 [INFO]       v ID=8600021 | LAPORAN BANJIR GENANGAN | None
2026-04-01 13:26:25,313 [INFO]    Detail: https://www.lapor.go.id/laporan/detil/laporan-pohon-tumbang-202502011005131738379113406
2026-04-01 13:26:32,155 [INFO]       v ID=8600031 | LAPORAN POHON TUMBANG | None
2026-04-01 13:26:36,042 [INFO]    Detail: https://www.lapor.go.id/laporan/detil/laporan-evakuasi-perahu-karam-202502011006491738379209607
2026-04-01 13:26:47,674 [INFO]       v ID=8600041 | LAPORAN EVAKUASI PERAHU KARAM | None
2026-04-01 13:26:50,785 [INFO]    Detail: https://www.lapor.go.id/laporan/detil/laporan-evakuasi-perahu-terbalik-202502011008041738379284259
2026-04-01 13:26:57,041 [INFO]       v ID=8600046 | LAPORAN EVAKUASI PERAHU TERBALIK | None
2026-04-01 13:27:00,029 [INFO]    Detail: https://www.lapor.go.id/laporan/detil/laporan-pohon-tumbang-di-dua-titik-lokasi-202502011010041738379404375
2026-04-01 13:27:06,660 [INFO]       v ID=8600051 | LAPORAN POHON TUMBANG DI DUA TITIK LOKASI | None
2026-04-01 13:27:10,438 [INFO]    Detail: https://www.lapor.go.id/laporan/detil/laporan-pohon-tumbang-202502011011251738379485924
2026-04-01 13:27:17,368 [INFO]       v ID=8600056 | LAPORAN POHON TUMBANG | None
2026-04-01 13:27:21,232 [INFO]    Detail: https://www.lapor.go.id/laporan/detil/diduga-bangunan-tanpa-pbg-202502021714491738491289874
2026-04-01 13:27:27,724 [INFO]       v ID=8602271 | Diduga Bangunan Tanpa Pbg | Permukiman
2026-04-01 13:27:31,827 [INFO]    Detail: https://www.lapor.go.id/laporan/detil/informasi-magang-202502031223021738560182450
2026-04-01 13:27:39,018 [INFO]       v ID=8604601 | informasi magang | None
2026-04-01 13:27:41,418 [INFO]    Detail: https://www.lapor.go.id/laporan/detil/alamat-bpom-di-jambi-202502031233241738560804374
2026-04-01 13:27:48,442 [INFO]       v ID=8604646 | alamat BPOM di Jambi | None
2026-04-01 13:27:51,242 [INFO]    Detail: https://www.lapor.go.id/laporan/detil/jalan-berlubang-di-jl-alinda-yang-sudah-perlu-diperbaiki-karena-akses-alternatif-ke-arah-kaliabang-tengah-202502040947531738637273773
2026-04-01 13:27:59,710 [INFO]       v ID=8607596 | Jalan Berlubang Di Jl Alinda Yang Sudah Perlu | Infrastruktur Jalan
2026-04-01 13:28:02,472 [INFO]    Total terkumpul sejauh ini: 1485 laporan

2026-04-01 13:28:05,726 [INFO] ── Halaman 150: https://www.lapor.go.id/kisah-sukses?page=150
2026-04-01 13:28:28,933 [INFO]    -> 10 laporan ditemukan
2026-04-01 13:28:28,933 [INFO]    Detail: https://www.lapor.go.id/laporan/detil/aspirasi---pengajuan-sip-di-mppd-202502040955221738637722723
2026-04-01 13:28:41,281 [INFO]       v ID=8607676 | Aspirasi - Pengajuan SIP di MPPD | None
2026-04-01 13:28:44,557 [INFO]    Detail: https://www.lapor.go.id/laporan/detil/jalan-rusak-parah-202502042105131738677913753
2026-04-01 13:28:54,361 [INFO]       v ID=8610331 | Jalan Rusak Parah | Infrastruktur Jalan
2026-04-01 13:28:56,563 [INFO]    Detail: https://www.lapor.go.id/laporan/detil/aspirasi---pengajuan-tempat-praktik-202502051201501738731710161
2026-04-01 13:29:03,512 [INFO]       v ID=8612321 | Aspirasi - Pengajuan Tempat Praktik | None
2026-04-01 13:29:06,161 [INFO]    Detail: https://www.lapor.go.id/laporan/detil/aspirasi---pengajuan-reklame-202502051209131738732153523
2026-04-01 13:29:21,004 [INFO]       v ID=8612376 | Aspirasi - Pengajuan Reklame | None
2026-04-01 13:29:24,950 [INFO]    Detail: https://www.lapor.go.id/laporan/detil/menyalakan-musik-volume-tinggi-di-area-pasar-202502051324521738736692296
2026-04-01 13:29:32,048 [INFO]       v ID=8612641 | Menyalakan Musik Volume Tinggi Di Area Pasar | Lainnya terkait Ketenteraman, Ketertiban Umum, dan Pelindungan Masyarakat
2026-04-01 13:29:35,805 [INFO]    Detail: https://www.lapor.go.id/laporan/detil/spanduk-hilang-202502051350041738738204482
2026-04-01 13:29:43,211 [INFO]       v ID=8612791 | Spanduk Hilang | Lainnya terkait Ketenteraman, Ketertiban Umum, dan Pelindungan Masyarakat
2026-04-01 13:29:46,216 [INFO]    Detail: https://www.lapor.go.id/laporan/detil/lubang-besar-dan-dalam-202502060832071738805527693
2026-04-01 13:29:54,322 [INFO]       v ID=8614891 | Lubang Besar Dan Dalam | Infrastruktur Jalan
2026-04-01 13:29:56,824 [INFO]    Detail: https://www.lapor.go.id/laporan/detil/konsultasi-ketersediaan-data-202502071028071738898887492
2026-04-01 13:30:04,272 [INFO]       v ID=8619006 | Konsultasi Ketersediaan Data | None
2026-04-01 13:30:08,080 [INFO]    Detail: https://www.lapor.go.id/laporan/detil/wabah-ulat-bulu-202502101011231739157083279
2026-04-01 13:30:21,931 [INFO]       v ID=8625066 | Wabah Ulat Bulu | Lainnya terkait Pertanian dan Peternakan
2026-04-01 13:30:24,249 [INFO]    Detail: https://www.lapor.go.id/laporan/detil/contact-person-kecamatan-banyuwangi-202502101519371739175577085
2026-04-01 13:30:32,198 [INFO]       v ID=8626736 | contact person kecamatan banyuwangi | Topik Lainnya
2026-04-01 13:30:34,739 [INFO]    Total terkumpul sejauh ini: 1495 laporan

2026-04-01 13:30:37,356 [INFO] ── Halaman 151: https://www.lapor.go.id/kisah-sukses?page=151
2026-04-01 13:30:58,794 [INFO]    -> 10 laporan ditemukan
2026-04-01 13:30:58,797 [INFO]    Detail: https://www.lapor.go.id/laporan/detil/tindakan-laporan-202502101810231739185823661
2026-04-01 13:31:07,373 [INFO]       v ID=8627186 | Tindakan Laporan | Bantuan Sosial
2026-04-01 13:31:09,934 [INFO]    Detail: https://www.lapor.go.id/laporan/detil/lampu-pju-mati-202502111040581739245258005
2026-04-01 13:31:17,364 [INFO]       v ID=8629106 | Lampu Pju Mati | Penerangan Jalan
2026-04-01 13:31:20,107 [INFO]    Detail: https://www.lapor.go.id/laporan/detil/bencana-banjir-dan-tanah-longsor-202502111245501739252750668
2026-04-01 13:31:28,160 [INFO]       v ID=8629891 | Bencana Banjir dan Tanah Longsor | None
2026-04-01 13:31:30,672 [INFO]    Detail: https://www.lapor.go.id/laporan/detil/bencana-banjir-dan-tanah-longsor-202502111330421739255442240
2026-04-01 13:31:40,696 [INFO]       v ID=8630056 | Bencana Banjir dan Tanah Longsor | None
2026-04-01 13:31:43,088 [INFO]    Detail: https://www.lapor.go.id/laporan/detil/bencana-banjir-dan-tanah-longsor-202502111355201739256920209
2026-04-01 13:31:49,882 [INFO]       v ID=8630131 | Bencana Banjir dan Tanah Longsor | None
2026-04-01 13:31:52,709 [INFO]    Detail: https://www.lapor.go.id/laporan/detil/bencana-banjir-dan-tanah-longsor-202502111408391739257719503
2026-04-01 13:31:59,492 [INFO]       v ID=8630156 | Bencana Banjir dan Tanah Longsor | None
2026-04-01 13:32:03,136 [INFO]    Detail: https://www.lapor.go.id/laporan/detil/bencana-banjir-dan-tanah-longsor-202502111446501739260010156
2026-04-01 13:32:09,551 [INFO]       v ID=8630291 | Bencana Banjir dan Tanah Longsor | None
2026-04-01 13:32:12,920 [INFO]    Detail: https://www.lapor.go.id/laporan/detil/laporan-8112829-belum-selesai-202502111543101739263390551
2026-04-01 13:32:21,973 [INFO]       v ID=8630536 | Laporan #8112829 Belum Selesai | Pertanahan
2026-04-01 13:32:25,573 [INFO]    Detail: https://www.lapor.go.id/laporan/detil/aspirasi---oss-202502120841311739324491693
2026-04-01 13:32:32,553 [INFO]       v ID=8632286 | Aspirasi - OSS | None
2026-04-01 13:32:36,031 [INFO]    Detail: https://www.lapor.go.id/laporan/detil/aspirasi---pengajuan-tempat-praktek-202502120852581739325178967
2026-04-01 13:32:43,620 [INFO]       v ID=8632411 | Aspirasi - Pengajuan Tempat Praktek | None
2026-04-01 13:32:46,124 [INFO]    Total terkumpul sejauh ini: 1505 laporan

2026-04-01 13:32:49,967 [INFO] ── Halaman 152: https://www.lapor.go.id/kisah-sukses?page=152
2026-04-01 13:33:10,839 [INFO]    -> 10 laporan ditemukan
2026-04-01 13:33:10,839 [INFO]    Detail: https://www.lapor.go.id/laporan/detil/parkir-liar-202502131025041739417104450
2026-04-01 13:33:18,353 [INFO]       v ID=8637486 | Parkir Liar | Ketertiban Umum
2026-04-01 13:33:21,542 [INFO]    Detail: https://www.lapor.go.id/laporan/detil/mahasiswa-magang-202502131603551739437435558
2026-04-01 13:33:27,465 [INFO]       v ID=8639311 | mahasiswa magang | None
2026-04-01 13:33:29,795 [INFO]    Detail: https://www.lapor.go.id/laporan/detil/air-pdam-tirta-mountala-aceh-besar-mati-seharian-202502141501521739520112684
2026-04-01 13:33:38,156 [INFO]       v ID=8642421 | Air Pdam Tirta Mountala Aceh Besar Mati Sehar | Perairan
2026-04-01 13:33:42,059 [INFO]    Detail: https://www.lapor.go.id/laporan/detil/jalan-berlubang-di-kabupaten-empat-lawang-202502151454471739606087287
2026-04-01 13:33:48,371 [INFO]       v ID=8643346 | Jalan Berlubang Di Kabupaten Empat Lawang | Jalan Berlubang
2026-04-01 13:33:50,531 [INFO]    Detail: https://www.lapor.go.id/laporan/detil/penerima-bpnt-202502151034021739590442295
2026-04-01 13:34:00,380 [INFO]       v ID=8644196 | Penerima Bpnt | Bantuan Sosial
2026-04-01 13:34:02,709 [INFO]    Detail: https://www.lapor.go.id/laporan/detil/sampah-202502151353431739602423010
2026-04-01 13:34:11,008 [INFO]       v ID=8644516 | Sampah | Pencemaran Lingkungan
2026-04-01 13:34:14,449 [INFO]    Detail: https://www.lapor.go.id/laporan/detil/permohonan-perbaikan-lampu-jalan-202502171118271739765907077
2026-04-01 13:34:21,310 [INFO]       v ID=8645096 | Permohonan Perbaikan Lampu Jalan | Penerangan Jalan
2026-04-01 13:34:24,109 [INFO]    Detail: https://www.lapor.go.id/laporan/detil/laporan-evakuasi-perahu-terbalik-202502152002351739624555912
2026-04-01 13:34:30,456 [INFO]       v ID=8645166 | LAPORAN EVAKUASI PERAHU TERBALIK | None
2026-04-01 13:34:33,177 [INFO]    Detail: https://www.lapor.go.id/laporan/detil/laporan-pohon-tumbang-202502152004111739624651798
2026-04-01 13:34:38,863 [INFO]       v ID=8645181 | LAPORAN POHON TUMBANG | None
2026-04-01 13:34:41,453 [INFO]    Detail: https://www.lapor.go.id/laporan/detil/laporan-penyemprotan-fogging-202502152006401739624800175
2026-04-01 13:34:48,010 [INFO]       v ID=8645196 | LAPORAN PENYEMPROTAN FOGGING | None
2026-04-01 13:34:50,377 [INFO]    Total terkumpul sejauh ini: 1515 laporan

2026-04-01 13:34:54,142 [INFO] ── Halaman 153: https://www.lapor.go.id/kisah-sukses?page=153
2026-04-01 13:35:16,130 [INFO]    -> 10 laporan ditemukan
2026-04-01 13:35:16,130 [INFO]    Detail: https://www.lapor.go.id/laporan/detil/laporan-penyemprotan-fogging-202502152008261739624906811
2026-04-01 13:35:22,501 [INFO]       v ID=8645206 | LAPORAN PENYEMPROTAN FOGGING | None
2026-04-01 13:35:24,811 [INFO]    Detail: https://www.lapor.go.id/laporan/detil/laporan-penyemprotan-fogging-202502152009571739624997750
2026-04-01 13:35:31,689 [INFO]       v ID=8645221 | LAPORAN PENYEMPROTAN FOGGING | None
2026-04-01 13:35:35,120 [INFO]    Detail: https://www.lapor.go.id/laporan/detil/laporan-korban-angin-puting-beliung-202502152041201739626880017
2026-04-01 13:35:41,721 [INFO]       v ID=8645291 | LAPORAN KORBAN ANGIN PUTING BELIUNG | None
2026-04-01 13:35:44,501 [INFO]    Detail: https://www.lapor.go.id/laporan/detil/laporan-korban-angin-puting-beliung-202502152059011739627941808
2026-04-01 13:35:50,398 [INFO]       v ID=8645336 | LAPORAN KORBAN ANGIN PUTING BELIUNG | None
2026-04-01 13:35:53,574 [INFO]    Detail: https://www.lapor.go.id/laporan/detil/laporan-pohon-tumbang-8-titik-lokasi-202502152101291739628089625
2026-04-01 13:35:59,639 [INFO]       v ID=8645356 | LAPORAN POHON TUMBANG 8 TITIK LOKASI | None
2026-04-01 13:36:03,375 [INFO]    Detail: https://www.lapor.go.id/laporan/detil/laporan-pohon-tumbang-202502152103141739628194760
2026-04-01 13:36:09,451 [INFO]       v ID=8645366 | LAPORAN POHON TUMBANG | None
2026-04-01 13:36:12,235 [INFO]    Detail: https://www.lapor.go.id/laporan/detil/laporan-korban-angin-puting-beliung-202502152105071739628307736
2026-04-01 13:36:18,253 [INFO]       v ID=8645376 | LAPORAN KORBAN ANGIN PUTING BELIUNG | None
2026-04-01 13:36:21,478 [INFO]    Detail: https://www.lapor.go.id/laporan/detil/laporan-pohon-tumbang-202502152112321739628752135
2026-04-01 13:36:29,235 [INFO]       v ID=8645391 | LAPORAN POHON TUMBANG | None
2026-04-01 13:36:31,470 [INFO]    Detail: https://www.lapor.go.id/laporan/detil/laporan-pohon-tumbang-202502152114411739628881710
2026-04-01 13:36:36,871 [INFO]       v ID=8645406 | LAPORAN POHON TUMBANG | None
2026-04-01 13:36:40,038 [INFO]    Detail: https://www.lapor.go.id/laporan/detil/laporan-permohonan-penyemprotan-clay-tanah-liat-atau-plastisin-akibat-laka-lantas-202502152117041739629024554
2026-04-01 13:36:46,928 [INFO]       v ID=8645411 | LAPORAN PERMOHONAN PENYEMPROTAN  Clay (Tanah  | None
2026-04-01 13:36:49,075 [INFO]    Total terkumpul sejauh ini: 1525 laporan

2026-04-01 13:36:51,896 [INFO] ── Halaman 154: https://www.lapor.go.id/kisah-sukses?page=154
2026-04-01 13:37:14,245 [INFO]    -> 10 laporan ditemukan
2026-04-01 13:37:14,247 [INFO]    Detail: https://www.lapor.go.id/laporan/detil/laporan-pembersihan-jalan-pasca-banjir-bandang-202502152118301739629110672
2026-04-01 13:37:23,876 [INFO]       v ID=8645416 | LAPORAN PEMBERSIHAN JALAN PASCA BANJIR BANDAN | None
2026-04-01 13:37:27,459 [INFO]    Detail: https://www.lapor.go.id/laporan/detil/lampu-hias-202502160709311739664571562
2026-04-01 13:37:35,843 [INFO]       v ID=8645911 | Lampu Hias | Infrastruktur Jalan
2026-04-01 13:37:39,203 [INFO]    Detail: https://www.lapor.go.id/laporan/detil/parkir-sepeda-motor-memenuhi-bahu-jalan-di-sebelah-utara-rsud-singaraja-202502170728541739752134600
2026-04-01 13:37:47,220 [INFO]       v ID=8647636 | Parkir Sepeda Motor Memenuhi Bahu Jalan Di Se | Ketertiban Umum
2026-04-01 13:37:50,667 [INFO]    Detail: https://www.lapor.go.id/laporan/detil/aspirasi---kendala-pengajuan-sip-pada-aplikasi-mpp-digital-202502190810461739927446998
2026-04-01 13:38:03,439 [INFO]       v ID=8655936 | Aspirasi - Kendala Pengajuan SIP Pada Aplikas | None
2026-04-01 13:38:06,032 [INFO]    Detail: https://www.lapor.go.id/laporan/detil/penyuluhan-hukum-202502190838031739929083308
2026-04-01 13:38:14,724 [INFO]       v ID=8656076 | PENYULUHAN HUKUM | None
2026-04-01 13:38:18,602 [INFO]    Detail: https://www.lapor.go.id/laporan/detil/lampu-pju-mati-202502200943101740019390971
2026-04-01 13:38:27,137 [INFO]       v ID=8661561 | Lampu Pju Mati | Penerangan Jalan
2026-04-01 13:38:30,160 [INFO]    Detail: https://www.lapor.go.id/laporan/detil/kendala-log-in-di-satu-sehat-202502201335141740033314573
2026-04-01 13:38:39,466 [INFO]       v ID=8663716 | Kendala log in di Satu Sehat | None
2026-04-01 13:38:42,006 [INFO]    Detail: https://www.lapor.go.id/laporan/detil/konfirmasi-mekanisme-penyaluran-bantuan-202502201546061740041166319
2026-04-01 13:38:49,297 [INFO]       v ID=8664331 | Konfirmasi Mekanisme Penyaluran Bantuan | None
2026-04-01 13:38:53,007 [INFO]    Detail: https://www.lapor.go.id/laporan/detil/bantuan-rtlh-di-desa-pagerbarang-202502201558001740041880988
2026-04-01 13:39:01,449 [INFO]       v ID=8664366 | Bantuan RTLH di Desa Pagerbarang | None
2026-04-01 13:39:03,971 [INFO]    Detail: https://www.lapor.go.id/laporan/detil/air-pdam-yang-keruh-berlumpur-dan-jarang-mengalir-202502240931121740364272159
2026-04-01 13:39:11,226 [INFO]       v ID=8664771 | Air Pdam Yang Keruh, Berlumpur Dan Jarang Men | Lainnya terkait Layanan Air Minum
2026-04-01 13:39:13,610 [INFO]    Total terkumpul sejauh ini: 1535 laporan

2026-04-01 13:39:16,434 [INFO] ── Halaman 155: https://www.lapor.go.id/kisah-sukses?page=155
2026-04-01 13:39:39,914 [INFO]    -> 10 laporan ditemukan
2026-04-01 13:39:39,916 [INFO]    Detail: https://www.lapor.go.id/laporan/detil/informasi-bimtek-202502241346571740379617168
2026-04-01 13:39:48,526 [INFO]       v ID=8674641 | Informasi BIMTEK | None
2026-04-01 13:39:50,900 [INFO]    Detail: https://www.lapor.go.id/laporan/detil/tanggul-jebol-202502251158381740459518495
2026-04-01 13:39:58,557 [INFO]       v ID=8677996 | Tanggul Jebol | Lainnya terkait Infrastruktur Pendukung
2026-04-01 13:40:01,326 [INFO]    Detail: https://www.lapor.go.id/laporan/detil/permohonan-bantuan-rehab-rtlh-rumah-tidak-layak-huni--202502261123291740543809843
2026-04-01 13:40:14,670 [INFO]       v ID=8683546 | Permohonan Bantuan Rehab RTLH (Rumah Tidak La | None
2026-04-01 13:40:16,774 [INFO]    Detail: https://www.lapor.go.id/laporan/detil/permohonan-bantuan-pengawasan-mbg-di-kupang-nusa-tenggara-timur-202502261516141740557774470
2026-04-01 13:40:27,935 [INFO]       v ID=8685501 | Permohonan Bantuan Pengawasan Mbg Di Kupang,  | Lainnya terkait Kesehatan
2026-04-01 13:40:30,532 [INFO]    Detail: https://www.lapor.go.id/laporan/detil/pengaduan---waktu-pelayanan-202502261531361740558696023
2026-04-01 13:40:39,590 [INFO]       v ID=8685611 | Pengaduan - Waktu Pelayanan | None
2026-04-01 13:40:42,355 [INFO]    Detail: https://www.lapor.go.id/laporan/detil/pengaduan---perilaku-pelaksana-202502261537361740559056652
2026-04-01 13:40:51,389 [INFO]       v ID=8685666 | Pengaduan - Perilaku Pelaksana | None
2026-04-01 13:40:53,841 [INFO]    Detail: https://www.lapor.go.id/laporan/detil/keluhan-pelayanan-di-bpn-kab-pesawaran-202502270554041740610444362
2026-04-01 13:41:02,096 [INFO]       v ID=8688351 | Keluhan Pelayanan Di Bpn Kab. Pesawaran | Pertanahan
2026-04-01 13:41:05,262 [INFO]    Detail: https://www.lapor.go.id/laporan/detil/bekas-galian-pipa-pdam-tidak-ditutup-kembali-202502271511281740643888951
2026-04-01 13:41:15,102 [INFO]       v ID=8691996 | Bekas Galian Pipa Pdam Tidak Ditutup Kembali | Layanan Air Minum
2026-04-01 13:41:18,411 [INFO]    Detail: https://www.lapor.go.id/laporan/detil/bantuan-rumah-roboh-karena-lapuk-202502271523511740644631808
2026-04-01 13:41:24,337 [INFO]       v ID=8692086 | Bantuan Rumah Roboh Karena Lapuk | None
2026-04-01 13:41:27,341 [INFO]    Detail: https://www.lapor.go.id/laporan/detil/rekrutmen-tfl-202502271527551740644875730
2026-04-01 13:41:33,093 [INFO]       v ID=8692106 | Rekrutmen TFL | None
2026-04-01 13:41:37,094 [INFO]    Total terkumpul sejauh ini: 1545 laporan

2026-04-01 13:41:39,435 [INFO] ── Halaman 156: https://www.lapor.go.id/kisah-sukses?page=156
2026-04-01 13:42:02,011 [INFO]    -> 10 laporan ditemukan
2026-04-01 13:42:02,011 [INFO]    Detail: https://www.lapor.go.id/laporan/detil/registrasi-ptk-baru-sekolah-swasta-dipersulit-202502271922181740658938092
2026-04-01 13:42:17,762 [INFO]       v ID=8693281 | Registrasi Ptk Baru Sekolah Swasta Dipersulit | Lainnya terkait Pendidikan Dasar dan Menengah
2026-04-01 13:42:20,961 [INFO]    Detail: https://www.lapor.go.id/laporan/detil/trotoar-rusak-kolong-tol-jl-raya-cipondoh-202503012043141740836594069
2026-04-01 13:42:31,625 [INFO]       v ID=8704716 | Trotoar Rusak Kolong Tol Jl. Raya Cipondoh | Trotoar
2026-04-01 13:42:34,043 [INFO]    Detail: https://www.lapor.go.id/laporan/detil/speaker-mesjid-besar-202503030056481740938208951
2026-04-01 13:42:41,685 [INFO]       v ID=8709826 | Speaker Mesjid Besar | Agama
2026-04-01 13:42:43,838 [INFO]    Detail: https://www.lapor.go.id/laporan/detil/warga-memiliki-kurang-lebih-5-ekor-monyet-202503030838111740965891883
2026-04-01 13:42:51,708 [INFO]       v ID=8710946 | Warga Memiliki Kurang Lebih 5 Ekor Monyet | Perlindungan Satwa
2026-04-01 13:42:53,913 [INFO]    Detail: https://www.lapor.go.id/laporan/detil/permintaan-informasi-bantuan-rtlh-202503040823171741051397070
2026-04-01 13:43:01,717 [INFO]       v ID=8718171 | Permintaan Informasi Bantuan RTLH | None
2026-04-01 13:43:05,470 [INFO]    Detail: https://www.lapor.go.id/laporan/detil/pupr-dlhk-angkut-60-ton-sampah-di-sungai-cikaranggelam-202503040955491741056949962
2026-04-01 13:43:16,225 [INFO]       v ID=8719006 | Pupr-Dlhk Angkut 60 Ton Sampah Di Sungai Cika | Pencemaran Lingkungan
2026-04-01 13:43:18,412 [INFO]    Detail: https://www.lapor.go.id/laporan/detil/tadarusan-tiap-pagi-pake-toa-202503041012091741057929395
2026-04-01 13:43:24,821 [INFO]       v ID=8719151 | Tadarusan Tiap Pagi Pake Toa | Agama
2026-04-01 13:43:28,734 [INFO]    Detail: https://www.lapor.go.id/laporan/detil/jalan-rusak-202503061330491741242649657
2026-04-01 13:43:34,624 [INFO]       v ID=8722591 | Jalan Rusak | Jalan Berlubang
2026-04-01 13:43:38,528 [INFO]    Detail: https://www.lapor.go.id/laporan/detil/aspirasi---oss-penambahan-kbli-202503050921001741141260403
2026-04-01 13:43:45,898 [INFO]       v ID=8723381 | Aspirasi - OSS Penambahan KBLI | None
2026-04-01 13:43:48,094 [INFO]    Detail: https://www.lapor.go.id/laporan/detil/aspirasi---pengajuan-pirt-pangan-industri-rumah-tangga--202503050940571741142457590
2026-04-01 13:44:18,119 [WARNING] Timeout attempt 1/3: https://www.lapor.go.id/laporan/detil/aspirasi---pengajuan-pirt-pangan-industri-rumah-tangga--202503050940571741142457590
2026-04-01 13:44:54,565 [INFO]       v ID=8723456 | Aspirasi - Pengajuan PIRT (Pangan Industri Ru | None
2026-04-01 13:44:57,626 [INFO]    Total terkumpul sejauh ini: 1555 laporan

2026-04-01 13:45:00,166 [INFO] ── Halaman 157: https://www.lapor.go.id/kisah-sukses?page=157
2026-04-01 13:45:30,171 [WARNING] Timeout attempt 1/3: https://www.lapor.go.id/kisah-sukses?page=157
2026-04-01 13:46:08,214 [WARNING] Timeout attempt 2/3: https://www.lapor.go.id/kisah-sukses?page=157
2026-04-01 13:46:37,048 [INFO]    -> 10 laporan ditemukan
2026-04-01 13:46:37,048 [INFO]    Detail: https://www.lapor.go.id/laporan/detil/aspirasi---pendaftaran-nib-202503050947001741142820123
2026-04-01 13:46:43,479 [INFO]       v ID=8723496 | Aspirasi - Pendaftaran NIB | None
2026-04-01 13:46:47,351 [INFO]    Detail: https://www.lapor.go.id/laporan/detil/aspirasi---pengajuan-sitr-202503050952561741143176113
2026-04-01 13:46:55,541 [INFO]       v ID=8723546 | Aspirasi - Pengajuan SITR | None
2026-04-01 13:46:58,869 [INFO]    Detail: https://www.lapor.go.id/laporan/detil/pendaftaran-bpjs-jalur-pbi-apbd-202503081152121741409532085
2026-04-01 13:47:06,562 [INFO]       v ID=8734701 | Pendaftaran BPJS jalur PBI-APBD | None
2026-04-01 13:47:09,767 [INFO]    Detail: https://www.lapor.go.id/laporan/detil/warung-remang-beroperasi-dibulan-ramadhan-202503101335531741588553755
2026-04-01 13:47:15,991 [INFO]       v ID=8738546 | Warung Remang Beroperasi Dibulan Ramadhan | Ketertiban Umum
2026-04-01 13:47:18,777 [INFO]    Detail: https://www.lapor.go.id/laporan/detil/permintaan-informasi-terkait-kinerja-tenaga-ahli-daya-yang-disediakan-oleh-penyedia-202503110912091741659129525
2026-04-01 13:47:24,228 [INFO]       v ID=8746941 | Permintaan Informasi Terkait Kinerja Tenaga A | Topik Lainnya
2026-04-01 13:47:28,261 [INFO]    Detail: https://www.lapor.go.id/laporan/detil/konten-indonesia-raya-3-stanza-202503111052241741665144837
2026-04-01 13:47:33,842 [INFO]       v ID=8748526 | Konten Indonesia Raya 3 Stanza | Kebudayaan
2026-04-01 13:47:37,830 [INFO]    Detail: https://www.lapor.go.id/laporan/detil/tidak-ada-tanggung-jawab-pihak-pengembang-perumahan-kebun-kembang-asri-desa-sarimulya-kec-kotabaru-202503111055171741665317683
2026-04-01 13:47:43,681 [INFO]       v ID=8748561 | Tidak Ada Tanggung Jawab Pihak Pengembang Per | Banjir
2026-04-01 13:47:45,763 [INFO]    Detail: https://www.lapor.go.id/laporan/detil/jalan-rusak-202503111848281741693708873
2026-04-01 13:47:52,910 [INFO]       v ID=8751546 | Jalan Rusak | Infrastruktur Jalan
2026-04-01 13:47:55,855 [INFO]    Detail: https://www.lapor.go.id/laporan/detil/penutup-gorong2-202503111851551741693915879
2026-04-01 13:48:02,310 [INFO]       v ID=8751566 | Penutup Gorong2 | Lainnya terkait Infrastruktur Jalan
2026-04-01 13:48:05,501 [INFO]    Detail: https://www.lapor.go.id/laporan/detil/permohonan-progam-pip-smk-202503120118421741717122239
2026-04-01 13:48:12,052 [INFO]       v ID=8753246 | Permohonan Progam Pip Smk | Kartu Indonesia Pintar/KIP
2026-04-01 13:48:14,704 [INFO]    Total terkumpul sejauh ini: 1565 laporan

2026-04-01 13:48:18,627 [INFO] ── Halaman 158: https://www.lapor.go.id/kisah-sukses?page=158
2026-04-01 13:48:40,738 [INFO]    -> 10 laporan ditemukan
2026-04-01 13:48:40,738 [INFO]    Detail: https://www.lapor.go.id/laporan/detil/minim-nya-pju-202503140846151741916775764
2026-04-01 13:48:48,398 [INFO]       v ID=8753541 | Minim Nya Pju | Penerangan Jalan
2026-04-01 13:48:51,841 [INFO]    Detail: https://www.lapor.go.id/laporan/detil/aspirasi---pengurusan-pbg-persetujuan-bangunan-gedung--202503120932351741746755527
2026-04-01 13:48:57,826 [INFO]       v ID=8754871 | Aspirasi - Pengurusan PBG (Persetujuan Bangun | None
2026-04-01 13:49:01,649 [INFO]    Detail: https://www.lapor.go.id/laporan/detil/aspirasi---pengurusan-pkkpr-untuk-yayasan-202503120941451741747305340
2026-04-01 13:49:07,147 [INFO]       v ID=8754976 | Aspirasi - Pengurusan PKKPR  Untuk Yayasan | None
2026-04-01 13:49:10,918 [INFO]    Detail: https://www.lapor.go.id/laporan/detil/aspirasi---perubahan-data-pada-oss-202503120954131741748053519
2026-04-01 13:49:17,421 [INFO]       v ID=8755086 | Aspirasi - Perubahan Data Pada OSS | None
2026-04-01 13:49:20,112 [INFO]    Detail: https://www.lapor.go.id/laporan/detil/drainase-202503140846561741916816016
2026-04-01 13:49:26,292 [INFO]       v ID=8769976 | Drainase | Drainase (Gorong-Gorong/Parit)
2026-04-01 13:49:28,630 [INFO]    Detail: https://www.lapor.go.id/laporan/detil/kegaduhan-yangh-ditimbulkan-dari-suara-petasan-202503140906191741917979836
2026-04-01 13:49:35,606 [INFO]       v ID=8770181 | Kegaduhan yangh ditimbulkan dari suara petasa | Lainnya terkait Ketenteraman, Ketertiban Umum, dan Pelindungan Masyarakat
2026-04-01 13:49:38,749 [INFO]    Detail: https://www.lapor.go.id/laporan/detil/ganti-foto-ktp-el-202503140933201741919600990
2026-04-01 13:49:44,410 [INFO]       v ID=8770551 | Ganti Foto Ktp El | KTP (Kartu Tanda Penduduk)
2026-04-01 13:49:47,027 [INFO]    Detail: https://www.lapor.go.id/laporan/detil/permintaan-informasi-202503141147561741927676057
2026-04-01 13:49:54,052 [INFO]       v ID=8771941 | Permintaan Informasi | Administrasi Kependudukan dan Pencatatan Sipil
2026-04-01 13:49:57,723 [INFO]    Detail: https://www.lapor.go.id/laporan/detil/etika-admin-disdukcapil-kab-bekasi-202503150928571742005737685
2026-04-01 13:50:07,156 [INFO]       v ID=8777481 | Etika Admin Disdukcapil Kab. Bekasi | Administrasi Kependudukan dan Pencatatan Sipil
2026-04-01 13:50:09,538 [INFO]    Detail: https://www.lapor.go.id/laporan/detil/penanganan-kasus-pidana-yang-tidak-sesuai-prosedur-202503171404101742195050577
2026-04-01 13:50:18,222 [INFO]       v ID=8780606 | Penanganan Kasus Pidana Yang Tidak Sesuai Pro | Lainnya terkait Kepolisian
2026-04-01 13:50:21,836 [INFO]    Total terkumpul sejauh ini: 1575 laporan

2026-04-01 13:50:23,946 [INFO] ── Halaman 159: https://www.lapor.go.id/kisah-sukses?page=159
2026-04-01 13:50:44,954 [INFO]    -> 10 laporan ditemukan
2026-04-01 13:50:44,954 [INFO]    Detail: https://www.lapor.go.id/laporan/detil/sampah-belum-di-angkut-202503161039381742096378060
2026-04-01 13:50:51,756 [INFO]       v ID=8782916 | Sampah Belum Di Angkut | Pencemaran Lingkungan
2026-04-01 13:50:55,614 [INFO]    Detail: https://www.lapor.go.id/laporan/detil/proyek-galian-cevi-tank-mengatasnamakan-proyek-pdam-202503170955511742180151322
2026-04-01 13:51:01,435 [INFO]       v ID=8787811 | Proyek Galian...  Cevi Tank..  Mengatasnamaka | Lainnya terkait Infrastruktur Pendukung
2026-04-01 13:51:04,375 [INFO]    Detail: https://www.lapor.go.id/laporan/detil/penjualan-obat-di-klinik-yang-disegel-202503171150401742187040813
2026-04-01 13:51:11,367 [INFO]       v ID=8788796 | Penjualan obat di klinik yang disegel | None
2026-04-01 13:51:13,777 [INFO]    Detail: https://www.lapor.go.id/laporan/detil/tidak-ada-lampu-rambu-lalu-lintas-di-perempatan-alfamart-selokerto-202503171936011742214961381
2026-04-01 13:51:19,817 [INFO]       v ID=8790841 | Tidak Ada Lampu Rambu Lalu Lintas Di Perempat | Infrastruktur Jalan
2026-04-01 13:51:23,259 [INFO]    Detail: https://www.lapor.go.id/laporan/detil/perbaikan-jalan-202503180906251742263585379
2026-04-01 13:51:29,069 [INFO]       v ID=8792546 | Perbaikan Jalan | Infrastruktur Jalan
2026-04-01 13:51:31,337 [INFO]    Detail: https://www.lapor.go.id/laporan/detil/digitalisasi-pada-website-mpp-kota-magelang-kurang-berfungsi-202503181103491742270629026
2026-04-01 13:51:36,967 [INFO]       v ID=8793216 | Digitalisasi Pada Website Mpp Kota Magelang K | Topik Lainnya
2026-04-01 13:51:39,575 [INFO]    Detail: https://www.lapor.go.id/laporan/detil/aspirasi---izin-pengusahaan-air-tanah-sipa--202503190851541742349114924
2026-04-01 13:51:48,745 [INFO]       v ID=8796881 | Aspirasi - Izin Pengusahaan Air Tanah (SIPA) | None
2026-04-01 13:51:52,340 [INFO]    Detail: https://www.lapor.go.id/laporan/detil/aspirasi---masa-berlaku-str-202503190908071742350087859
2026-04-01 13:52:01,033 [INFO]       v ID=8796971 | Aspirasi - Masa Berlaku STR | None
2026-04-01 13:52:03,864 [INFO]    Detail: https://www.lapor.go.id/laporan/detil/pengaduan-kerusakan-jalan-10-februari-2025--202503191430461742369446933
2026-04-01 13:52:22,454 [INFO]       v ID=8798951 | Pengaduan Kerusakan Jalan(10 FEBRUARI 2025) | None
2026-04-01 13:52:25,420 [INFO]    Detail: https://www.lapor.go.id/laporan/detil/jalan-berlubang-202503201348551742453335558
2026-04-01 13:52:35,097 [INFO]       v ID=8802951 | Jalan Berlubang | Infrastruktur Jalan
2026-04-01 13:52:38,830 [INFO]    Total terkumpul sejauh ini: 1585 laporan

2026-04-01 13:52:42,107 [INFO] ── Halaman 160: https://www.lapor.go.id/kisah-sukses?page=160
2026-04-01 13:53:03,515 [INFO]    -> 10 laporan ditemukan
2026-04-01 13:53:03,515 [INFO]    Detail: https://www.lapor.go.id/laporan/detil/pembangunan-pos-rt-yang-tidak-sesuai-site-plan-developer-202503201546531742460413950
2026-04-01 13:53:11,685 [INFO]       v ID=8803561 | Pembangunan Pos Rt Yang Tidak Sesuai Site Pla | Lainnya terkait Pekerjaan Umum dan Penataan Ruang
2026-04-01 13:53:14,215 [INFO]    Detail: https://www.lapor.go.id/laporan/detil/laporan-kerusakan-dermaga-19-februari-2025--202503201552591742460779874
2026-04-01 13:53:21,412 [INFO]       v ID=8803591 | Laporan Kerusakan dermaga (19 Februari 2025) | None
2026-04-01 13:53:25,337 [INFO]    Detail: https://www.lapor.go.id/laporan/detil/kerusakan-lampu-11-maret-2025--202503241028351742786915121
2026-04-01 13:53:34,829 [INFO]       v ID=8816366 | Kerusakan Lampu ( 11 Maret 2025) | None
2026-04-01 13:53:37,113 [INFO]    Detail: https://www.lapor.go.id/laporan/detil/konsultasi-data-202503241151291742791889419
2026-04-01 13:53:44,244 [INFO]       v ID=8817046 | Konsultasi Data | None
2026-04-01 13:53:47,786 [INFO]    Detail: https://www.lapor.go.id/laporan/detil/konsultasi-terkait-penelitian-tesis-202503241250481742795448480
2026-04-01 13:53:54,592 [INFO]       v ID=8817476 | Konsultasi terkait penelitian tesis | None
2026-04-01 13:53:58,205 [INFO]    Detail: https://www.lapor.go.id/laporan/detil/konsultasi-data-202503241251561742795516328
2026-04-01 13:54:07,797 [INFO]       v ID=8817481 | Konsultasi Data | None
2026-04-01 13:54:11,448 [INFO]    Detail: https://www.lapor.go.id/laporan/detil/insfrastruktur-perumahan-sadjati-yang-belum-beres-202503250754401742864080450
2026-04-01 13:54:17,651 [INFO]       v ID=8820701 | Insfrastruktur Perumahan Sadjati Yang Belum B | Perlindungan Konsumen terkait Perumahan
2026-04-01 13:54:20,448 [INFO]    Detail: https://www.lapor.go.id/laporan/detil/insfrastruktur-perumahan-sadjati-yang-belum-beres-202503250754401742864080451
2026-04-01 13:54:27,989 [INFO]       v ID=8820706 | Insfrastruktur Perumahan Sadjati Yang Belum B | Perlindungan Konsumen terkait Perumahan
2026-04-01 13:54:31,255 [INFO]    Detail: https://www.lapor.go.id/laporan/detil/permintaan-data-terkait-persentase-rumah-tangga-dengan-akses-air-minum-layak-di-provinsi-kalimantan-utara-2024-202503251314131742883253289
2026-04-01 13:54:39,337 [INFO]       v ID=8822826 | Permintaan Data terkait persentase rumah tang | None
2026-04-01 13:54:42,955 [INFO]    Detail: https://www.lapor.go.id/laporan/detil/permintaan-data-terkait-rls-hls-dan-uhh-kab-kota-se-provinsi-kalimantan-utara-202503261034071742960047963
2026-04-01 13:54:50,362 [INFO]       v ID=8826181 | Permintaan Data terkait RLS, HLS, dan UHH Kab | None
2026-04-01 13:54:54,043 [INFO]    Total terkumpul sejauh ini: 1595 laporan

2026-04-01 13:54:57,556 [INFO] ── Halaman 161: https://www.lapor.go.id/kisah-sukses?page=161
2026-04-01 13:55:18,192 [INFO]    -> 10 laporan ditemukan
2026-04-01 13:55:18,192 [INFO]    Detail: https://www.lapor.go.id/laporan/detil/permintaan-data-terkait-tingkat-pengguran-terbuka-dan-tingkat-partisipasi-angkatan-kerja-2024-di-kabupaten-tana-tidung-202503261311111742969471864
2026-04-01 13:55:25,012 [INFO]       v ID=8827106 | Permintaan data terkait Tingkat  Pengguran Te | None
2026-04-01 13:55:27,210 [INFO]    Detail: https://www.lapor.go.id/laporan/detil/permintaan-data-terkait-ipm-dan-penduduk-miskin-kabupaten-tana-tidung-tahun-2024-202503261315221742969722044
2026-04-01 13:55:34,445 [INFO]       v ID=8827121 | Permintaan data terkait IPM dan penduduk misk | None
2026-04-01 13:55:36,873 [INFO]    Detail: https://www.lapor.go.id/laporan/detil/tindak-lanjut-rekrutmen-mitra-kepka-2025-202503261408441742972924175
2026-04-01 13:55:42,229 [INFO]       v ID=8827506 | Tindak Lanjut Rekrutmen Mitra Kepka 2025 | None
2026-04-01 13:55:44,828 [INFO]    Detail: https://www.lapor.go.id/laporan/detil/aspirasi---pengajuan-sip-surat-izin-praktek-kedua-202503270832581743039178791
2026-04-01 13:55:50,696 [INFO]       v ID=8830111 | Aspirasi - Pengajuan SIP (Surat Izin Praktek) | None
2026-04-01 13:55:54,425 [INFO]    Detail: https://www.lapor.go.id/laporan/detil/aspirasi---prosedur-pergantian-cv-ke-pt-202503270847001743040020734
2026-04-01 13:56:00,443 [INFO]       v ID=8830146 | Aspirasi - Prosedur Pergantian CV ke PT | None
2026-04-01 13:56:04,245 [INFO]    Detail: https://www.lapor.go.id/laporan/detil/aspirasi---perubahan-ahu-202503270900441743040844511
2026-04-01 13:56:10,582 [INFO]       v ID=8830211 | Aspirasi - Perubahan AHU | None
2026-04-01 13:56:13,691 [INFO]    Detail: https://www.lapor.go.id/laporan/detil/jalan-yang-rusak-parah-akibat-longsor-di-kecamatan-pagentan-202503271410331743059433726
2026-04-01 13:56:35,929 [INFO]       v ID=8831646 | Jalan Yang Rusak Parah Akibat Longsor Di Keca | Lainnya terkait Perhubungan
2026-04-01 13:56:39,692 [INFO]    Detail: https://www.lapor.go.id/laporan/detil/krisis-sampah-di-tpa-degayu-kota-pekalongan-dan-pengalokasian-anggaran-yang-dipertanyakan-202503281035141743132914818
2026-04-01 13:56:48,007 [INFO]       v ID=8834101 | Krisis Sampah Di Tpa Degayu Kota Pekalongan D | Pencemaran Lingkungan
2026-04-01 13:56:51,351 [INFO]    Detail: https://www.lapor.go.id/laporan/detil/jalan-rusak-di-rt-04-rw-02-kelurahan-wakah-kecamatan-ngrambe-kabupaten-ngawi-202503311957061743425826908
2026-04-01 13:56:57,461 [INFO]       v ID=8840931 | Jalan Rusak Di Rt. 04 Rw. 02, Kelurahan Wakah | Infrastruktur Jalan
2026-04-01 13:57:00,549 [INFO]    Detail: https://www.lapor.go.id/laporan/detil/nik-tidak-bisa-dipakai-untuk-daftar-202504051214531743830093736
2026-04-01 13:57:08,666 [INFO]       v ID=8851166 | Nik Tidak Bisa Dipakai Untuk Daftar | Aplikasi Perizinan
2026-04-01 13:57:12,145 [INFO]    Total terkumpul sejauh ini: 1605 laporan

2026-04-01 13:57:16,003 [INFO] ── Halaman 162: https://www.lapor.go.id/kisah-sukses?page=162
2026-04-01 13:57:39,831 [INFO]    -> 10 laporan ditemukan
2026-04-01 13:57:39,831 [INFO]    Detail: https://www.lapor.go.id/laporan/detil/benerin-jalan-batutulis-bogor-202504051247581743832078481
2026-04-01 13:57:48,825 [INFO]       v ID=8851216 | Benerin Jalan Batutulis Bogor | Lainnya terkait Perhubungan
2026-04-01 13:57:52,836 [INFO]    Detail: https://www.lapor.go.id/laporan/detil/sepedahanyu---permintaan-penebangan-pemangkasan-pohon-rimbun-202504052133511743863631335
2026-04-01 13:58:02,728 [INFO]       v ID=8852236 | Sepedahanyu - Permintaan penebangan/pemangkas | None
2026-04-01 13:58:06,108 [INFO]    Detail: https://www.lapor.go.id/laporan/detil/tarif-parkir-202504101104091744257849371
2026-04-01 13:58:13,526 [INFO]       v ID=8852906 | Tarif Parkir | Lainnya terkait Perhubungan
2026-04-01 13:58:16,162 [INFO]    Detail: https://www.lapor.go.id/laporan/detil/jalan-berlubang-202504070943101743993790093
2026-04-01 13:58:26,088 [INFO]       v ID=8855221 | Jalan Berlubang | Lainnya terkait Pembangunan Desa, Daerah Tertinggal, dan Transmigrasi
2026-04-01 13:58:29,797 [INFO]    Detail: https://www.lapor.go.id/laporan/detil/kebisingan-di-atas-jam-22-00-202504072230151744039815405
2026-04-01 13:58:38,284 [INFO]       v ID=8857211 | Kebisingan Di Atas Jam 22.00 | Ketertiban Umum
2026-04-01 13:58:41,750 [INFO]    Detail: https://www.lapor.go.id/laporan/detil/berapa-het-pupuk-subsidi-dan-satu-paket-pupuk-subsidi-mendapatkan-jenis-pupuk-apa-saja--202504072232021744039922854
2026-04-01 13:58:47,803 [INFO]       v ID=8857221 | Berapa Het Pupuk Subsidi Dan Satu Paket Pupuk | Pupuk
2026-04-01 13:58:51,817 [INFO]    Detail: https://www.lapor.go.id/laporan/detil/bansos-bpnt-belum-cair-202504081025101744082710507
2026-04-01 13:59:00,471 [INFO]       v ID=8858546 | Bansos Bpnt Belum Cair | Bantuan Sosial
2026-04-01 13:59:02,568 [INFO]    Detail: https://www.lapor.go.id/laporan/detil/parkir-rs-keluar-masuk-berkali2-bayar-terus-202504081132381744086758442
2026-04-01 13:59:11,932 [INFO]       v ID=8858911 | Parkir RS Keluar masuk berkali2 bayar terus | Lainnya terkait Pelayanan Kesehatan
2026-04-01 13:59:14,214 [INFO]    Detail: https://www.lapor.go.id/laporan/detil/penyaluran-air-pt-air-minum-bersujud-tidak-lancar-mati-terus-202504110846251744335985518
2026-04-01 13:59:21,110 [INFO]       v ID=8859176 | Penyaluran Air Pt. Air Minum Bersujud Tidak L | Gangguan Layanan Penyaluran Air
2026-04-01 13:59:23,862 [INFO]    Detail: https://www.lapor.go.id/laporan/detil/gaji-di-tahan-202504081241511744090911156
2026-04-01 13:59:31,934 [INFO]       v ID=8859211 | Gaji Di Tahan | Gaji/Upah tidak dibayarkan
2026-04-01 13:59:34,045 [INFO]    Total terkumpul sejauh ini: 1615 laporan

2026-04-01 13:59:37,575 [INFO] ── Halaman 163: https://www.lapor.go.id/kisah-sukses?page=163
2026-04-01 14:00:01,032 [INFO]    -> 10 laporan ditemukan
2026-04-01 14:00:01,034 [INFO]    Detail: https://www.lapor.go.id/laporan/detil/kurangnya-penerangan-jalan-dan-tidak-adanya-pagar-pengaman-di-tepi-jembatan-di-dusungedowo-rt-01-rw-13-rejosari-kecamatan-bandongan-202504081728131744108093941
2026-04-01 14:00:10,840 [INFO]       v ID=8860726 | Kurangnya Penerangan Jalan Dan Tidak Adanya P | Infrastruktur Jalan
2026-04-01 14:00:13,780 [INFO]    Detail: https://www.lapor.go.id/laporan/detil/jalan-berlubang-202504090819481744161588812
2026-04-01 14:00:20,588 [INFO]       v ID=8862261 | Jalan Berlubang | Infrastruktur Jalan
2026-04-01 14:00:23,252 [INFO]    Detail: https://www.lapor.go.id/laporan/detil/penutup-gorong2-202504090829531744162193252
2026-04-01 14:00:32,293 [INFO]       v ID=8862306 | Penutup Gorong2 | Drainase (Gorong-Gorong/Parit)
2026-04-01 14:00:34,542 [INFO]    Detail: https://www.lapor.go.id/laporan/detil/izin-penutupan-jalan-desa-buat-hajatan-202504090920111744165211759
2026-04-01 14:00:43,077 [INFO]       v ID=8862661 | Izin Penutupan Jalan Desa Buat Hajatan | Lainnya terkait Ketenteraman, Ketertiban Umum, dan Pelindungan Masyarakat
2026-04-01 14:00:46,648 [INFO]    Detail: https://www.lapor.go.id/laporan/detil/lampu-jalan-202504091426561744183616931
2026-04-01 14:00:57,354 [INFO]       v ID=8864536 | Lampu  Jalan | Lainnya terkait Infrastruktur Jalan
2026-04-01 14:01:00,096 [INFO]    Detail: https://www.lapor.go.id/laporan/detil/informasi-magang-202504091537291744187849917
2026-04-01 14:01:08,047 [INFO]       v ID=8864936 | Informasi Magang | None
2026-04-01 14:01:11,156 [INFO]    Detail: https://www.lapor.go.id/laporan/detil/aspirasi---langkah-langkah-setelah-pengaktifan-surat-izin-praktek-202504100827551744248475102
2026-04-01 14:01:22,784 [INFO]       v ID=8867241 | Aspirasi - Langkah langkah Setelah Pengaktifa | None
2026-04-01 14:01:26,151 [INFO]    Detail: https://www.lapor.go.id/laporan/detil/aspirasi---pendaftaran-nib-202504100835371744248937279
2026-04-01 14:01:37,048 [INFO]       v ID=8867311 | Aspirasi - Pendaftaran NIB | None
2026-04-01 14:01:40,820 [INFO]    Detail: https://www.lapor.go.id/laporan/detil/aspirasi---status-verifikasi-tata-ruang-tidak-sesuai-202504100847411744249661741
2026-04-01 14:01:51,328 [INFO]       v ID=8867396 | Aspirasi - Status Verifikasi Tata Ruang Tidak | None
2026-04-01 14:01:53,641 [INFO]    Detail: https://www.lapor.go.id/laporan/detil/aspirasi---pengajuan-sip-202504100855141744250114765
2026-04-01 14:02:01,770 [INFO]       v ID=8867481 | Aspirasi - Pengajuan SIP | None
2026-04-01 14:02:05,529 [INFO]    Total terkumpul sejauh ini: 1625 laporan

2026-04-01 14:02:08,085 [INFO] ── Halaman 164: https://www.lapor.go.id/kisah-sukses?page=164
2026-04-01 14:02:31,702 [INFO]    -> 10 laporan ditemukan
2026-04-01 14:02:31,703 [INFO]    Detail: https://www.lapor.go.id/laporan/detil/lampu-penerangan-jalan-202504102014551744290895773
2026-04-01 14:02:40,892 [INFO]       v ID=8871191 | Lampu Penerangan Jalan | Penerangan Jalan
2026-04-01 14:02:43,909 [INFO]    Detail: https://www.lapor.go.id/laporan/detil/pecah-kk-untuk-keperluan-pribadi-202504110148591744310939025
2026-04-01 14:02:50,222 [INFO]       v ID=8872031 | Pecah Kk Untuk Keperluan Pribadi | Administrasi Kependudukan dan Pencatatan Sipil
2026-04-01 14:02:53,900 [INFO]    Detail: https://www.lapor.go.id/laporan/detil/sampah-menumpuk-berserakan-di-jalanan-202504110941581744339318892
2026-04-01 14:03:01,748 [INFO]       v ID=8873296 | Sampah Menumpuk Berserakan Di Jalanan | Pencemaran Lingkungan
2026-04-01 14:03:04,732 [INFO]    Detail: https://www.lapor.go.id/laporan/detil/pembegalan-yang-mengakibatkan-luka-luka-202504111029141744342154881
2026-04-01 14:03:13,754 [INFO]       v ID=8873691 | Pembegalan Yang Mengakibatkan Luka-Luka | Penerangan Jalan
2026-04-01 14:03:17,761 [INFO]    Detail: https://www.lapor.go.id/laporan/detil/lampu-penerangan-jalan-202504111037581744342678484
2026-04-01 14:03:23,527 [INFO]       v ID=8873781 | Lampu Penerangan Jalan | Penerangan Jalan
2026-04-01 14:03:26,048 [INFO]    Detail: https://www.lapor.go.id/laporan/detil/pelayanan-yang-tidak-ramah-202504111339341744353574830
2026-04-01 14:03:34,540 [INFO]       v ID=8874616 | Pelayanan Yang Tidak Ramah | SP4N-LAPOR!
2026-04-01 14:03:37,981 [INFO]    Detail: https://www.lapor.go.id/laporan/detil/jalan-rusak-dan-minim-penerangan-di-dusun-karang-rejo-kedungsari-bandongan-202504111806011744369561877
2026-04-01 14:03:45,451 [INFO]       v ID=8875641 | Jalan Rusak Dan Minim Penerangan Di Dusun Kar | Jalan Berlubang
2026-04-01 14:03:48,071 [INFO]    Detail: https://www.lapor.go.id/laporan/detil/air-pdam-tidak-keluar-jam-5-sd-9-202504132148051744555685717
2026-04-01 14:03:54,361 [INFO]       v ID=8882016 | Air Pdam Tidak Keluar Jam 5 Sd 9 | Layanan Air Minum
2026-04-01 14:03:58,326 [INFO]    Detail: https://www.lapor.go.id/laporan/detil/pungli-ditempat-wisata-202504140639181744587558277
2026-04-01 14:04:05,322 [INFO]       v ID=8882681 | Pungli Ditempat Wisata | Pungutan Liar
2026-04-01 14:04:08,510 [INFO]    Detail: https://www.lapor.go.id/laporan/detil/pengaduan-pkl-alun-alun-sd-ditotrunan-202504140948221744598902262
2026-04-01 14:04:19,229 [INFO]       v ID=8883281 | Pengaduan Pkl Alun-Alun Sd Ditotrunan | Lainnya terkait Ketenteraman, Ketertiban Umum, dan Pelindungan Masyarakat
2026-04-01 14:04:21,314 [INFO]    Total terkumpul sejauh ini: 1635 laporan

2026-04-01 14:04:24,762 [INFO] ── Halaman 165: https://www.lapor.go.id/kisah-sukses?page=165
2026-04-01 14:04:54,809 [WARNING] Timeout attempt 1/3: https://www.lapor.go.id/kisah-sukses?page=165
2026-04-01 14:05:08,084 [WARNING] Attempt 2/3 gagal (https://www.lapor.go.id/kisah-sukses?page=165): HTTPSConnectionPool(host='www.lapor.go.id', port=443): Max retries exceeded with url: /kisah-sukses?page=165 (Caused by NameResolutionError("<urllib3.connection.HTTPSConnection object at 0x000001DD45397D10>: Failed to resolve 'www.lapor.go.id' ([Errno 11001] getaddrinfo failed)"))
2026-04-01 14:05:16,095 [WARNING] Attempt 3/3 gagal (https://www.lapor.go.id/kisah-sukses?page=165): HTTPSConnectionPool(host='www.lapor.go.id', port=443): Max retries exceeded with url: /kisah-sukses?page=165 (Caused by NameResolutionError("<urllib3.connection.HTTPSConnection object at 0x000001DD455EC530>: Failed to resolve 'www.lapor.go.id' ([Errno 11001] getaddrinfo failed)"))
2026-04-01 14:05:28,096 [ERROR] Semua percobaan gagal: https://www.lapor.go.id/kisah-sukses?page=165
2026-04-01 14:05:28,096 [WARNING] Gagal fetch halaman list. Coba lagi dalam 10 detik...
2026-04-01 14:05:38,099 [INFO] ── Halaman 165: https://www.lapor.go.id/kisah-sukses?page=165
2026-04-01 14:05:38,111 [WARNING] Attempt 1/3 gagal (https://www.lapor.go.id/kisah-sukses?page=165): HTTPSConnectionPool(host='www.lapor.go.id', port=443): Max retries exceeded with url: /kisah-sukses?page=165 (Caused by NameResolutionError("<urllib3.connection.HTTPSConnection object at 0x000001DD453941A0>: Failed to resolve 'www.lapor.go.id' ([Errno 11001] getaddrinfo failed)"))
2026-04-01 14:05:42,118 [WARNING] Attempt 2/3 gagal (https://www.lapor.go.id/kisah-sukses?page=165): HTTPSConnectionPool(host='www.lapor.go.id', port=443): Max retries exceeded with url: /kisah-sukses?page=165 (Caused by NameResolutionError("<urllib3.connection.HTTPSConnection object at 0x000001DD45395D60>: Failed to resolve 'www.lapor.go.id' ([Errno 11001] getaddrinfo failed)"))
2026-04-01 14:05:50,120 [WARNING] Attempt 3/3 gagal (https://www.lapor.go.id/kisah-sukses?page=165): HTTPSConnectionPool(host='www.lapor.go.id', port=443): Max retries exceeded with url: /kisah-sukses?page=165 (Caused by NameResolutionError("<urllib3.connection.HTTPSConnection object at 0x000001DD45394EF0>: Failed to resolve 'www.lapor.go.id' ([Errno 11001] getaddrinfo failed)"))
2026-04-01 14:06:02,129 [ERROR] Semua percobaan gagal: https://www.lapor.go.id/kisah-sukses?page=165
2026-04-01 14:06:02,140 [WARNING] Gagal fetch halaman list. Coba lagi dalam 10 detik...
2026-04-01 14:06:12,154 [INFO] ── Halaman 165: https://www.lapor.go.id/kisah-sukses?page=165
2026-04-01 14:06:12,156 [WARNING] Attempt 1/3 gagal (https://www.lapor.go.id/kisah-sukses?page=165): HTTPSConnectionPool(host='www.lapor.go.id', port=443): Max retries exceeded with url: /kisah-sukses?page=165 (Caused by NameResolutionError("<urllib3.connection.HTTPSConnection object at 0x000001DD45395250>: Failed to resolve 'www.lapor.go.id' ([Errno 11001] getaddrinfo failed)"))
2026-04-01 14:06:16,174 [WARNING] Attempt 2/3 gagal (https://www.lapor.go.id/kisah-sukses?page=165): HTTPSConnectionPool(host='www.lapor.go.id', port=443): Max retries exceeded with url: /kisah-sukses?page=165 (Caused by NameResolutionError("<urllib3.connection.HTTPSConnection object at 0x000001DD45395700>: Failed to resolve 'www.lapor.go.id' ([Errno 11001] getaddrinfo failed)"))
2026-04-01 14:06:24,183 [WARNING] Attempt 3/3 gagal (https://www.lapor.go.id/kisah-sukses?page=165): HTTPSConnectionPool(host='www.lapor.go.id', port=443): Max retries exceeded with url: /kisah-sukses?page=165 (Caused by NameResolutionError("<urllib3.connection.HTTPSConnection object at 0x000001DD45396780>: Failed to resolve 'www.lapor.go.id' ([Errno 11001] getaddrinfo failed)"))
2026-04-01 14:06:36,185 [ERROR] Semua percobaan gagal: https://www.lapor.go.id/kisah-sukses?page=165
2026-04-01 14:06:36,185 [WARNING] Gagal fetch halaman list. Coba lagi dalam 10 detik...
2026-04-01 14:06:46,186 [INFO] ── Halaman 165: https://www.lapor.go.id/kisah-sukses?page=165
2026-04-01 14:07:09,298 [INFO]    -> 10 laporan ditemukan
2026-04-01 14:07:09,298 [INFO]    Detail: https://www.lapor.go.id/laporan/detil/pengaduan-penertiban-baner-202504140948221744598902366
2026-04-01 14:07:16,057 [INFO]       v ID=8883286 | Pengaduan Penertiban Baner | Lainnya terkait Ketenteraman, Ketertiban Umum, dan Pelindungan Masyarakat
2026-04-01 14:07:19,119 [INFO]    Detail: https://www.lapor.go.id/laporan/detil/pengaduan-petani-yang-tidak-diperbolehkan-masuk-fasilitas-umum-perum-bumi-mantoro-202504140948221744598902464
2026-04-01 14:07:25,764 [INFO]       v ID=8883291 | Pengaduan  Petani Yang Tidak Diperbolehkan Ma | Lainnya terkait Ketenteraman, Ketertiban Umum, dan Pelindungan Masyarakat
2026-04-01 14:07:29,152 [INFO]    Detail: https://www.lapor.go.id/laporan/detil/pengaduan-pengemis-di-simpang-lima-202504140948221744598902561
2026-04-01 14:07:37,138 [INFO]       v ID=8883296 | Pengaduan Pengemis Di Simpang Lima | Lainnya terkait Ketenteraman, Ketertiban Umum, dan Pelindungan Masyarakat
2026-04-01 14:07:40,824 [INFO]    Detail: https://www.lapor.go.id/laporan/detil/pengaduan-pkl-di-depan-rsud-dr-haryoto-202504140948221744598902664
2026-04-01 14:07:47,889 [INFO]       v ID=8883301 | Pengaduan Pkl Di Depan Rsud Dr Haryoto | Lainnya terkait Ketenteraman, Ketertiban Umum, dan Pelindungan Masyarakat
2026-04-01 14:07:51,898 [INFO]    Detail: https://www.lapor.go.id/laporan/detil/pengaduan-tambah-pasir-urug-ilegal-202504140948221744598902758
2026-04-01 14:07:58,775 [INFO]       v ID=8883306 | Pengaduan Tambah Pasir Urug Ilegal | Lainnya terkait Ketenteraman, Ketertiban Umum, dan Pelindungan Masyarakat
2026-04-01 14:08:02,175 [INFO]    Detail: https://www.lapor.go.id/laporan/detil/pengaduan-odgj-202504140948221744598902856
2026-04-01 14:08:09,209 [INFO]       v ID=8883311 | Pengaduan Odgj | Lainnya terkait Ketenteraman, Ketertiban Umum, dan Pelindungan Masyarakat
2026-04-01 14:08:12,814 [INFO]    Detail: https://www.lapor.go.id/laporan/detil/pengaduan-pengemis-di-simpang-limas-202504140948231744598903044
2026-04-01 14:08:20,458 [INFO]       v ID=8883316 | Pengaduan Pengemis Di Simpang Limas | Lainnya terkait Ketenteraman, Ketertiban Umum, dan Pelindungan Masyarakat
2026-04-01 14:08:23,944 [INFO]    Detail: https://www.lapor.go.id/laporan/detil/pengaduan-pkl-di-jls-202504140948231744598903140
2026-04-01 14:08:30,707 [INFO]       v ID=8883321 | Pengaduan Pkl Di Jls | Lainnya terkait Ketenteraman, Ketertiban Umum, dan Pelindungan Masyarakat
2026-04-01 14:08:34,247 [INFO]    Detail: https://www.lapor.go.id/laporan/detil/pengaduan-odgj-202504140948231744598903234
2026-04-01 14:08:41,855 [INFO]       v ID=8883326 | Pengaduan Odgj | Lainnya terkait Ketenteraman, Ketertiban Umum, dan Pelindungan Masyarakat
2026-04-01 14:08:44,351 [INFO]    Detail: https://www.lapor.go.id/laporan/detil/pengaduan-keramain-caf--202504140948231744598903336
2026-04-01 14:08:51,504 [INFO]       v ID=8883331 | Pengaduan Keramain Café | Lainnya terkait Ketenteraman, Ketertiban Umum, dan Pelindungan Masyarakat
2026-04-01 14:08:55,151 [INFO]    Total terkumpul sejauh ini: 1645 laporan

2026-04-01 14:08:57,804 [INFO] ── Halaman 166: https://www.lapor.go.id/kisah-sukses?page=166
2026-04-01 14:09:27,094 [INFO]    -> 10 laporan ditemukan
2026-04-01 14:09:27,094 [INFO]    Detail: https://www.lapor.go.id/laporan/detil/pengaduan-tambang-pasir-202504140948231744598903440
2026-04-01 14:09:34,079 [INFO]       v ID=8883336 | Pengaduan Tambang Pasir | Lainnya terkait Ketenteraman, Ketertiban Umum, dan Pelindungan Masyarakat
2026-04-01 14:09:37,253 [INFO]    Detail: https://www.lapor.go.id/laporan/detil/pengaduan-budidaya-bebek-202504140948231744598903463
2026-04-01 14:09:44,511 [INFO]       v ID=8883341 | Pengaduan Budidaya Bebek | Lainnya terkait Ketenteraman, Ketertiban Umum, dan Pelindungan Masyarakat
2026-04-01 14:09:48,109 [INFO]    Detail: https://www.lapor.go.id/laporan/detil/pengaduan-terkait-bau-menyengat-dari-toko-pembuatan-jersey-202504140948231744598903661
2026-04-01 14:09:55,785 [INFO]       v ID=8883351 | Pengaduan Terkait Bau Menyengat Dari Toko Pem | Pencemaran Lingkungan
2026-04-01 14:09:58,431 [INFO]    Detail: https://www.lapor.go.id/laporan/detil/pengaduan-papan-reklame-neon-box-di-luar-batas-pemasangan-202504140948231744598903765
2026-04-01 14:10:06,228 [INFO]       v ID=8883356 | Pengaduan Papan Reklame Neon Box Di Luar Bata | Lainnya terkait Ketenteraman, Ketertiban Umum, dan Pelindungan Masyarakat
2026-04-01 14:10:09,129 [INFO]    Detail: https://www.lapor.go.id/laporan/detil/pengaduan-orang-tidak-sadarkan-diri-di-depan-bakor-202504140948231744598903865
2026-04-01 14:10:16,786 [INFO]       v ID=8883361 | Pengaduan Orang Tidak Sadarkan Diri Di Depan  | Lainnya terkait Ketenteraman, Ketertiban Umum, dan Pelindungan Masyarakat
2026-04-01 14:10:19,249 [INFO]    Detail: https://www.lapor.go.id/laporan/detil/pengaduan-odgj-yang-meresahkan-pemilik-toko-202504140948231744598903960
2026-04-01 14:10:29,594 [INFO]       v ID=8883366 | Pengaduan Odgj Yang Meresahkan Pemilik Toko | Lainnya terkait Ketenteraman, Ketertiban Umum, dan Pelindungan Masyarakat
2026-04-01 14:10:32,791 [INFO]    Detail: https://www.lapor.go.id/laporan/detil/pengaduan-terkait-buang-sampah-di-sungai-bondoyudo-202504140948241744598904056
2026-04-01 14:10:40,123 [INFO]       v ID=8883371 | Pengaduan Terkait Buang Sampah Di Sungai Bond | Pencemaran Lingkungan
2026-04-01 14:10:43,976 [INFO]    Detail: https://www.lapor.go.id/laporan/detil/pengaduan-banner-yang-menutupi-petunjuk-arah-202504140948241744598904250
2026-04-01 14:10:52,723 [INFO]       v ID=8883381 | Pengaduan Banner Yang Menutupi Petunjuk Arah | Lainnya terkait Ketenteraman, Ketertiban Umum, dan Pelindungan Masyarakat
2026-04-01 14:10:56,106 [INFO]    Detail: https://www.lapor.go.id/laporan/detil/pengaduan-pemilik-pabrik-yang-belum-memiliki-izin-mendirikan-bangunan-202504140948241744598904346
2026-04-01 14:11:02,965 [INFO]       v ID=8883386 | Pengaduan Pemilik Pabrik Yang Belum Memiliki  | Pencemaran Lingkungan
2026-04-01 14:11:06,794 [INFO]    Detail: https://www.lapor.go.id/laporan/detil/pengaduan-odgj-di-lokasi-suwandak-tengah-sekitaran-toko-denin-klinik-bunda-elsa-202504140948241744598904444
2026-04-01 14:11:13,723 [INFO]       v ID=8883391 | Pengaduan Odgj Di Lokasi Suwandak Tengah Seki | Lainnya terkait Ketenteraman, Ketertiban Umum, dan Pelindungan Masyarakat
2026-04-01 14:11:17,150 [INFO]    Total terkumpul sejauh ini: 1655 laporan

2026-04-01 14:11:19,411 [INFO] ── Halaman 167: https://www.lapor.go.id/kisah-sukses?page=167
2026-04-01 14:11:41,196 [INFO]    -> 10 laporan ditemukan
2026-04-01 14:11:41,196 [INFO]    Detail: https://www.lapor.go.id/laporan/detil/pengaduan-adanya-tuna-wisma-yang-mangkal-di-teras-samping-mi-kota-sehingga-menimbulkan-bau-pesing-dan-mengganggu-kegiatan-para-murid-yang-menunggu-jemputan-orang-tuanya-202504140948241744598904627
2026-04-01 14:11:47,494 [INFO]       v ID=8883396 | Pengaduan Adanya Tuna Wisma Yang Mangkal Di T | Lainnya terkait Ketenteraman, Ketertiban Umum, dan Pelindungan Masyarakat
2026-04-01 14:11:50,345 [INFO]    Detail: https://www.lapor.go.id/laporan/detil/pengaduan-spanduk-liar-dan-melintang-di-wilayah-kota-202504140948241744598904724
2026-04-01 14:11:57,237 [INFO]       v ID=8883401 | Pengaduan Spanduk Liar Dan Melintang Di Wilay | Lainnya terkait Ketenteraman, Ketertiban Umum, dan Pelindungan Masyarakat
2026-04-01 14:12:00,709 [INFO]    Detail: https://www.lapor.go.id/laporan/detil/pengaduan-warga-desa-banjarwaru-terkait-adanya-yang-merusak-bendera-umbul-umbul-202504140948241744598904819
2026-04-01 14:12:09,928 [INFO]       v ID=8883406 | Pengaduan Warga Desa Banjarwaru Terkait Adany | Lainnya terkait Ketenteraman, Ketertiban Umum, dan Pelindungan Masyarakat
2026-04-01 14:12:12,612 [INFO]    Detail: https://www.lapor.go.id/laporan/detil/pengaduan-terkait-odgj-yang-mengganggu-masyarakat-202504140948241744598904917
2026-04-01 14:12:20,587 [INFO]       v ID=8883411 | Pengaduan Terkait Odgj Yang Mengganggu Masyar | Lainnya terkait Ketenteraman, Ketertiban Umum, dan Pelindungan Masyarakat
2026-04-01 14:12:22,956 [INFO]    Detail: https://www.lapor.go.id/laporan/detil/pengaduan-masyarakat-terkait-adanya-odgj-yang-meresahkan-di-alun-alun-202504140948251744598905032
2026-04-01 14:12:29,733 [INFO]       v ID=8883416 | Pengaduan Masyarakat Terkait Adanya Odgj Yang | Lainnya terkait Ketenteraman, Ketertiban Umum, dan Pelindungan Masyarakat
2026-04-01 14:12:32,677 [INFO]    Detail: https://www.lapor.go.id/laporan/detil/pengaduan-odgj-yang-mengamuk-dan-merusak-rumah-warga-sekitar-seruji-202504140948251744598905129
2026-04-01 14:12:39,101 [INFO]       v ID=8883421 | Pengaduan Odgj Yang Mengamuk Dan Merusak Ruma | Lainnya terkait Ketenteraman, Ketertiban Umum, dan Pelindungan Masyarakat
2026-04-01 14:12:41,511 [INFO]    Detail: https://www.lapor.go.id/laporan/detil/pengaduan-odgj-di-alun-alun-yang-sangat-mengganggu-pengunjung-202504140948251744598905312
2026-04-01 14:12:49,479 [INFO]       v ID=8883426 | Pengaduan Odgj Di Alun-Alun Yang Sangat Mengg | Lainnya terkait Ketenteraman, Ketertiban Umum, dan Pelindungan Masyarakat
2026-04-01 14:12:52,201 [INFO]    Detail: https://www.lapor.go.id/laporan/detil/pengaduan-odgj-202504140948251744598905406
2026-04-01 14:12:58,787 [INFO]       v ID=8883431 | Pengaduan Odgj | Lainnya terkait Ketenteraman, Ketertiban Umum, dan Pelindungan Masyarakat
2026-04-01 14:13:02,643 [INFO]    Detail: https://www.lapor.go.id/laporan/detil/pengaduan-pkl-di-depan-rumah-yang-meresahkan-pemilik-rumah-202504140948251744598905593
2026-04-01 14:13:10,136 [INFO]       v ID=8883436 | Pengaduan Pkl Di Depan Rumah Yang Meresahkan  | Lainnya terkait Ketenteraman, Ketertiban Umum, dan Pelindungan Masyarakat
2026-04-01 14:13:13,557 [INFO]    Detail: https://www.lapor.go.id/laporan/detil/pengaduan-terkiat-warung-yang-pemiliknya-meresahkan-warga-sekitarnya-202504140948251744598905693
2026-04-01 14:13:20,176 [INFO]       v ID=8883441 | Pengaduan Terkiat Warung  Yang Pemiliknya Mer | Lainnya terkait Ketenteraman, Ketertiban Umum, dan Pelindungan Masyarakat
2026-04-01 14:13:23,125 [INFO]    Total terkumpul sejauh ini: 1665 laporan

2026-04-01 14:13:26,419 [INFO] ── Halaman 168: https://www.lapor.go.id/kisah-sukses?page=168
2026-04-01 14:13:51,033 [INFO]    -> 10 laporan ditemukan
2026-04-01 14:13:51,033 [INFO]    Detail: https://www.lapor.go.id/laporan/detil/pengaduan-terkait-toko-baju-diperempatan-toga-yang-memutar-musik-dari-pagi---malam-202504140948251744598905787
2026-04-01 14:13:59,503 [INFO]       v ID=8883446 | Pengaduan Terkait Toko Baju Diperempatan Toga | Lainnya terkait Ketenteraman, Ketertiban Umum, dan Pelindungan Masyarakat
2026-04-01 14:14:02,726 [INFO]    Detail: https://www.lapor.go.id/laporan/detil/pengaduan-banner-yang-menutupi-petunjuk-arah-202504140948251744598905811
2026-04-01 14:14:09,937 [INFO]       v ID=8883451 | Pengaduan Banner Yang Menutupi Petunjuk Arah | Lainnya terkait Ketenteraman, Ketertiban Umum, dan Pelindungan Masyarakat
2026-04-01 14:14:13,479 [INFO]    Detail: https://www.lapor.go.id/laporan/detil/pengaduan-odgj-yang-meresahkan-warga-di-jalan-suwandak-202504140948251744598905910
2026-04-01 14:14:21,543 [INFO]       v ID=8883456 | Pengaduan Odgj Yang Meresahkan Warga Di Jalan | Lainnya terkait Ketenteraman, Ketertiban Umum, dan Pelindungan Masyarakat
2026-04-01 14:14:25,551 [INFO]    Detail: https://www.lapor.go.id/laporan/detil/pengaduan-terkait-amalan-penarik-jariyah-di-pertigaan-depan-makam-jogoyudan-202504140948261744598906047
2026-04-01 14:14:33,204 [INFO]       v ID=8883466 | Pengaduan Terkait Amalan/Penarik Jariyah Di P | Lainnya terkait Ketenteraman, Ketertiban Umum, dan Pelindungan Masyarakat
2026-04-01 14:14:37,001 [INFO]    Detail: https://www.lapor.go.id/laporan/detil/pengaduan-banner-yang-menutupi-petunjuk-arah-202504140948261744598906083
2026-04-01 14:14:43,646 [INFO]       v ID=8883471 | Pengaduan Banner Yang Menutupi Petunjuk Arah | Lainnya terkait Ketenteraman, Ketertiban Umum, dan Pelindungan Masyarakat
2026-04-01 14:14:47,295 [INFO]    Detail: https://www.lapor.go.id/laporan/detil/https-minselkab-go-id--202504141818281744629508140
2026-04-01 14:14:54,488 [INFO]       v ID=8886341 | Https://Minselkab.go.id/ | Informasi Terkait Aplikasi Pemerintah
2026-04-01 14:14:57,591 [INFO]    Detail: https://www.lapor.go.id/laporan/detil/kenapa-lampu-jalan-tidak-menyala-saat-malam--202504210758241745197104778
2026-04-01 14:15:05,254 [INFO]       v ID=8886876 | Kenapa Lampu Jalan Tidak Menyala Saat Malam? | Penerangan Jalan
2026-04-01 14:15:07,827 [INFO]    Detail: https://www.lapor.go.id/laporan/detil/lampu-pju-padam-202504151422021744701722056
2026-04-01 14:15:15,095 [INFO]       v ID=8887386 | Lampu Pju Padam | Penerangan Jalan
2026-04-01 14:15:18,269 [INFO]    Detail: https://www.lapor.go.id/laporan/detil/jalan-rusak-parah-di-jalan-bumiayu-kacepit-selopampang-temanggung-202504220302501745265770088
2026-04-01 14:15:24,208 [INFO]       v ID=8891356 | Jalan Rusak Parah Di Jalan Bumiayu Kacepit, S | Jalan Berlubang
2026-04-01 14:15:27,438 [INFO]    Detail: https://www.lapor.go.id/laporan/detil/tarif-parkir-202504220227471745263667969
2026-04-01 14:15:35,354 [INFO]       v ID=8891466 | Tarif Parkir | Lainnya terkait Perhubungan
2026-04-01 14:15:39,020 [INFO]    Total terkumpul sejauh ini: 1675 laporan

2026-04-01 14:15:41,616 [INFO] ── Halaman 169: https://www.lapor.go.id/kisah-sukses?page=169
2026-04-01 14:16:02,497 [INFO]    -> 10 laporan ditemukan
2026-04-01 14:16:02,497 [INFO]    Detail: https://www.lapor.go.id/laporan/detil/penggunaan-data-dalam-infografis-berjudul-jumlah-aparatur-sipil-negara-di-provinsi-gorontalo-tahun-2023--202504210503451745186625646
2026-04-01 14:16:10,788 [INFO]       v ID=8891886 | Penggunaan Data dalam Infografis berjudul "Ju | None
2026-04-01 14:16:14,126 [INFO]    Detail: https://www.lapor.go.id/laporan/detil/aspirasi---mencetak-sitr-sistem-informasi-tata-ruang--202504210932201745202740564
2026-04-01 14:16:19,592 [INFO]       v ID=8892106 | Aspirasi - Mencetak SITR (Sistem Informasi Ta | None
2026-04-01 14:16:22,502 [INFO]    Detail: https://www.lapor.go.id/laporan/detil/aspirasi---pengambilan-str-202504210954061745204046080
2026-04-01 14:16:29,223 [INFO]       v ID=8892156 | Aspirasi - Pengambilan STR | None
2026-04-01 14:16:32,781 [INFO]    Detail: https://www.lapor.go.id/laporan/detil/aspirasi---pembuatan-sitr-surat-ijin-tata-ruang--202504211002461745204566665
2026-04-01 14:16:38,628 [INFO]       v ID=8892221 | Aspirasi - Pembuatan SITR (Surat Ijin Tata Ru | None
2026-04-01 14:16:42,441 [INFO]    Detail: https://www.lapor.go.id/laporan/detil/aspirasi---pengajuan-sipb-surat-ijin-praktik-bidan-ahli-jenjang-202504211009411745204981961
2026-04-01 14:16:48,670 [INFO]       v ID=8892246 | Aspirasi - Pengajuan SIPB (Surat Ijin Praktik | None
2026-04-01 14:16:52,419 [INFO]    Detail: https://www.lapor.go.id/laporan/detil/jalanan-raya-tidak-diperbaiki-202504231333531745390033318
2026-04-01 14:16:58,918 [INFO]       v ID=8896516 | Jalanan Raya Tidak Diperbaiki | Jalan Berlubang
2026-04-01 14:17:02,165 [INFO]    Detail: https://www.lapor.go.id/laporan/detil/bikin-ktp-di-duscakpil-karawang-202504241434431745480083405
2026-04-01 14:17:08,339 [INFO]       v ID=8900621 | Bikin Ktp Di Duscakpil Karawang | Lainnya terkait Administrasi Kependudukan dan Pencatatan Sipil
2026-04-01 14:17:10,687 [INFO]    Detail: https://www.lapor.go.id/laporan/detil/drainnase-dan-gorong-gorong-yang-tak-kunjung-dibangun-dan-diperbaiki-202504241621191745486479917
2026-04-01 14:17:16,431 [INFO]       v ID=8901361 | Drainnase Dan Gorong Gorong Yang Tak Kunjung  | Drainase (Gorong-Gorong/Parit)
2026-04-01 14:17:20,046 [INFO]    Detail: https://www.lapor.go.id/laporan/detil/permohonan-informasi-kuliah-praktik-mahasiswa-di-bps-kabupaten-pringsewu-202504250948251745549305063
2026-04-01 14:17:26,181 [INFO]       v ID=8903286 | Permohonan Informasi Kuliah Praktik Mahasiswa | None
2026-04-01 14:17:28,287 [INFO]    Detail: https://www.lapor.go.id/laporan/detil/penawaran-fasilitas-penunjang-perjalanan-dinas-202504250953311745549611623
2026-04-01 14:17:34,205 [INFO]       v ID=8903341 | Penawaran Fasilitas Penunjang Perjalanan Dina | None
2026-04-01 14:17:37,226 [INFO]    Total terkumpul sejauh ini: 1685 laporan

2026-04-01 14:17:40,519 [INFO] ── Halaman 170: https://www.lapor.go.id/kisah-sukses?page=170
2026-04-01 14:18:01,709 [INFO]    -> 10 laporan ditemukan
2026-04-01 14:18:01,709 [INFO]    Detail: https://www.lapor.go.id/laporan/detil/-20-januari-2025-pengaduan-calon-mitra-statistik-bps-kabupaten-kaur-terkait-informasi-tahapan-seleksi-mitra-statistik-202504251109121745554152387
2026-04-01 14:18:10,332 [INFO]       v ID=8903631 | [20 Januari 2025] Pengaduan Calon Mitra Stati | None
2026-04-01 14:18:12,432 [INFO]    Detail: https://www.lapor.go.id/laporan/detil/cek-nik-202504281446111745826371918
2026-04-01 14:18:19,007 [INFO]       v ID=8912956 | Cek Nik | SP4N-LAPOR!
2026-04-01 14:18:22,543 [INFO]    Detail: https://www.lapor.go.id/laporan/detil/penahanan-ijazah-s1-teknik-sipil-di-pt-grant-surya-pondasi-karawang-timur-202504281518071745828287704
2026-04-01 14:18:29,640 [INFO]       v ID=8913216 | Penahanan Ijazah S1 Teknik Sipil Di Pt. Grant | Lainnya terkait Ketenagakerjaan
2026-04-01 14:18:32,428 [INFO]    Detail: https://www.lapor.go.id/laporan/detil/aspirasi---pengajuan-sipttk-surat-ijin-praktek-tenaga-teknis-kefarmasian--202504290758131745888293016
2026-04-01 14:18:38,354 [INFO]       v ID=8915201 | Aspirasi - Pengajuan SIPTTK (Surat Ijin Prakt | None
2026-04-01 14:18:40,762 [INFO]    Detail: https://www.lapor.go.id/laporan/detil/aspirasi---kendala-terkait-login-akun-oss-202504290808081745888888846
2026-04-01 14:18:46,954 [INFO]       v ID=8915266 | Aspirasi - Kendala Terkait Login Akun OSS | None
2026-04-01 14:18:49,045 [INFO]    Detail: https://www.lapor.go.id/laporan/detil/aspirasi---kendala-perpanjangan-sip-surat-ijin-praktek--202504290823291745889809754
2026-04-01 14:18:56,490 [INFO]       v ID=8915306 | Aspirasi - Kendala Perpanjangan SIP (Surat Ij | None
2026-04-01 14:18:58,740 [INFO]    Detail: https://www.lapor.go.id/laporan/detil/tertibkan-tukang-parkir-liar-202504291039081745897948729
2026-04-01 14:19:04,569 [INFO]       v ID=8916481 | Tertibkan Tukang Parkir Liar | Pungutan Liar
2026-04-01 14:19:06,690 [INFO]    Detail: https://www.lapor.go.id/laporan/detil/jalanan-berlumpur-juga-berlubang-202504291103041745899384166
2026-04-01 14:19:12,693 [INFO]       v ID=8916651 | Jalanan Berlumpur Juga Berlubang | Jalan Berlubang
2026-04-01 14:19:15,459 [INFO]    Detail: https://www.lapor.go.id/laporan/detil/permohonan-kunjungan-dari-pks-ke-bps-pesawaran-202504291106061745899566563
2026-04-01 14:19:22,877 [INFO]       v ID=8916696 | Permohonan Kunjungan dari PKS ke BPS Pesawara | None
2026-04-01 14:19:26,502 [INFO]    Detail: https://www.lapor.go.id/laporan/detil/sudah-tandatangan-kontrak-tapi-tidak-di-pekerjakan-202504291112411745899961920
2026-04-01 14:19:32,119 [INFO]       v ID=8916741 | Sudah Tandatangan Kontrak Tapi Tidak Di Peker | Hak Pekerja
2026-04-01 14:19:36,080 [INFO]    Total terkumpul sejauh ini: 1695 laporan

2026-04-01 14:19:38,988 [INFO] ── Halaman 171: https://www.lapor.go.id/kisah-sukses?page=171
2026-04-01 14:20:02,725 [INFO]    -> 10 laporan ditemukan
2026-04-01 14:20:02,726 [INFO]    Detail: https://www.lapor.go.id/laporan/detil/pelayanan-bpn-kantor-jakarta-timur-sangat-lambat-dan-tidak-profesional-202504291127291745900849847
2026-04-01 14:20:10,204 [INFO]       v ID=8916851 | Pelayanan Bpn Kantor Jakarta Timur Sangat Lam | Pertanahan
2026-04-01 14:20:12,850 [INFO]    Detail: https://www.lapor.go.id/laporan/detil/penumpukan-sampah-202504291400421745910042452
2026-04-01 14:20:19,314 [INFO]       v ID=8917666 | Penumpukan Sampah | Pencemaran Lingkungan
2026-04-01 14:20:23,307 [INFO]    Detail: https://www.lapor.go.id/laporan/detil/pelanggaran-202504291415071745910907719
2026-04-01 14:20:29,664 [INFO]       v ID=8917796 | Pelanggaran | Lainnya terkait Pendidikan Dasar dan Menengah
2026-04-01 14:20:31,821 [INFO]    Detail: https://www.lapor.go.id/laporan/detil/sekolah-hampir-ambruk-pernah-kejadian-malam-hari-plafon-runtuh-202504291433471745912027519
2026-04-01 14:20:37,764 [INFO]       v ID=8917906 | Sekolah Hampir Ambruk,Pernah Kejadian Malam H | Lainnya terkait Pendidikan Dasar dan Menengah
2026-04-01 14:20:40,672 [INFO]    Detail: https://www.lapor.go.id/laporan/detil/konsultasi-data-penduduk-202504300909341745978974049
2026-04-01 14:20:48,508 [INFO]       v ID=8920451 | Konsultasi Data Penduduk | None
2026-04-01 14:20:52,362 [INFO]    Detail: https://www.lapor.go.id/laporan/detil/konsultasi-terkait-penyusunan-rancangan-penanganan-kemiskinan-daerah-202504300931501745980310053
2026-04-01 14:20:58,860 [INFO]       v ID=8920671 | Konsultasi Terkait Penyusunan Rancangan Penan | None
2026-04-01 14:21:02,360 [INFO]    Detail: https://www.lapor.go.id/laporan/detil/tagihan-pdam-202504300951591745981519161
2026-04-01 14:21:09,200 [INFO]       v ID=8920916 | Tagihan Pdam | Biaya/Tarif PDAM
2026-04-01 14:21:11,503 [INFO]    Detail: https://www.lapor.go.id/laporan/detil/kerusakan-fasilitas-gudang-23-april-2025--202504301113451745986425551
2026-04-01 14:21:21,306 [INFO]       v ID=8921766 | Kerusakan Fasilitas Gudang (23 April 2025) | None
2026-04-01 14:21:23,424 [INFO]    Detail: https://www.lapor.go.id/laporan/detil/permintaan-data-202505021101101746158470646
2026-04-01 14:21:29,258 [INFO]       v ID=8928946 | Permintaan data | None
2026-04-01 14:21:32,028 [INFO]    Detail: https://www.lapor.go.id/laporan/detil/permintaan-data-ketenagakerjaan-tahun-2023-untuk-kebutuhan-laporan-januari-2024--202505021401341746169294020
2026-04-01 14:21:38,795 [INFO]       v ID=8929791 | Permintaan data ketenagakerjaan tahun 2023 un | None
2026-04-01 14:21:41,560 [INFO]    Total terkumpul sejauh ini: 1705 laporan

2026-04-01 14:21:44,927 [INFO] ── Halaman 172: https://www.lapor.go.id/kisah-sukses?page=172
2026-04-01 14:22:10,503 [INFO]    -> 10 laporan ditemukan
2026-04-01 14:22:10,503 [INFO]    Detail: https://www.lapor.go.id/laporan/detil/konsultasi-pembinaan-statistik-sektoral-untuk-penilaian-epss-juli-2024--202505021544481746175488215
2026-04-01 14:22:18,108 [INFO]       v ID=8930331 | Konsultasi Pembinaan Statistik Sektoral untuk | None
2026-04-01 14:22:21,594 [INFO]    Detail: https://www.lapor.go.id/laporan/detil/kekurangan-tenaga-pengajar-agama-kristen-di-desa-perkebunan-sei-lala-kabupaten-indragiri-dulu-202505021903081746187388989
2026-04-01 14:22:28,139 [INFO]       v ID=8930861 | Kekurangan Tenaga Pengajar Agama Kristen di D | Pendidikan Agama
2026-04-01 14:22:31,117 [INFO]    Detail: https://www.lapor.go.id/laporan/detil/keluhan-layanan-202505031046141746243974033
2026-04-01 14:22:36,537 [INFO]       v ID=8932341 | Keluhan layanan | None
2026-04-01 14:22:39,811 [INFO]    Detail: https://www.lapor.go.id/laporan/detil/banjir-yang-sudah-berlaku-2-bulan-lamanya-202505061024551746501895010
2026-04-01 14:22:47,085 [INFO]       v ID=8933066 | Banjir Yang Sudah Berlaku 2 Bulan Lamanya | Drainase (Gorong-Gorong/Parit)
2026-04-01 14:22:49,405 [INFO]    Detail: https://www.lapor.go.id/laporan/detil/jalan-rusak-202505041015141746328514589
2026-04-01 14:22:54,571 [INFO]       v ID=8934611 | Jalan Rusak | Infrastruktur Jalan
2026-04-01 14:22:57,502 [INFO]    Detail: https://www.lapor.go.id/laporan/detil/penipuan-tenaga-kerja-202505050903191746410599102
2026-04-01 14:23:04,937 [INFO]       v ID=8937041 | Penipuan Tenaga Kerja | Lainnya terkait Ketenagakerjaan
2026-04-01 14:23:08,174 [INFO]    Detail: https://www.lapor.go.id/laporan/detil/permasalahan-pengisian-skd-202505051648521746438532028
2026-04-01 14:23:15,479 [INFO]       v ID=8939925 | Permasalahan pengisian SKD | None
2026-04-01 14:23:17,977 [INFO]    Detail: https://www.lapor.go.id/laporan/detil/tempat-untuk-menaruh-payung-202505061309421746511782826
2026-04-01 14:23:25,079 [INFO]       v ID=8942545 | Tempat untuk menaruh payung | None
2026-04-01 14:23:28,064 [INFO]    Detail: https://www.lapor.go.id/laporan/detil/konsultasi-tanaman-pangan-202505071746231746614783318
2026-04-01 14:23:41,334 [INFO]       v ID=8947281 | Konsultasi Tanaman Pangan | None
2026-04-01 14:23:43,663 [INFO]    Detail: https://www.lapor.go.id/laporan/detil/konsultasi-statistik-tanaman-pangan-202505071748331746614913966
2026-04-01 14:23:52,855 [INFO]       v ID=8947293 | Konsultasi Statistik Tanaman Pangan | None
2026-04-01 14:23:56,665 [INFO]    Total terkumpul sejauh ini: 1715 laporan

2026-04-01 14:23:59,009 [INFO] ── Halaman 173: https://www.lapor.go.id/kisah-sukses?page=173
2026-04-01 14:24:22,717 [INFO]    -> 10 laporan ditemukan
2026-04-01 14:24:22,719 [INFO]    Detail: https://www.lapor.go.id/laporan/detil/-25-april-2024-permintaan-data-202505080704261746662666676
2026-04-01 14:24:27,785 [INFO]       v ID=8948405 | [25 April 2024] Permintaan Data | None
2026-04-01 14:24:31,378 [INFO]    Detail: https://www.lapor.go.id/laporan/detil/pembakaran-sampah-202505081048491746676129561
2026-04-01 14:24:37,709 [INFO]       v ID=8949393 | Pembakaran Sampah | Pencemaran Lingkungan
2026-04-01 14:24:39,978 [INFO]    Detail: https://www.lapor.go.id/laporan/detil/-1-november-2024-permintaan-data-202505081111431746677503744
2026-04-01 14:24:45,928 [INFO]       v ID=8949533 | [1 November 2024] Permintaan Data | None
2026-04-01 14:24:48,330 [INFO]    Detail: https://www.lapor.go.id/laporan/detil/data-umlah-penduduk-dan-jumlah-pemeluk-agama-islam-di-kabupaten-musi-rawas-dan-kabupaten-musi-rawas-utara-202505081115351746677735799
2026-04-01 14:24:54,703 [INFO]       v ID=8949569 | Data umlah penduduk dan jumlah pemeluk agama  | None
2026-04-01 14:24:58,241 [INFO]    Detail: https://www.lapor.go.id/laporan/detil/tanah-terus-tergerus-longsor-dan-mengancam-permukiman-warga-202505081341111746686471007
2026-04-01 14:25:04,646 [INFO]       v ID=8950093 | Tanah Terus Tergerus Longsor Dan Mengancam Pe | Longsor
2026-04-01 14:25:07,499 [INFO]    Detail: https://www.lapor.go.id/laporan/detil/pengajuan-bansos-202505081434411746689681674
2026-04-01 14:25:13,526 [INFO]       v ID=8950689 | Pengajuan Bansos | Bantuan Sosial
2026-04-01 14:25:16,797 [INFO]    Detail: https://www.lapor.go.id/laporan/detil/permintaan-data-202505081505481746691548334
2026-04-01 14:25:29,505 [INFO]       v ID=8950857 | Permintaan Data | Data peserta non-aktif
2026-04-01 14:25:33,352 [INFO]    Detail: https://www.lapor.go.id/laporan/detil/gagal-login-sobat-karena-lupa-password-202505081505481746691548354
2026-04-01 14:25:40,055 [INFO]       v ID=8950861 | Gagal login SOBAT karena lupa password | Topik Lainnya
2026-04-01 14:25:44,065 [INFO]    Detail: https://www.lapor.go.id/laporan/detil/izin-permohonan-magang-202505081507191746691639712
2026-04-01 14:25:50,493 [INFO]       v ID=8950865 | Izin Permohonan Magang | None
2026-04-01 14:25:52,807 [INFO]    Detail: https://www.lapor.go.id/laporan/detil/informasi-magang-di-bps-202505081554231746694463338
2026-04-01 14:26:00,877 [INFO]       v ID=8951069 | Informasi Magang di BPS | None
2026-04-01 14:26:03,897 [INFO]    Total terkumpul sejauh ini: 1725 laporan

2026-04-01 14:26:06,604 [INFO] ── Halaman 174: https://www.lapor.go.id/kisah-sukses?page=174
2026-04-01 14:26:28,968 [INFO]    -> 10 laporan ditemukan
2026-04-01 14:26:28,969 [INFO]    Detail: https://www.lapor.go.id/laporan/detil/kurangnya-penerbangan-jalan-202505112203321746975812353
2026-04-01 14:26:36,788 [INFO]       v ID=8951617 | Kurangnya Penerbangan Jalan | Penerangan Jalan
2026-04-01 14:26:40,447 [INFO]    Detail: https://www.lapor.go.id/laporan/detil/maladministrasi-olah-dinas-perhubungan-kubu-raya-202505112203501746975830472
2026-04-01 14:26:46,310 [INFO]       v ID=8951637 | Maladministrasi Olah Dinas Perhubungan Kubu R | Waktu Penanganan Pengaduan lama
2026-04-01 14:26:50,133 [INFO]    Detail: https://www.lapor.go.id/laporan/detil/konsultasi-selain-data-202505090830511746754251448
2026-04-01 14:26:59,837 [INFO]       v ID=8952593 | Konsultasi selain data | None
2026-04-01 14:27:03,208 [INFO]    Detail: https://www.lapor.go.id/laporan/detil/informasi-terkait-magang-202505090918501746757130943
2026-04-01 14:27:11,903 [INFO]       v ID=8952845 | informasi terkait magang | None
2026-04-01 14:27:15,826 [INFO]    Detail: https://www.lapor.go.id/laporan/detil/informasi-terkait-magang-di-bps-202505090932371746757957048
2026-04-01 14:27:22,974 [INFO]       v ID=8952921 | informasi terkait magang di bps | None
2026-04-01 14:27:26,977 [INFO]    Detail: https://www.lapor.go.id/laporan/detil/pencemaran-udara-dari-bangkai-ayam-untukpakan-lele-202505091012281746760348703
2026-04-01 14:27:34,242 [INFO]       v ID=8953105 | Pencemaran Udara Dari Bangkai Ayam Untukpakan | Pencemaran Lingkungan
2026-04-01 14:27:36,386 [INFO]    Detail: https://www.lapor.go.id/laporan/detil/permohonan-data-202505091018581746760738174
2026-04-01 14:27:44,786 [INFO]       v ID=8953137 | Permohonan Data | None
2026-04-01 14:27:47,812 [INFO]    Detail: https://www.lapor.go.id/laporan/detil/informasi-jadwal-rekrutmen-mitra-bps-kabupaten-kerirnci-202505091115421746764142024
2026-04-01 14:27:57,479 [INFO]       v ID=8953385 | Informasi jadwal rekrutmen mitra bps Kabupate | None
2026-04-01 14:27:59,936 [INFO]    Detail: https://www.lapor.go.id/laporan/detil/aspirasi---pencabutan-sip-02-mei-2025--202505091339551746772795886
2026-04-01 14:28:06,292 [INFO]       v ID=8953841 | Aspirasi - Pencabutan SIP (02 Mei 2025) | None
2026-04-01 14:28:10,150 [INFO]    Detail: https://www.lapor.go.id/laporan/detil/aspirasi---pengajuan-pendirian-apotek-baru-dan-pengajuan-surat-izin-praktik-02-mei-2025--202505091347341746773254741
2026-04-01 14:28:18,571 [INFO]       v ID=8953889 | Aspirasi - Pengajuan Pendirian Apotek Baru Da | None
2026-04-01 14:28:21,290 [INFO]    Total terkumpul sejauh ini: 1735 laporan

2026-04-01 14:28:23,470 [INFO] ── Halaman 175: https://www.lapor.go.id/kisah-sukses?page=175
2026-04-01 14:28:47,131 [INFO]    -> 10 laporan ditemukan
2026-04-01 14:28:47,133 [INFO]    Detail: https://www.lapor.go.id/laporan/detil/aspirasi---kendala-verifikasi-satusehat-sdmk-05-mei-2025--202505091358081746773888978
2026-04-01 14:28:54,525 [INFO]       v ID=8953941 | Aspirasi - Kendala Verifikasi SATUSEHAT SDMK  | None
2026-04-01 14:28:58,336 [INFO]    Detail: https://www.lapor.go.id/laporan/detil/aspirasi---pengajuan-ijin-praktik-07-mei-2025--202505091422371746775357056
2026-04-01 14:29:05,562 [INFO]       v ID=8954089 | Aspirasi - Pengajuan Ijin Praktik (07 Mei 202 | None
2026-04-01 14:29:07,862 [INFO]    Detail: https://www.lapor.go.id/laporan/detil/lambannya-penanganan-lampu-penerangan-yang-mati-202505091455271746777327826
2026-04-01 14:29:15,623 [INFO]       v ID=8954221 | Lambannya  Penanganan Lampu Penerangan Yang M | Penerangan Jalan
2026-04-01 14:29:18,844 [INFO]    Detail: https://www.lapor.go.id/laporan/detil/permohonan-informasi-jumlah-penduduk-tahun-2024-202505091547071746780427300
2026-04-01 14:29:28,728 [INFO]       v ID=8954449 | Permohonan Informasi Jumlah Penduduk Tahun 20 | None
2026-04-01 14:29:32,200 [INFO]    Detail: https://www.lapor.go.id/laporan/detil/kok-ada-parkir-di-depan-alfamart-202505111048051746935285161
2026-04-01 14:29:38,768 [INFO]       v ID=8956309 | Kok Ada Parkir Di Depan Alfamart | Ketertiban Umum
2026-04-01 14:29:41,719 [INFO]    Detail: https://www.lapor.go.id/laporan/detil/taman-pasirian-202505110239181746905958852
2026-04-01 14:29:48,178 [INFO]       v ID=8957949 | Taman Pasirian | Lainnya terkait Pekerjaan Umum dan Penataan Ruang
2026-04-01 14:29:51,936 [INFO]    Detail: https://www.lapor.go.id/laporan/detil/banjir-loa-janan-202505131357001747119420186
2026-04-01 14:29:57,705 [INFO]       v ID=8962361 | Banjir Loa Janan | Bansos Daerah
2026-04-01 14:30:00,123 [INFO]    Detail: https://www.lapor.go.id/laporan/detil/konsultasi-terkait-pengajuan-rekomendasi-statistik-202505140618361747178316739
2026-04-01 14:30:07,025 [INFO]       v ID=8963749 | Konsultasi terkait pengajuan rekomendasi stat | None
2026-04-01 14:30:10,567 [INFO]    Detail: https://www.lapor.go.id/laporan/detil/penerangan-jalan-gelap-lampu-tidak-menyala-202505140924551747189495010
2026-04-01 14:30:16,145 [INFO]       v ID=8964285 | Penerangan Jalan Gelap Lampu Tidak Menyala | Penerangan Jalan
2026-04-01 14:30:19,292 [INFO]    Detail: https://www.lapor.go.id/laporan/detil/penerangan-jalan-gelap-lampu-tidak-menyala-202505140933041747189984825
2026-04-01 14:30:25,881 [INFO]       v ID=8964329 | Penerangan Jalan Gelap Lampu Tidak Menyala | Penerangan Jalan
2026-04-01 14:30:28,493 [INFO]    Total terkumpul sejauh ini: 1745 laporan

2026-04-01 14:30:30,844 [INFO] ── Halaman 176: https://www.lapor.go.id/kisah-sukses?page=176
2026-04-01 14:30:51,995 [INFO]    -> 10 laporan ditemukan
2026-04-01 14:30:51,996 [INFO]    Detail: https://www.lapor.go.id/laporan/detil/permintaan-informasi-produksi-cabe-merah-20220--2025-di-kecamatan-lubuk-besar-202505141425431747207543202
2026-04-01 14:30:57,609 [INFO]       v ID=8965925 | Permintaan informasi Produksi cabe merah 2022 | None
2026-04-01 14:31:01,388 [INFO]    Detail: https://www.lapor.go.id/laporan/detil/permohonan-pengaktifan-kembali-pk-langganan-air-bersih-ditolak-tirtawening-karena-debit-air-kurang-202505182135301747578930770
2026-04-01 14:31:08,870 [INFO]       v ID=8967005 | Permohonan Pengaktifan Kembali (Pk) Langganan | Layanan Air Minum
2026-04-01 14:31:12,189 [INFO]    Detail: https://www.lapor.go.id/laporan/detil/-6-februari-2025-permintaan-informasi-data-pdrb-dari-dinas-ketenagakerjaan-202505151004271747278267394
2026-04-01 14:31:19,109 [INFO]       v ID=8968453 | [6 Februari 2025] Permintaan Informasi Data P | None
2026-04-01 14:31:21,386 [INFO]    Detail: https://www.lapor.go.id/laporan/detil/-14-februari-2025-permintaan-informasi-pengeluaran-konsumsi-rumah-tangga-per-kapita-rasio-pinjaman-terhadap-simpanan-di-bank-umum-dan-bpr-dan-permintaan-publikasi-kabupaten-bengkulu-selatan-dalam-angka-tahun-2023-202505151011151747278675191
2026-04-01 14:31:29,770 [INFO]       v ID=8968489 | [14 Februari 2025] Permintaan Informasi Penge | None
2026-04-01 14:31:32,268 [INFO]    Detail: https://www.lapor.go.id/laporan/detil/-21-maret-2025-permintaan-informasi-kbki-cv-khanza-mitra-event-202505151028481747279728143
2026-04-01 14:31:39,095 [INFO]       v ID=8968581 | [21 Maret 2025] Permintaan Informasi KBKI CV  | None
2026-04-01 14:31:41,539 [INFO]    Detail: https://www.lapor.go.id/laporan/detil/pembuatan-sip-dokter-spesialis-di-rsud-202505160808571747357737603
2026-04-01 14:31:47,166 [INFO]       v ID=8968805 | Pembuatan Sip Dokter Spesialis Di Rsud | Lainnya terkait Perizinan dan Pengawasan Layanan Kesehatan
2026-04-01 14:31:50,496 [INFO]    Detail: https://www.lapor.go.id/laporan/detil/-16-januari-2025-permintaan-informasi-jumlah-kelompok-umur-perempuan-dan-data-jumlah-kelahiran-berdasarkan-kelompok-umur-202505151112251747282345373
2026-04-01 14:31:57,000 [INFO]       v ID=8968813 | [16 Januari 2025] Permintaan Informasi Jumlah | None
2026-04-01 14:32:00,596 [INFO]    Detail: https://www.lapor.go.id/laporan/detil/-24-februari-2025-permintaan-informasi-kondisi-kesehatan-lansia-kabupaten-bengkulu-selatan-202505151139261747283966993
2026-04-01 14:32:08,595 [INFO]       v ID=8968957 | [24 Februari 2025] Permintaan Informasi  Kond | None
2026-04-01 14:32:11,145 [INFO]    Detail: https://www.lapor.go.id/laporan/detil/jalan-rusak-202505160008121747328892672
2026-04-01 14:32:18,808 [INFO]       v ID=8970853 | Jalan Rusak | Jalan Berlubang
2026-04-01 14:32:21,527 [INFO]    Detail: https://www.lapor.go.id/laporan/detil/konsultasi-data-pdrb-dan-angka-kemiskinan-kabupaten-luwu-timur-202505161027511747366071243
2026-04-01 14:32:28,955 [INFO]       v ID=8972089 | Konsultasi data PDRB dan angka kemiskinan Kab | None
2026-04-01 14:32:32,061 [INFO]    Total terkumpul sejauh ini: 1755 laporan

2026-04-01 14:32:35,103 [INFO] ── Halaman 177: https://www.lapor.go.id/kisah-sukses?page=177
2026-04-01 14:32:56,918 [INFO]    -> 10 laporan ditemukan
2026-04-01 14:32:56,919 [INFO]    Detail: https://www.lapor.go.id/laporan/detil/-31-januari-2024-permintaan-informasi-rekrutmen-mitra-bps-2024-202505161100521747368052944
2026-04-01 14:33:02,791 [INFO]       v ID=8972245 | [31 Januari 2024] Permintaan Informasi Rekrut | None
2026-04-01 14:33:05,101 [INFO]    Detail: https://www.lapor.go.id/laporan/detil/-2-juni-2024-permintaan-informasi-rekrutmen-mitra-bps-2024-202505161109201747368560853
2026-04-01 14:33:12,694 [INFO]       v ID=8972269 | [2 Juni 2024] Permintaan Informasi Rekrutmen  | None
2026-04-01 14:33:15,090 [INFO]    Detail: https://www.lapor.go.id/laporan/detil/aspirasi---revisi-pengajuan-sip-14-mei-2025--202505161345321747377932632
2026-04-01 14:33:20,876 [INFO]       v ID=8972657 | Aspirasi - Revisi Pengajuan SIP (14 Mei 2025) | None
2026-04-01 14:33:24,036 [INFO]    Detail: https://www.lapor.go.id/laporan/detil/aspirasi---panduan-pendaftaran-sitr-secara-online-15-mei-2025--202505161354061747378446975
2026-04-01 14:33:29,367 [INFO]       v ID=8972685 | Aspirasi - Panduan Pendaftaran SITR Secara On | None
2026-04-01 14:33:32,918 [INFO]    Detail: https://www.lapor.go.id/laporan/detil/konsultasi-data-inflasi-202505190704191747613059516
2026-04-01 14:33:41,042 [INFO]       v ID=8977721 | konsultasi data Inflasi | None
2026-04-01 14:33:43,750 [INFO]    Detail: https://www.lapor.go.id/laporan/detil/status-kelompok-tani-hutan-di-desa-malasari-202505190915541747620954045
2026-04-01 14:33:51,767 [INFO]       v ID=8978241 | Status Kelompok Tani Hutan Di Desa Malasari | REDD+
2026-04-01 14:33:54,650 [INFO]    Detail: https://www.lapor.go.id/laporan/detil/kecurangan-seleksi-pppk-guru-gelombang-1-di-kabupaten-purbalingga-202505190925431747621543899
2026-04-01 14:34:01,010 [INFO]       v ID=8978297 | Kecurangan Seleksi Pppk Guru Gelombang 1 Di K | Lainnya terkait Kepegawaian
2026-04-01 14:34:04,714 [INFO]    Detail: https://www.lapor.go.id/laporan/detil/informasi-perumahan-202505190930191747621819256
2026-04-01 14:34:10,533 [INFO]       v ID=8978325 | Informasi Perumahan | None
2026-04-01 14:34:12,982 [INFO]    Detail: https://www.lapor.go.id/laporan/detil/usulan-bantuan-rehab-rtlh-202505190944481747622688201
2026-04-01 14:34:18,933 [INFO]       v ID=8978441 | Usulan Bantuan Rehab RTLH | None
2026-04-01 14:34:21,406 [INFO]    Detail: https://www.lapor.go.id/laporan/detil/ajuan-bedah-kamar-202505191008331747624113150
2026-04-01 14:34:29,480 [INFO]       v ID=8978657 | AJUAN BEDAH KAMAR | None
2026-04-01 14:34:32,842 [INFO]    Total terkumpul sejauh ini: 1765 laporan

2026-04-01 14:34:36,761 [INFO] ── Halaman 178: https://www.lapor.go.id/kisah-sukses?page=178
2026-04-01 14:34:59,227 [INFO]    -> 10 laporan ditemukan
2026-04-01 14:34:59,228 [INFO]    Detail: https://www.lapor.go.id/laporan/detil/rekrutmen-tfl-202505191014251747624465955
2026-04-01 14:35:04,642 [INFO]       v ID=8978701 | Rekrutmen TFL | None
2026-04-01 14:35:07,124 [INFO]    Detail: https://www.lapor.go.id/laporan/detil/tempat-pembuangan-sampah-ganggu-sekolah-202505191041561747626116314
2026-04-01 14:35:13,101 [INFO]       v ID=8978921 | Tempat Pembuangan Sampah Ganggu Sekolah | Pencemaran Lingkungan
2026-04-01 14:35:16,173 [INFO]    Detail: https://www.lapor.go.id/laporan/detil/jalan-berlubang-202505191101421747627302878
2026-04-01 14:35:25,496 [INFO]       v ID=8979077 | Jalan Berlubang | Jalan Berlubang
2026-04-01 14:35:27,598 [INFO]    Detail: https://www.lapor.go.id/laporan/detil/bansos-yang-salah-sasaran-202505191446051747640765668
2026-04-01 14:35:33,381 [INFO]       v ID=8980581 | Bansos Yang Salah Sasaran | Bantuan Sosial
2026-04-01 14:35:36,922 [INFO]    Detail: https://www.lapor.go.id/laporan/detil/kerusakan-tiang-dermaga-14-mei-2015--202505191627351747646855039
2026-04-01 14:35:43,208 [INFO]       v ID=8981045 | Kerusakan Tiang Dermaga (14 Mei 2015) | None
2026-04-01 14:35:46,315 [INFO]    Detail: https://www.lapor.go.id/laporan/detil/pertanyaan-ketersediaan-data-202505200942421747708962230
2026-04-01 14:35:53,247 [INFO]       v ID=8982725 | Pertanyaan Ketersediaan Data | None
2026-04-01 14:35:55,807 [INFO]    Detail: https://www.lapor.go.id/laporan/detil/pertanyaan-ketersediaan-data-202505200957521747709872699
2026-04-01 14:36:01,747 [INFO]       v ID=8982833 | Pertanyaan Ketersediaan Data | None
2026-04-01 14:36:04,808 [INFO]    Detail: https://www.lapor.go.id/laporan/detil/pertanyaan-terkait-penggunaan-pdrb-adhk-dan-pdrb-adhb-202505201008271747710507373
2026-04-01 14:36:10,448 [INFO]       v ID=8982889 | Pertanyaan terkait penggunaan PDRB ADHK dan P | None
2026-04-01 14:36:13,287 [INFO]    Detail: https://www.lapor.go.id/laporan/detil/pertanyaan-terkait-kondisi-perekonomian-di-kabupaten-belitung-timur-202505201019031747711143152
2026-04-01 14:36:19,867 [INFO]       v ID=8982961 | Pertanyaan Terkait Kondisi Perekonomian di Ka | None
2026-04-01 14:36:23,588 [INFO]    Detail: https://www.lapor.go.id/laporan/detil/permintaan-informasi-mengenai-publikasi-belitung-timur-dalam-angka-2025-202505201022491747711369584
2026-04-01 14:36:29,503 [INFO]       v ID=8982965 | Permintaan informasi mengenai publikasi Belit | None
2026-04-01 14:36:32,815 [INFO]    Total terkumpul sejauh ini: 1775 laporan

2026-04-01 14:36:34,964 [INFO] ── Halaman 179: https://www.lapor.go.id/kisah-sukses?page=179
2026-04-01 14:36:55,725 [INFO]    -> 10 laporan ditemukan
2026-04-01 14:36:55,725 [INFO]    Detail: https://www.lapor.go.id/laporan/detil/permintaan-untuk-menganalisis-data-202505201035431747712143956
2026-04-01 14:37:01,650 [INFO]       v ID=8983017 | Permintaan untuk menganalisis data | None
2026-04-01 14:37:04,083 [INFO]    Detail: https://www.lapor.go.id/laporan/detil/permintaan-data-prediksi-pdrb-202505201051331747713093665
2026-04-01 14:37:11,076 [INFO]       v ID=8983121 | Permintaan Data Prediksi PDRB | None
2026-04-01 14:37:13,802 [INFO]    Detail: https://www.lapor.go.id/laporan/detil/mohon-bantuan-fasilitas-antar-jemput-dari-parkiran-ke-gedung-pelayanan-rspau-dr-s-hardjolukito-202505201126091747715169722
2026-04-01 14:37:19,175 [INFO]       v ID=8983345 | Mohon Bantuan Fasilitas Antar Jemput dari Par | None
2026-04-01 14:37:22,559 [INFO]    Detail: https://www.lapor.go.id/laporan/detil/permintaan-informasi-layanan-radiologi-202505201141131747716073487
2026-04-01 14:37:29,503 [INFO]       v ID=8983453 | Permintaan Informasi Layanan Radiologi | None
2026-04-01 14:37:32,517 [INFO]    Detail: https://www.lapor.go.id/laporan/detil/penahanan-ijazah-sekolah-menengah-pertama-202505201151281747716688826
2026-04-01 14:37:39,132 [INFO]       v ID=8983517 | Penahanan Ijazah Sekolah Menengah Pertama | Lainnya terkait Pendidikan Dasar dan Menengah
2026-04-01 14:37:42,439 [INFO]    Detail: https://www.lapor.go.id/laporan/detil/konsultasi-produktivitas-perikanan-202505201324511747722291792
2026-04-01 14:37:49,882 [INFO]       v ID=8983925 | Konsultasi Produktivitas Perikanan | None
2026-04-01 14:37:53,826 [INFO]    Detail: https://www.lapor.go.id/laporan/detil/imigrasi-padang-202505201824181747740258974
2026-04-01 14:37:59,829 [INFO]       v ID=8984969 | Imigrasi Padang | Paspor
2026-04-01 14:38:02,703 [INFO]    Detail: https://www.lapor.go.id/laporan/detil/konsultasi-ketersediaan-data-202505210720481747786848041
2026-04-01 14:38:08,620 [INFO]       v ID=8986061 | Konsultasi Ketersediaan Data | None
2026-04-01 14:38:11,559 [INFO]    Detail: https://www.lapor.go.id/laporan/detil/konsultasi-spmb-politeknik-statistika-stis-tahun-2025-202505210732201747787540793
2026-04-01 14:38:17,069 [INFO]       v ID=8986069 | Konsultasi SPMB Politeknik Statistika STIS Ta | None
2026-04-01 14:38:20,889 [INFO]    Detail: https://www.lapor.go.id/laporan/detil/penerbitan-sk-dari-kades-kepada-ketua-rw-tanpa-pemilihan-ulang-dan-melebihi-masa-jabatan-yang-berlaku-202505211122531747801373997
2026-04-01 14:38:27,565 [INFO]       v ID=8987133 | Penerbitan Sk Dari Kades Kepada Ketua Rw Tanp | Lainnya terkait Kependudukan
2026-04-01 14:38:30,094 [INFO]    Total terkumpul sejauh ini: 1785 laporan

2026-04-01 14:38:34,033 [INFO] ── Halaman 180: https://www.lapor.go.id/kisah-sukses?page=180
2026-04-01 14:38:56,767 [INFO]    -> 10 laporan ditemukan
2026-04-01 14:38:56,767 [INFO]    Detail: https://www.lapor.go.id/laporan/detil/pondok-pesantren-tetap-mengadakan-wisuda-dengan-nama-haflah-202505211311511747807911152
2026-04-01 14:39:03,204 [INFO]       v ID=8987505 | Pondok Pesantren Tetap Mengadakan Wisuda Deng | Lainnya terkait Pendidikan dan Kebudayaan
2026-04-01 14:39:06,301 [INFO]    Detail: https://www.lapor.go.id/laporan/detil/permintaan-informasi-terkait-lowongan-pekerjaan-di-bps-202505211501421747814502513
2026-04-01 14:39:14,264 [INFO]       v ID=8988121 | Permintaan informasi terkait lowongan pekerja | None
2026-04-01 14:39:17,211 [INFO]    Detail: https://www.lapor.go.id/laporan/detil/konsultasi-data-kependudukan---19-maret-2025-202505220924131747880653239
2026-04-01 14:39:23,178 [INFO]       v ID=8990057 | Konsultasi Data Kependudukan - 19 Maret 2025 | None
2026-04-01 14:39:25,487 [INFO]    Detail: https://www.lapor.go.id/laporan/detil/kuota-poly-jantung-d-rs-otista-202505221508211747901301364
2026-04-01 14:39:34,236 [INFO]       v ID=8991801 | Kuota Poly Jantung D Rs. Otista | Masalah Pelayanan Kesehatan
2026-04-01 14:39:36,508 [INFO]    Detail: https://www.lapor.go.id/laporan/detil/kerusakan-jalan-parah-202505222251271747929087559
2026-04-01 14:39:42,744 [INFO]       v ID=8992985 | Kerusakan Jalan Parah | Infrastruktur Jalan
2026-04-01 14:39:44,855 [INFO]    Detail: https://www.lapor.go.id/laporan/detil/permohonan-data-dan-konsultasi-statistik-202505230959121747969152906
2026-04-01 14:39:52,863 [INFO]       v ID=8994045 | Permohonan Data dan Konsultasi Statistik | None
2026-04-01 14:39:55,047 [INFO]    Detail: https://www.lapor.go.id/laporan/detil/permohonan-bantuan-anak-putus-sekolah-202505231015331747970133123
2026-04-01 14:40:01,896 [INFO]       v ID=8994125 | Permohonan Bantuan Anak Putus Sekolah | Bantuan Biaya Pendidikan
2026-04-01 14:40:04,307 [INFO]    Detail: https://www.lapor.go.id/laporan/detil/-23-mei-2025-permintaan-informasi-data-jiwa-setiap-kelurahan-di-bengkulu-selatan-202505231028181747970898831
2026-04-01 14:40:12,233 [INFO]       v ID=8994193 | [23 Mei 2025] Permintaan Informasi Data Jiwa  | None
2026-04-01 14:40:16,190 [INFO]    Detail: https://www.lapor.go.id/laporan/detil/permintaan-data-202505231055461747972546667
2026-04-01 14:40:22,363 [INFO]       v ID=8994321 | Permintaan Data | None
2026-04-01 14:40:24,524 [INFO]    Detail: https://www.lapor.go.id/laporan/detil/tidak-bisa-login-akun-sobat-202505231110161747973416349
2026-04-01 14:40:31,701 [INFO]       v ID=8994369 | Tidak bisa login akun SOBAT | None
2026-04-01 14:40:34,465 [INFO]    Total terkumpul sejauh ini: 1795 laporan

2026-04-01 14:40:37,127 [INFO] ── Halaman 181: https://www.lapor.go.id/kisah-sukses?page=181
2026-04-01 14:40:58,343 [INFO]    -> 10 laporan ditemukan
2026-04-01 14:40:58,343 [INFO]    Detail: https://www.lapor.go.id/laporan/detil/aspirasi-kenyamanan-ruangan-202505231124201747974260088
2026-04-01 14:41:03,742 [INFO]       v ID=8994477 | Aspirasi Kenyamanan Ruangan | None
2026-04-01 14:41:07,076 [INFO]    Detail: https://www.lapor.go.id/laporan/detil/pengaduan-atas-pembatasan-layanan-ugd-rsud-tanjung-batu-kundur-202505231344471747982687621
2026-04-01 14:41:12,944 [INFO]       v ID=8994949 | Pengaduan Atas Pembatasan Layanan Ugd Rsud Ta | Lainnya terkait Pelayanan Kesehatan
2026-04-01 14:41:15,526 [INFO]    Detail: https://www.lapor.go.id/laporan/detil/aspirasi---pengajuan-sipp-19-mei-2025--202505231415331747984533050
2026-04-01 14:41:20,935 [INFO]       v ID=8995177 | Aspirasi - Pengajuan SIPP (19 Mei 2025) | None
2026-04-01 14:41:23,663 [INFO]    Detail: https://www.lapor.go.id/laporan/detil/aspirasi---sip-dokter-yang-ditolak-21-mei-2025--202505231420351747984835285
2026-04-01 14:41:29,461 [INFO]       v ID=8995209 | Aspirasi - SIP Dokter Yang Ditolak (21 Mei 20 | None
2026-04-01 14:41:31,768 [INFO]    Detail: https://www.lapor.go.id/laporan/detil/aspirasi---pengajuan-izin-lingkungan-21-mei-2025--202505231425311747985131171
2026-04-01 14:41:37,789 [INFO]       v ID=8995241 | Aspirasi - Pengajuan Izin Lingkungan (21 Mei  | None
2026-04-01 14:41:40,706 [INFO]    Detail: https://www.lapor.go.id/laporan/detil/aspirasi---kesulitan-login-ke-web-e-simpadu-22-mei-2025--202505231431391747985499035
2026-04-01 14:41:47,469 [INFO]       v ID=8995301 | Aspirasi - Kesulitan Login Ke Web E-simpadu ( | None
2026-04-01 14:41:50,061 [INFO]    Detail: https://www.lapor.go.id/laporan/detil/aspirasi---pengajuan-sitr-di-web-e-simpadu-23-mei-2025--202505231437091747985829812
2026-04-01 14:41:57,292 [INFO]       v ID=8995341 | Aspirasi - Pengajuan SITR di web  e-SIMPADU ( | None
2026-04-01 14:42:00,467 [INFO]    Detail: https://www.lapor.go.id/laporan/detil/konsultasi-data-202505231455291747986929470
2026-04-01 14:42:07,505 [INFO]       v ID=8995477 | Konsultasi Data | None
2026-04-01 14:42:10,418 [INFO]    Detail: https://www.lapor.go.id/laporan/detil/link-publikasi-statistik-tidak-bisa-diunduh-202505251239591748151599686
2026-04-01 14:42:17,465 [INFO]       v ID=8999361 | Link Publikasi Statistik tidak bisa diunduh | None
2026-04-01 14:42:20,109 [INFO]    Detail: https://www.lapor.go.id/laporan/detil/evakuasi-jenazah-202505260901581748224918176
2026-04-01 14:42:26,749 [INFO]       v ID=8999765 | Evakuasi Jenazah | None
2026-04-01 14:42:29,302 [INFO]    Total terkumpul sejauh ini: 1805 laporan

2026-04-01 14:42:32,943 [INFO] ── Halaman 182: https://www.lapor.go.id/kisah-sukses?page=182
2026-04-01 14:42:55,680 [INFO]    -> 10 laporan ditemukan
2026-04-01 14:42:55,680 [INFO]    Detail: https://www.lapor.go.id/laporan/detil/evakuasi-jenazah-202505260904141748225054312
2026-04-01 14:43:09,699 [INFO]       v ID=8999781 | Evakuasi Jenazah | None
2026-04-01 14:43:13,092 [INFO]    Detail: https://www.lapor.go.id/laporan/detil/pohon-tumbang-202505260906211748225181875
2026-04-01 14:43:19,210 [INFO]       v ID=8999797 | Pohon Tumbang | None
2026-04-01 14:43:21,847 [INFO]    Detail: https://www.lapor.go.id/laporan/detil/bpjs-pemerintah-apbn-202505270839461748309986897
2026-04-01 14:43:29,145 [INFO]       v ID=9001449 | BPJS Pemerintah APBN | None
2026-04-01 14:43:31,751 [INFO]    Detail: https://www.lapor.go.id/laporan/detil/sarana-prasaran-202505271101261748318486798
2026-04-01 14:43:38,675 [INFO]       v ID=9002013 | Sarana Prasaran | None
2026-04-01 14:43:41,490 [INFO]    Detail: https://www.lapor.go.id/laporan/detil/permintaan-informasi-data-pekerja-perkantoran-202505281151371748407897293
2026-04-01 14:43:49,023 [INFO]       v ID=9003277 | Permintaan informasi  Data Pekerja Perkantora | None
2026-04-01 14:43:52,021 [INFO]    Detail: https://www.lapor.go.id/laporan/detil/permintaan-data-produksi-sawit-di-kabupaten-bangka-tengah-202505281159091748408349355
2026-04-01 14:44:02,334 [INFO]       v ID=9003301 | Permintaan Data Produksi Sawit di kabupaten B | None
2026-04-01 14:44:06,168 [INFO]    Detail: https://www.lapor.go.id/laporan/detil/listrik-padam-dengan-meter-listrik-dalam-kondisi-hidup-202505281501561748419316025
2026-04-01 14:44:15,125 [INFO]       v ID=9003569 | Listrik Padam dengan meter listrik dalam kond | None
2026-04-01 14:44:18,599 [INFO]    Detail: https://www.lapor.go.id/laporan/detil/instalasi-jaringan-fiber-optik-internet--202506021403511748847831292
2026-04-01 14:44:28,486 [INFO]       v ID=9009393 | Instalasi Jaringan Fiber Optik Internet. | None
2026-04-01 14:44:30,683 [INFO]    Detail: https://www.lapor.go.id/laporan/detil/-2-juni-2025-permohonan-informasi-galian-di-desa-kayu-ajaran-di-kecamatan-ulu-manna-202506021404291748847869125
2026-04-01 14:44:39,606 [INFO]       v ID=9009401 | [2 Juni 2025] Permohonan Informasi Galian di  | None
2026-04-01 14:44:43,063 [INFO]    Detail: https://www.lapor.go.id/laporan/detil/calon-mitra-menanyakan-kapan-diajak-kegiatan-bps-202506031613371748942017550
2026-04-01 14:44:50,254 [INFO]       v ID=9013829 | Calon mitra menanyakan kapan diajak kegiatan  | None
2026-04-01 14:44:53,365 [INFO]    Total terkumpul sejauh ini: 1815 laporan

2026-04-01 14:44:57,121 [INFO] ── Halaman 183: https://www.lapor.go.id/kisah-sukses?page=183
2026-04-01 14:45:19,151 [INFO]    -> 10 laporan ditemukan
2026-04-01 14:45:19,151 [INFO]    Detail: https://www.lapor.go.id/laporan/detil/peminta2-dengan-kemucing-dan-air-sabun-202506041011021749006662549
2026-04-01 14:45:24,791 [INFO]       v ID=9015885 | Peminta2 Dengan Kemucing Dan Air Sabun | Keresahan Masyarakat
2026-04-01 14:45:27,238 [INFO]    Detail: https://www.lapor.go.id/laporan/detil/testimoni-kerjasama-treepark-hotel-dengan-bps-kabupaten-banjar-10-desember-2024-202506041353281749020008299
2026-04-01 14:45:36,950 [INFO]       v ID=9016709 | Testimoni Kerjasama TreePark Hotel dengan BPS | None
2026-04-01 14:45:39,118 [INFO]    Detail: https://www.lapor.go.id/laporan/detil/butuh-data-untuk-tugas-kuliah-202506051011101749093070460
2026-04-01 14:45:45,153 [INFO]       v ID=9019217 | Butuh Data Untuk Tugas Kuliah | None
2026-04-01 14:45:47,674 [INFO]    Detail: https://www.lapor.go.id/laporan/detil/belum-ada-pembangunan-infrastruktur-jalan-202506051043541749095034869
2026-04-01 14:45:53,451 [INFO]       v ID=9019405 | Belum Ada Pembangunan Infrastruktur Jalan | Dana Desa
2026-04-01 14:45:56,552 [INFO]    Detail: https://www.lapor.go.id/laporan/detil/belum-ada-pembangunan-infrastruktur-jalan-202506051048171749095297232
2026-04-01 14:46:03,084 [INFO]       v ID=9019425 | Belum Ada Pembangunan Infrastruktur Jalan | Dana Desa
2026-04-01 14:46:05,506 [INFO]    Detail: https://www.lapor.go.id/laporan/detil/aspirasi---pencabutan-sik-sanitasi-dan-pengajuan-pindah-dpc-keanggotaan-02-juni-2025--202506100810221749517822518
2026-04-01 14:46:11,264 [INFO]       v ID=9029941 | Aspirasi - Pencabutan SIK Sanitasi Dan Pengaj | None
2026-04-01 14:46:14,272 [INFO]    Detail: https://www.lapor.go.id/laporan/detil/aspirasi---pengajuan-surat-ijin-penelitian-02-juni-2025--202506100827361749518856530
2026-04-01 14:46:19,963 [INFO]       v ID=9030029 | Aspirasi - Pengajuan Surat Ijin Penelitian (0 | None
2026-04-01 14:46:23,469 [INFO]    Detail: https://www.lapor.go.id/laporan/detil/aspirasi---berkas-sitr-surat-keterangan-informasi-rencana-tata-ruang-hilang-04-juni-2025--202506100852591749520379300
2026-04-01 14:46:29,181 [INFO]       v ID=9030125 | Aspirasi - Berkas SITR (Surat Keterangan Info | None
2026-04-01 14:46:31,306 [INFO]    Detail: https://www.lapor.go.id/laporan/detil/aspirasi---menyamakan-nama-pada-profil-mppd-dengan-satu-sehat-04-juni-2025--202506100902541749520974575
2026-04-01 14:46:39,106 [INFO]       v ID=9030149 | Aspirasi - Menyamakan Nama Pada Profil MPPD D | None
2026-04-01 14:46:42,859 [INFO]    Detail: https://www.lapor.go.id/laporan/detil/penumpukan-sampah-di-jalan-inspeksi-irigasi-202506101714241749550464553
2026-04-01 14:46:48,009 [INFO]       v ID=9032177 | Penumpukan Sampah Di Jalan Inspeksi Irigasi | Pencemaran Lingkungan
2026-04-01 14:46:52,062 [INFO]    Total terkumpul sejauh ini: 1825 laporan

2026-04-01 14:46:55,300 [INFO] ── Halaman 184: https://www.lapor.go.id/kisah-sukses?page=184
2026-04-01 14:47:17,128 [INFO]    -> 10 laporan ditemukan
2026-04-01 14:47:17,128 [INFO]    Detail: https://www.lapor.go.id/laporan/detil/jalan-riska-parah-202506101955091749560109312
2026-04-01 14:47:23,344 [INFO]       v ID=9032545 | Jalan Riska Parah | Jalan Berlubang
2026-04-01 14:47:25,639 [INFO]    Detail: https://www.lapor.go.id/laporan/detil/aplikasi-yanblik-e-bpom--202506111330241749623424976
2026-04-01 14:47:33,905 [INFO]       v ID=9034893 | Aplikasi yanblik (e-bpom) | Pengawasan Obat dan Makanan
2026-04-01 14:47:36,425 [INFO]    Detail: https://www.lapor.go.id/laporan/detil/konsultasi-umum-yanblik-biaya-notifkos--202506111330241749623424997
2026-04-01 14:47:43,587 [INFO]       v ID=9034897 | Konsultasi umum yanblik (biaya notifkos) | Pengawasan Obat dan Makanan
2026-04-01 14:47:47,141 [INFO]    Detail: https://www.lapor.go.id/laporan/detil/notifikasi-penolakan-202506111330251749623425021
2026-04-01 14:47:52,638 [INFO]       v ID=9034901 | Notifikasi Penolakan | Pengawasan Obat dan Makanan
2026-04-01 14:47:55,465 [INFO]    Detail: https://www.lapor.go.id/laporan/detil/pungli-di-sentra-pkl-ahmad-dahlan-202506111348551749624535318
2026-04-01 14:48:03,053 [INFO]       v ID=9035009 | PUNGLI DI SENTRA PKL AHMAD DAHLAN | None
2026-04-01 14:48:05,666 [INFO]    Detail: https://www.lapor.go.id/laporan/detil/membayar-denda-pinalti-dan-penahanan-ijazah-202506120109361749665376579
2026-04-01 14:48:13,094 [INFO]       v ID=9036749 | Membayar Denda Pinalti Dan Penahanan Ijazah | Lainnya terkait Ketenagakerjaan
2026-04-01 14:48:15,722 [INFO]    Detail: https://www.lapor.go.id/laporan/detil/mohon-kesejahteraan-pegawai-kontrak-kota-banjarbaru-202506121331001749709860511
2026-04-01 14:48:21,503 [INFO]       v ID=9038081 | Mohon Kesejahteraan Pegawai Kontrak Kota Banj | Kebijakan ASN
2026-04-01 14:48:25,534 [INFO]    Detail: https://www.lapor.go.id/laporan/detil/kesalahan-isian-data-pada-publikasi-daerah-dalam-angka-202506130745501749775550542
2026-04-01 14:48:32,879 [INFO]       v ID=9040289 | Kesalahan Isian data pada Publikasi Daerah Da | None
2026-04-01 14:48:36,585 [INFO]    Detail: https://www.lapor.go.id/laporan/detil/terdapat-perbedaan-satuan-pada-taabel-di-publikasi-pangkajene-dan-kepulauan-da-am-angka-202506131434041749800044891
2026-04-01 14:48:43,116 [INFO]       v ID=9041857 | Terdapat Perbedaan Satuan Pada Taabel di Publ | None
2026-04-01 14:48:46,097 [INFO]    Detail: https://www.lapor.go.id/laporan/detil/jalan-rusak-parah-di-lampung-202506151414281749971668794
2026-04-01 14:48:52,540 [INFO]       v ID=9045413 | Jalan Rusak Parah Di Lampung | Jalan Berlubang
2026-04-01 14:48:54,808 [INFO]    Total terkumpul sejauh ini: 1835 laporan

2026-04-01 14:48:58,111 [INFO] ── Halaman 185: https://www.lapor.go.id/kisah-sukses?page=185
2026-04-01 14:49:21,946 [INFO]    -> 10 laporan ditemukan
2026-04-01 14:49:21,948 [INFO]    Detail: https://www.lapor.go.id/laporan/detil/urgensi-pembangunan-halte-bus-di-jalan-raya-temanggung---magelang-202506152130421749997842498
2026-04-01 14:49:29,806 [INFO]       v ID=9046277 | Urgensi Pembangunan Halte Bus Di Jalan Raya T | Lampu Penerangan Jalan Umum
2026-04-01 14:49:33,674 [INFO]    Detail: https://www.lapor.go.id/laporan/detil/kualitas-pelayanan-transportasi-umum-yang-kurang-memadai-di-terminal-bus-temanggung-202506152150381749999038432
2026-04-01 14:49:42,122 [INFO]       v ID=9046309 | Kualitas Pelayanan Transportasi Umum Yang Kur | Lampu Penerangan Jalan Umum
2026-04-01 14:49:45,166 [INFO]    Detail: https://www.lapor.go.id/laporan/detil/permasalahan-terkait-kurangnya-penerangan-jalan-202506152342041750005724227
2026-04-01 14:49:51,949 [INFO]       v ID=9046465 | Permasalahan Terkait Kurangnya Penerangan Jal | Lampu Penerangan Jalan Umum
2026-04-01 14:49:55,905 [INFO]    Detail: https://www.lapor.go.id/laporan/detil/lampu-penerangan-jalan-mati-di-jalan-ciheulet-depan-puskesmas-bogor-timur-202506160823001750036980757
2026-04-01 14:50:01,374 [INFO]       v ID=9047181 | Lampu Penerangan Jalan Mati Di Jalan Ciheulet | Penerangan Jalan
2026-04-01 14:50:03,672 [INFO]    Detail: https://www.lapor.go.id/laporan/detil/lampu-penerangan-jalan-mati-di-jalan-ciheulet-sebelah-hotel-the-amaris-dan-superindo-202506160951281750042288702
2026-04-01 14:50:09,644 [INFO]       v ID=9047449 | Lampu Penerangan Jalan Mati Di Jalan Ciheulet | Lampu Penerangan Jalan Umum
2026-04-01 14:50:12,183 [INFO]    Detail: https://www.lapor.go.id/laporan/detil/-26-mei-2025-permintaan-informasi-konfirmasi-data-jumlah-penduduk-dan-jumlah-penduduk-beragama-islam-202506161254091750053249214
2026-04-01 14:50:20,090 [INFO]       v ID=9048041 | [26 Mei 2025] Permintaan Informasi Konfirmasi | None
2026-04-01 14:50:23,970 [INFO]    Detail: https://www.lapor.go.id/laporan/detil/kerusakan-jalan-di-lingkungan-smk-negeri-pringsurat-temanggung-202506162051191750081879049
2026-04-01 14:50:29,926 [INFO]       v ID=9049761 | Kerusakan Jalan Di Lingkungan Smk Negeri Prin | Lainnya terkait Pendidikan dan Kebudayaan
2026-04-01 14:50:33,560 [INFO]    Detail: https://www.lapor.go.id/laporan/detil/informasi-magang-202506171027431750130863551
2026-04-01 14:50:41,354 [INFO]       v ID=9050905 | Informasi magang | None
2026-04-01 14:50:45,261 [INFO]    Detail: https://www.lapor.go.id/laporan/detil/-16-juni-2025-permintaan-informasi-bpjs-ketenagakerjaan-tahun-2022-dari-mitra-regsosek-2022-202506171158551750136335019
2026-04-01 14:50:52,039 [INFO]       v ID=9050917 | [16 Juni 2025] Permintaan Informasi BPJS Kete | None
2026-04-01 14:50:54,907 [INFO]    Detail: https://www.lapor.go.id/laporan/detil/jalanan-yang-sedang-dalam-perbaikan-202506171812571750158777205
2026-04-01 14:51:01,568 [INFO]       v ID=9052285 | jalanan yang sedang dalam perbaikan | Infrastruktur Jalan
2026-04-01 14:51:04,057 [INFO]    Total terkumpul sejauh ini: 1845 laporan

2026-04-01 14:51:07,934 [INFO] ── Halaman 186: https://www.lapor.go.id/kisah-sukses?page=186
2026-04-01 14:51:30,357 [INFO]    -> 10 laporan ditemukan
2026-04-01 14:51:30,359 [INFO]    Detail: https://www.lapor.go.id/laporan/detil/memang-boleh-ada-juru-parkir-di-alfamart--202506302240391751298039290
2026-04-01 14:51:37,312 [INFO]       v ID=9052673 | Memang Boleh Ada Juru Parkir Di Alfamart? | Lainnya terkait Ketenteraman, Ketertiban Umum, dan Pelindungan Masyarakat
2026-04-01 14:51:40,245 [INFO]    Detail: https://www.lapor.go.id/laporan/detil/pengaduan-ktp-202506190800391750294839745
2026-04-01 14:51:45,600 [INFO]       v ID=9055849 | Pengaduan KTP | None
2026-04-01 14:51:49,390 [INFO]    Detail: https://www.lapor.go.id/laporan/detil/lampu-penerangan-jalan-umum-202506190807091750295229443
2026-04-01 14:51:57,167 [INFO]       v ID=9055893 | Lampu Penerangan Jalan Umum | Listrik
2026-04-01 14:52:00,486 [INFO]    Detail: https://www.lapor.go.id/laporan/detil/08-01-2024-informasi-magang-202506191035141750304114697
2026-04-01 14:52:08,233 [INFO]       v ID=9057146 | 08/01/2024 Informasi Magang | None
2026-04-01 14:52:11,635 [INFO]    Detail: https://www.lapor.go.id/laporan/detil/08-01-2024-informasi-magang-202506191039101750304350174
2026-04-01 14:52:19,392 [INFO]       v ID=9057176 | 08/01/2024 Informasi Magang | None
2026-04-01 14:52:23,302 [INFO]    Detail: https://www.lapor.go.id/laporan/detil/08-01-2024-informasi-magang-202506191043521750304632132
2026-04-01 14:52:30,859 [INFO]       v ID=9057206 | 08/01/2024 Informasi magang | None
2026-04-01 14:52:33,732 [INFO]    Detail: https://www.lapor.go.id/laporan/detil/08-01-2024-informasi-magang-202506191046201750304780202
2026-04-01 14:52:41,099 [INFO]       v ID=9057221 | 08/01/2024 Informasi magang | None
2026-04-01 14:52:43,442 [INFO]    Detail: https://www.lapor.go.id/laporan/detil/11-01-2024-informasi-magang-202506191057421750305462018
2026-04-01 14:52:52,060 [INFO]       v ID=9057291 | 11/01/2024 Informasi Magang | None
2026-04-01 14:52:54,402 [INFO]    Detail: https://www.lapor.go.id/laporan/detil/11-01-2024-informasi-magang-202506191100361750305636828
2026-04-01 14:53:05,370 [INFO]       v ID=9057361 | 11/01/2024 Informasi Magang | None
2026-04-01 14:53:08,672 [INFO]    Detail: https://www.lapor.go.id/laporan/detil/16-01-2024-info-bpjs-salah-alamat--202506191106221750305982912
2026-04-01 14:53:16,836 [INFO]       v ID=9057411 | 16/01/2024 Info BPJS (Salah alamat) | None
2026-04-01 14:53:19,598 [INFO]    Total terkumpul sejauh ini: 1855 laporan

2026-04-01 14:53:22,087 [INFO] ── Halaman 187: https://www.lapor.go.id/kisah-sukses?page=187
2026-04-01 14:53:46,253 [INFO]    -> 10 laporan ditemukan
2026-04-01 14:53:46,253 [INFO]    Detail: https://www.lapor.go.id/laporan/detil/22-01-2024-penipuan-202506191110321750306232222
2026-04-01 14:53:54,014 [INFO]       v ID=9057506 | 22/01/2024 Penipuan | None
2026-04-01 14:53:57,931 [INFO]    Detail: https://www.lapor.go.id/laporan/detil/22-01-2024-informasi-magang-202506191113071750306387419
2026-04-01 14:54:05,696 [INFO]       v ID=9057521 | 22/01/2024 Informasi Magang | None
2026-04-01 14:54:09,555 [INFO]    Detail: https://www.lapor.go.id/laporan/detil/19-02-2024-informasi-magang-202506191117431750306663118
2026-04-01 14:54:18,380 [INFO]       v ID=9057556 | 19/02/2024 Informasi Magang | None
2026-04-01 14:54:20,768 [INFO]    Detail: https://www.lapor.go.id/laporan/detil/25-02-2024-infomasi-mitra-202506191121581750306918663
2026-04-01 14:54:30,899 [INFO]       v ID=9057601 | 25/02/2024 Infomasi mitra | None
2026-04-01 14:54:33,984 [INFO]    Detail: https://www.lapor.go.id/laporan/detil/26-02-2024-info-jkn-salah-sambung--202506191127511750307271577
2026-04-01 14:54:41,831 [INFO]       v ID=9057636 | 26/02/2024 Info JKN (salah sambung) | None
2026-04-01 14:54:45,685 [INFO]    Detail: https://www.lapor.go.id/laporan/detil/28-03-2024-informasi-magang-202506191130141750307414145
2026-04-01 14:54:52,597 [INFO]       v ID=9057656 | 28/03/2024 Informasi Magang | None
2026-04-01 14:54:56,270 [INFO]    Detail: https://www.lapor.go.id/laporan/detil/aspirasi-kerja-sama-pengangkutan-sampah-oleh-pemkab-karawang-dlh-kecamatan-dan-desa-202506192109511750342191463
2026-04-01 14:55:04,263 [INFO]       v ID=9059911 | Aspirasi Kerja Sama Pengangkutan Sampah Oleh  | Pencemaran Lingkungan
2026-04-01 14:55:07,982 [INFO]    Detail: https://www.lapor.go.id/laporan/detil/kerusakan-jalan-202506192116051750342565615
2026-04-01 14:55:13,691 [INFO]       v ID=9059961 | Kerusakan Jalan | Infrastruktur Jalan
2026-04-01 14:55:17,053 [INFO]    Detail: https://www.lapor.go.id/laporan/detil/pedagang-kaki-lima-pkl-yang-berjualan-di-trotoar-badan-jalan-202506200033041750354384805
2026-04-01 14:55:22,701 [INFO]       v ID=9060401 | Pedagang Kaki Lima (Pkl) Yang Berjualan Di Tr | Infrastruktur Jalan
2026-04-01 14:55:25,354 [INFO]    Detail: https://www.lapor.go.id/laporan/detil/kualitas-pelayanan-transportasi-umum-yang-kurang-memadai-di-terminal-bus-temanggung-202506200036561750354616359
2026-04-01 14:55:30,992 [INFO]       v ID=9060411 | Kualitas Pelayanan Transportasi Umum Yang Kur | Infrastruktur Pendukung
2026-04-01 14:55:34,007 [INFO]    Total terkumpul sejauh ini: 1865 laporan

2026-04-01 14:55:36,530 [INFO] ── Halaman 188: https://www.lapor.go.id/kisah-sukses?page=188
2026-04-01 14:55:58,354 [INFO]    -> 10 laporan ditemukan
2026-04-01 14:55:58,355 [INFO]    Detail: https://www.lapor.go.id/laporan/detil/urgensi-pembangunan-halte-bus-di-jalan-raya-temanggung-magelang-202506200039051750354745316
2026-04-01 14:56:04,991 [INFO]       v ID=9060421 | Urgensi Pembangunan Halte Bus Di Jalan Raya T | Infrastruktur Jalan
2026-04-01 14:56:08,899 [INFO]    Detail: https://www.lapor.go.id/laporan/detil/02-04-2024-informasi-magang-202506200744171750380257308
2026-04-01 14:56:15,939 [INFO]       v ID=9060836 | 02/04/2024 Informasi Magang | None
2026-04-01 14:56:18,375 [INFO]    Detail: https://www.lapor.go.id/laporan/detil/21-04-2024-informasi-jmo-salah-sambung--202506200747111750380431678
2026-04-01 14:56:24,955 [INFO]       v ID=9060841 | 21/04/2024 Informasi JMO (salah sambung) | None
2026-04-01 14:56:28,881 [INFO]    Detail: https://www.lapor.go.id/laporan/detil/06-05-2024-informasi-rilis-publikasi-202506200755571750380957639
2026-04-01 14:56:36,739 [INFO]       v ID=9060871 | 06/05/2024 Informasi rilis publikasi | None
2026-04-01 14:56:40,782 [INFO]    Detail: https://www.lapor.go.id/laporan/detil/17-05-2024-informasi-magang-202506200759111750381151912
2026-04-01 14:56:47,999 [INFO]       v ID=9060891 | 17/05/2024 Informasi magang | None
2026-04-01 14:56:50,061 [INFO]    Detail: https://www.lapor.go.id/laporan/detil/hak-1-3-mantan-istri-asn-yang-digugat-cerai-202506201307241750399644968
2026-04-01 14:56:56,181 [INFO]       v ID=9062151 | Hak 1/3 Mantan Istri Asn Yang Digugat Cerai | Kebijakan ASN
2026-04-01 14:56:58,700 [INFO]    Detail: https://www.lapor.go.id/laporan/detil/20-05-2024-informasi-magang-202506201309071750399747593
2026-04-01 14:57:05,950 [INFO]       v ID=9062156 | 20/05/2024 Informasi Magang | None
2026-04-01 14:57:09,000 [INFO]    Detail: https://www.lapor.go.id/laporan/detil/22-05-2024-informasi-magang-202506201311401750399900142
2026-04-01 14:57:17,598 [INFO]       v ID=9062166 | 22/05/2024 Informasi Magang | None
2026-04-01 14:57:20,458 [INFO]    Detail: https://www.lapor.go.id/laporan/detil/24-05-2024-informasi-magang-202506201315311750400131061
2026-04-01 14:57:27,747 [INFO]       v ID=9062181 | 24/05/2024 Informasi Magang | None
2026-04-01 14:57:30,474 [INFO]    Detail: https://www.lapor.go.id/laporan/detil/25-05-2024-info-loker-202506201337411750401461770
2026-04-01 14:57:37,265 [INFO]       v ID=9062266 | 25/05/2024 Info Loker | None
2026-04-01 14:57:39,750 [INFO]    Total terkumpul sejauh ini: 1875 laporan

2026-04-01 14:57:42,739 [INFO] ── Halaman 189: https://www.lapor.go.id/kisah-sukses?page=189
2026-04-01 14:58:03,994 [INFO]    -> 10 laporan ditemukan
2026-04-01 14:58:03,994 [INFO]    Detail: https://www.lapor.go.id/laporan/detil/31-05-2024-informasi-magang-202506201339281750401568502
2026-04-01 14:58:10,642 [INFO]       v ID=9062276 | 31/05/2024 Informasi Magang | None
2026-04-01 14:58:12,933 [INFO]    Detail: https://www.lapor.go.id/laporan/detil/03-06-2024-informasi-magang-202506201350201750402220153
2026-04-01 14:58:19,553 [INFO]       v ID=9062311 | 03/06/2024 Informasi Magang | None
2026-04-01 14:58:22,202 [INFO]    Detail: https://www.lapor.go.id/laporan/detil/03-06-2024-informasi-magang-202506201358221750402702207
2026-04-01 14:58:28,364 [INFO]       v ID=9062361 | 03/06/2024 Informasi Magang | None
2026-04-01 14:58:31,728 [INFO]    Detail: https://www.lapor.go.id/laporan/detil/06-06-2024-202506201402491750402969993
2026-04-01 14:58:38,213 [INFO]       v ID=9062396 | 06/06/2024 | None
2026-04-01 14:58:40,336 [INFO]    Detail: https://www.lapor.go.id/laporan/detil/06-06-2024-informasi-magang-202506201404111750403051773
2026-04-01 14:58:47,208 [INFO]       v ID=9062406 | 06/06/2024 Informasi Magang | None
2026-04-01 14:58:50,536 [INFO]    Detail: https://www.lapor.go.id/laporan/detil/06-06-2024-info-magang-202506201406011750403161111
2026-04-01 14:58:58,460 [INFO]       v ID=9062411 | 06/06/2024 Info Magang | None
2026-04-01 14:59:02,099 [INFO]    Detail: https://www.lapor.go.id/laporan/detil/28-06-2024-pengaktifan-bpjs-salah-sambung--202506201407361750403256282
2026-04-01 14:59:08,692 [INFO]       v ID=9062421 | 28/06/2024 Pengaktifan BPJS (Salah Sambung) | None
2026-04-01 14:59:11,758 [INFO]    Detail: https://www.lapor.go.id/laporan/detil/aspirasi---pengajuan-praktek-mandiri-dokter-gigi-05-juni-2025--202506201410081750403408096
2026-04-01 14:59:18,419 [INFO]       v ID=9062441 | Aspirasi - Pengajuan Praktek Mandiri Dokter G | None
2026-04-01 14:59:21,362 [INFO]    Detail: https://www.lapor.go.id/laporan/detil/aspirasi---perpanjangan-sio-12-06-2025--202506201425151750404315103
2026-04-01 14:59:27,220 [INFO]       v ID=9062541 | Aspirasi - Perpanjangan SIO (12 06 2025) | None
2026-04-01 14:59:31,147 [INFO]    Detail: https://www.lapor.go.id/laporan/detil/aspirasi---perpanjangan-sikts-13-06-2025--202506201435431750404943236
2026-04-01 14:59:37,032 [INFO]       v ID=9062611 | Aspirasi - Perpanjangan SIKTS (13 06 2025) | None
2026-04-01 14:59:40,304 [INFO]    Total terkumpul sejauh ini: 1885 laporan

2026-04-01 14:59:43,324 [INFO] ── Halaman 190: https://www.lapor.go.id/kisah-sukses?page=190
2026-04-01 15:00:10,261 [INFO]    -> 10 laporan ditemukan
2026-04-01 15:00:10,261 [INFO]    Detail: https://www.lapor.go.id/laporan/detil/aspirasi---pengurusan-izin-yang-belum-terbit-19-06-2025--202506201441361750405296023
2026-04-01 15:00:16,205 [INFO]       v ID=9062641 | Aspirasi - Pengurusan Izin Yang Belum Terbit  | None
2026-04-01 15:00:19,637 [INFO]    Detail: https://www.lapor.go.id/laporan/detil/gorong-gorong-kampung-pecah-yang-perlu-diperbaiki-202506211421051750490465159
2026-04-01 15:00:26,142 [INFO]       v ID=9065946 | Gorong-Gorong Kampung Pecah Yang Perlu Diperb | Drainase (Gorong-Gorong/Parit)
2026-04-01 15:00:28,884 [INFO]    Detail: https://www.lapor.go.id/laporan/detil/penertiban-ibu-ibu-dan-2-orang-anak-202506211521161750494076961
2026-04-01 15:00:35,958 [INFO]       v ID=9066196 | Penertiban Ibu Ibu Dan 2 Orang Anak | Lainnya terkait Sosial dan Kesejahteraan
2026-04-01 15:00:38,827 [INFO]    Detail: https://www.lapor.go.id/laporan/detil/kucing-peliharaan-saya-di-buang-tetangga--202506221324301750573470266
2026-04-01 15:00:45,327 [INFO]       v ID=9068396 | Kucing Peliharaan Saya Di Buang Tetangga. | SP4N-LAPOR!
2026-04-01 15:00:47,970 [INFO]    Detail: https://www.lapor.go.id/laporan/detil/kerusakan-jalan-penghubung-kabupaten-202506221406351750575995293
2026-04-01 15:00:54,793 [INFO]       v ID=9068536 | Kerusakan Jalan Penghubung Kabupaten | Infrastruktur Jalan
2026-04-01 15:00:57,035 [INFO]    Detail: https://www.lapor.go.id/laporan/detil/jalanan-rusak-202506221801231750590083276
2026-04-01 15:01:02,677 [INFO]       v ID=9069066 | Jalanan Rusak | Jalan Berlubang
2026-04-01 15:01:04,847 [INFO]    Detail: https://www.lapor.go.id/laporan/detil/alun-alun-temanggung-sepi-setelah-renovasi-bangunan-di-tahun-2018-202506221929111750595351528
2026-04-01 15:01:10,689 [INFO]       v ID=9069251 | Alun-Alun Temanggung Sepi Setelah Renovasi Ba | Infrastruktur Pendukung
2026-04-01 15:01:12,866 [INFO]    Detail: https://www.lapor.go.id/laporan/detil/02-07-2024-informasi-magang-202506222307191750608439416
2026-04-01 15:01:19,162 [INFO]       v ID=9069706 | 02/07/2024 Informasi Magang | None
2026-04-01 15:01:22,889 [INFO]    Detail: https://www.lapor.go.id/laporan/detil/03-07-2024-informasi-magang-202506222309171750608557990
2026-04-01 15:01:30,737 [INFO]       v ID=9069716 | 03/07/2024 Informasi Magang | None
2026-04-01 15:01:32,958 [INFO]    Detail: https://www.lapor.go.id/laporan/detil/06-07-2024-informasi-loker-202506222311141750608674569
2026-04-01 15:01:42,719 [INFO]       v ID=9069721 | 06/07/2024 Informasi Loker | None
2026-04-01 15:01:46,597 [INFO]    Total terkumpul sejauh ini: 1895 laporan

2026-04-01 15:01:49,328 [INFO] ── Halaman 191: https://www.lapor.go.id/kisah-sukses?page=191
2026-04-01 15:02:12,337 [INFO]    -> 10 laporan ditemukan
2026-04-01 15:02:12,337 [INFO]    Detail: https://www.lapor.go.id/laporan/detil/07-07-2024-informasi-loker-202506222312561750608776171
2026-04-01 15:02:20,023 [INFO]       v ID=9069726 | 07/07/2024 Informasi Loker | None
2026-04-01 15:02:22,873 [INFO]    Detail: https://www.lapor.go.id/laporan/detil/11-07-2024-info-bpjs-mobile-salah-sambung--202506222315321750608932461
2026-04-01 15:02:29,325 [INFO]       v ID=9069731 | 11/07/2024 Info BPJS Mobile (salah sambung) | None
2026-04-01 15:02:31,869 [INFO]    Detail: https://www.lapor.go.id/laporan/detil/10-07-2024-informasi-magang-202506222317151750609035995
2026-04-01 15:02:39,562 [INFO]       v ID=9069736 | 10/07/2024 Informasi magang | None
2026-04-01 15:02:42,151 [INFO]    Detail: https://www.lapor.go.id/laporan/detil/15-07-2024-info-ktp-salah-sambung--202506222320081750609208936
2026-04-01 15:02:50,712 [INFO]       v ID=9069741 | 15/07/2024 Info KTP (salah sambung) | None
2026-04-01 15:02:54,234 [INFO]    Detail: https://www.lapor.go.id/laporan/detil/17-07-2024-info-jkn-salah-sambung--202506222322261750609346480
2026-04-01 15:03:04,444 [INFO]       v ID=9069756 | 17/07/2024 Info JKN (salah sambung) | None
2026-04-01 15:03:07,694 [INFO]    Detail: https://www.lapor.go.id/laporan/detil/03-08-2024-informasi-magang-202506222324241750609464375
2026-04-01 15:03:14,367 [INFO]       v ID=9069766 | 03/08/2024 Informasi Magang | None
2026-04-01 15:03:18,171 [INFO]    Detail: https://www.lapor.go.id/laporan/detil/05-08-2024-informasi-bpjs-salah-sambung--202506222326381750609598213
2026-04-01 15:03:25,545 [INFO]       v ID=9069776 | 05/08/2024 Informasi BPJS (Salah sambung) | None
2026-04-01 15:03:27,997 [INFO]    Detail: https://www.lapor.go.id/laporan/detil/10-08-2024-informasi-penawaran-202506222329061750609746854
2026-04-01 15:03:35,172 [INFO]       v ID=9069786 | 10/08/2024 Informasi Penawaran | None
2026-04-01 15:03:38,453 [INFO]    Detail: https://www.lapor.go.id/laporan/detil/10-09-2024-jkn-mobile-salah-sambung--202506222331311750609891550
2026-04-01 15:03:46,207 [INFO]       v ID=9069796 | 10/09/2024 JKN mobile (salah sambung) | None
2026-04-01 15:03:49,459 [INFO]    Detail: https://www.lapor.go.id/laporan/detil/17-09-2024-informasi-magang-202506222333251750610005751
2026-04-01 15:03:55,990 [INFO]       v ID=9069806 | 17/09/2024 Informasi Magang | None
2026-04-01 15:03:59,206 [INFO]    Total terkumpul sejauh ini: 1905 laporan

2026-04-01 15:04:01,963 [INFO] ── Halaman 192: https://www.lapor.go.id/kisah-sukses?page=192
2026-04-01 15:04:22,603 [INFO]    -> 10 laporan ditemukan
2026-04-01 15:04:22,603 [INFO]    Detail: https://www.lapor.go.id/laporan/detil/laporan-pengaduan-pelayanan-publik-kurangnya-penerangan-jalan-di-ruas-jalan-pare-bengkal-kecamatan-kranggan-kabupaten-temanggung-202506230231051750620665889
2026-04-01 15:04:30,144 [INFO]       v ID=9069976 | Laporan Pengaduan Pelayanan Publik Kurangnya  | Transportasi Darat
2026-04-01 15:04:33,474 [INFO]    Detail: https://www.lapor.go.id/laporan/detil/domain-go-id-digunakan-untuk-judi-online-202506231014211750648461837
2026-04-01 15:04:39,304 [INFO]       v ID=9070926 | Domain Go.id Digunakan Untuk Judi Online | Perjudian online
2026-04-01 15:04:42,743 [INFO]    Detail: https://www.lapor.go.id/laporan/detil/01-10-2024-informasi-bpjs-salah-sambung--202506231135371750653337138
2026-04-01 15:04:49,762 [INFO]       v ID=9071561 | 01/10/2024 Informasi BPJS (salah sambung) | None
2026-04-01 15:04:53,206 [INFO]    Detail: https://www.lapor.go.id/laporan/detil/14-10-2024-informasi-mitra-202506231140281750653628549
2026-04-01 15:05:02,499 [INFO]       v ID=9071611 | 14/10/2024 informasi mitra | None
2026-04-01 15:05:04,899 [INFO]    Detail: https://www.lapor.go.id/laporan/detil/15-10-2024-informasi-penawaran-202506231143181750653798601
2026-04-01 15:05:12,540 [INFO]       v ID=9071641 | 15/10/2024 Informasi penawaran | None
2026-04-01 15:05:15,872 [INFO]    Detail: https://www.lapor.go.id/laporan/detil/16-10-2024-202506231156201750654580993
2026-04-01 15:05:23,714 [INFO]       v ID=9071706 | 16/10/2024 | None
2026-04-01 15:05:25,913 [INFO]    Detail: https://www.lapor.go.id/laporan/detil/18-10-2024-informasi-mitra-202506231158221750654702859
2026-04-01 15:05:34,354 [INFO]       v ID=9071726 | 18/10/2024 Informasi Mitra | None
2026-04-01 15:05:36,960 [INFO]    Detail: https://www.lapor.go.id/laporan/detil/22-10-2024-info-magang-202506231212471750655567305
2026-04-01 15:05:43,868 [INFO]       v ID=9071786 | 22/10/2024 Info magang | None
2026-04-01 15:05:47,689 [INFO]    Detail: https://www.lapor.go.id/laporan/detil/27-10-2024-202506231316501750659410282
2026-04-01 15:05:54,642 [INFO]       v ID=9072136 | 27/10/2024 | None
2026-04-01 15:05:58,720 [INFO]    Detail: https://www.lapor.go.id/laporan/detil/28-10-2024-info-mitra-202506231346521750661212426
2026-04-01 15:06:07,025 [INFO]       v ID=9072341 | 28/10/2024  Info mitra | None
2026-04-01 15:06:11,018 [INFO]    Total terkumpul sejauh ini: 1915 laporan

2026-04-01 15:06:14,766 [INFO] ── Halaman 193: https://www.lapor.go.id/kisah-sukses?page=193
2026-04-01 15:06:40,563 [INFO]    -> 10 laporan ditemukan
2026-04-01 15:06:40,563 [INFO]    Detail: https://www.lapor.go.id/laporan/detil/28-10-2024-info-mitra-202506231405011750662301145
2026-04-01 15:06:50,354 [INFO]       v ID=9072601 | 28/10/2024 Info mitra | None
2026-04-01 15:06:54,252 [INFO]    Detail: https://www.lapor.go.id/laporan/detil/28-10-2024-info-mitra-202506231424131750663453797
2026-04-01 15:07:03,037 [INFO]       v ID=9072821 | 28/10/2024 Info mitra | None
2026-04-01 15:07:06,819 [INFO]    Detail: https://www.lapor.go.id/laporan/detil/28-10-2024-202506231426231750663583587
2026-04-01 15:07:13,748 [INFO]       v ID=9072846 | 28/10/2024 | None
2026-04-01 15:07:16,782 [INFO]    Detail: https://www.lapor.go.id/laporan/detil/29-10-2024-info-magang-202506231428021750663682847
2026-04-01 15:07:23,918 [INFO]       v ID=9072871 | 29/10/2024  Info magang | None
2026-04-01 15:07:27,661 [INFO]    Detail: https://www.lapor.go.id/laporan/detil/01-11-2024-info-mitra-202506231434211750664061197
2026-04-01 15:07:36,425 [INFO]       v ID=9072926 | 01/11/2024 Info mitra | None
2026-04-01 15:07:40,349 [INFO]    Detail: https://www.lapor.go.id/laporan/detil/permintaan-data-inflasi-dan-pertumbuhan-ekonomi-pangkep-tahun-2025-202506231442581750664578243
2026-04-01 15:07:47,893 [INFO]       v ID=9073001 | Permintaan Data Inflasi dan Pertumbuhan Ekono | None
2026-04-01 15:07:51,415 [INFO]    Detail: https://www.lapor.go.id/laporan/detil/01-11-2024-info-magang-202506231447101750664830970
2026-04-01 15:08:00,891 [INFO]       v ID=9073016 | 01/11/2024 Info magang | None
2026-04-01 15:08:03,557 [INFO]    Detail: https://www.lapor.go.id/laporan/detil/04-11-2024-info-loker-202506231451031750665063559
2026-04-01 15:08:11,952 [INFO]       v ID=9073026 | 04/11/2024 Info loker | None
2026-04-01 15:08:14,276 [INFO]    Detail: https://www.lapor.go.id/laporan/detil/14-11-2024-info-loker-202506231457131750665433588
2026-04-01 15:08:20,962 [INFO]       v ID=9073071 | 14/11/2024 Info loker | None
2026-04-01 15:08:23,935 [INFO]    Detail: https://www.lapor.go.id/laporan/detil/09-12-2024-info-magang-202506231504271750665867726
2026-04-01 15:08:30,898 [INFO]       v ID=9073141 | 09/12/2024 Info magang | None
2026-04-01 15:08:34,407 [INFO]    Total terkumpul sejauh ini: 1925 laporan

2026-04-01 15:08:37,088 [INFO] ── Halaman 194: https://www.lapor.go.id/kisah-sukses?page=194
2026-04-01 15:09:00,229 [INFO]    -> 10 laporan ditemukan
2026-04-01 15:09:00,229 [INFO]    Detail: https://www.lapor.go.id/laporan/detil/24-12-2024-info-loker-202506231520341750666834339
2026-04-01 15:09:08,656 [INFO]       v ID=9073276 | 24/12/2024 Info loker | None
2026-04-01 15:09:12,223 [INFO]    Detail: https://www.lapor.go.id/laporan/detil/11-12-2024-info-magang-202506231522241750666944006
2026-04-01 15:09:18,924 [INFO]       v ID=9073301 | 11/12/2024 Info magang | None
2026-04-01 15:09:22,265 [INFO]    Detail: https://www.lapor.go.id/laporan/detil/24-12-2024-info-magang-202506231524051750667045663
2026-04-01 15:09:28,753 [INFO]       v ID=9073316 | 24/12/2024  info magang | None
2026-04-01 15:09:31,869 [INFO]    Detail: https://www.lapor.go.id/laporan/detil/30-12-2024-info-magang-202506231527271750667247918
2026-04-01 15:09:38,788 [INFO]       v ID=9073336 | 30/12/2024 Info magang | None
2026-04-01 15:09:41,013 [INFO]    Detail: https://www.lapor.go.id/laporan/detil/permasalahan-aksesibilitas-bagi-penyandang-tunanetra-di-alun-alun-temanggung-sebagai-ruang-publik-yang-belum-ramah-disabilitas-202506232017071750684627991
2026-04-01 15:09:47,293 [INFO]       v ID=9074281 | Permasalahan Aksesibilitas Bagi Penyandang Tu | Lainnya terkait Ketenteraman, Ketertiban Umum, dan Pelindungan Masyarakat
2026-04-01 15:09:51,020 [INFO]    Detail: https://www.lapor.go.id/laporan/detil/permintaan-data-tingkat-pendidikan-pangkep-202506240642151750722135941
2026-04-01 15:09:56,202 [INFO]       v ID=9075311 | Permintaan Data tingkat pendidikan pangkep | None
2026-04-01 15:09:58,705 [INFO]    Detail: https://www.lapor.go.id/laporan/detil/02-01-2025-info-magang-202506240837331750729053154
2026-04-01 15:10:06,343 [INFO]       v ID=9075576 | 02/01/2025 Info magang | None
2026-04-01 15:10:08,919 [INFO]    Detail: https://www.lapor.go.id/laporan/detil/03-01-2025-info-magang-202506240840111750729211331
2026-04-01 15:10:15,669 [INFO]       v ID=9075621 | 03/01/2025 Info magang | None
2026-04-01 15:10:18,226 [INFO]    Detail: https://www.lapor.go.id/laporan/detil/04-01-2025-info-survey-202506240843391750729419964
2026-04-01 15:10:25,489 [INFO]       v ID=9075666 | 04/01/2025 info survey | None
2026-04-01 15:10:27,856 [INFO]    Detail: https://www.lapor.go.id/laporan/detil/06-01-2025-info-magang-202506240847101750729630087
2026-04-01 15:10:35,325 [INFO]       v ID=9075706 | 06/01/2025 Info magang | None
2026-04-01 15:10:37,465 [INFO]    Total terkumpul sejauh ini: 1935 laporan

2026-04-01 15:10:41,214 [INFO] ── Halaman 195: https://www.lapor.go.id/kisah-sukses?page=195
2026-04-01 15:11:02,163 [INFO]    -> 10 laporan ditemukan
2026-04-01 15:11:02,165 [INFO]    Detail: https://www.lapor.go.id/laporan/detil/12-01-2025-info-lelang-202506240852431750729963409
2026-04-01 15:11:10,334 [INFO]       v ID=9075781 | 12/01/2025 info lelang | None
2026-04-01 15:11:14,359 [INFO]    Detail: https://www.lapor.go.id/laporan/detil/budaya-karawitan-202506240853561750730036286
2026-04-01 15:11:20,683 [INFO]       v ID=9075796 | Budaya Karawitan | Lainnya terkait Pariwisata
2026-04-01 15:11:23,497 [INFO]    Detail: https://www.lapor.go.id/laporan/detil/15-01-2025-info-magang-202506240854391750730079139
2026-04-01 15:11:30,239 [INFO]       v ID=9075816 | 15/01/2025 Info magang | None
2026-04-01 15:11:32,612 [INFO]    Detail: https://www.lapor.go.id/laporan/detil/17-01-2025-info-alamat-202506240857201750730240781
2026-04-01 15:11:39,427 [INFO]       v ID=9075836 | 17/01/2025 info alamat | None
2026-04-01 15:11:42,078 [INFO]    Detail: https://www.lapor.go.id/laporan/detil/17-01-2025-info-magang-202506240901001750730460766
2026-04-01 15:11:49,159 [INFO]       v ID=9075866 | 17/01/2025 Info magang | None
2026-04-01 15:11:52,691 [INFO]    Detail: https://www.lapor.go.id/laporan/detil/24-01-2025-info-survey-202506240904211750730661059
2026-04-01 15:11:59,497 [INFO]       v ID=9075911 | 24/01/2025 Info survey | None
2026-04-01 15:12:02,208 [INFO]    Detail: https://www.lapor.go.id/laporan/detil/29-01-2025-info-survey-202506240908491750730929581
2026-04-01 15:12:08,824 [INFO]       v ID=9075956 | 29/01/2025 Info survey | None
2026-04-01 15:12:12,765 [INFO]    Detail: https://www.lapor.go.id/laporan/detil/30-01-2025-info-magang-202506240911071750731067721
2026-04-01 15:12:19,666 [INFO]       v ID=9075976 | 30/01/2025 Info magang | None
2026-04-01 15:12:22,693 [INFO]    Detail: https://www.lapor.go.id/laporan/detil/30-01-2025-info-magang-202506240913521750731232825
2026-04-01 15:12:30,424 [INFO]       v ID=9076016 | 30/01/2025 Info magang | None
2026-04-01 15:12:33,497 [INFO]    Detail: https://www.lapor.go.id/laporan/detil/03-02-2025-info-mitra-bps-202506240917121750731432711
2026-04-01 15:12:40,458 [INFO]       v ID=9076041 | 03/02/2025 Info mitra bps | None
2026-04-01 15:12:42,696 [INFO]    Total terkumpul sejauh ini: 1945 laporan

2026-04-01 15:12:45,750 [INFO] ── Halaman 196: https://www.lapor.go.id/kisah-sukses?page=196
2026-04-01 15:13:09,353 [INFO]    -> 10 laporan ditemukan
2026-04-01 15:13:09,353 [INFO]    Detail: https://www.lapor.go.id/laporan/detil/07-02-2025-info-magang-202506240919331750731573933
2026-04-01 15:13:16,610 [INFO]       v ID=9076051 | 07/02/2025 Info magang | None
2026-04-01 15:13:19,492 [INFO]    Detail: https://www.lapor.go.id/laporan/detil/11-02-2025-info-magang-202506240926451750732005361
2026-04-01 15:13:26,949 [INFO]       v ID=9076166 | 11/02/2025 info magang | None
2026-04-01 15:13:30,406 [INFO]    Detail: https://www.lapor.go.id/laporan/detil/08-02-2025-info-mitra-bps-202506240930021750732202328
2026-04-01 15:13:38,007 [INFO]       v ID=9076196 | 08/02/2025 Info mitra bps | None
2026-04-01 15:13:41,295 [INFO]    Detail: https://www.lapor.go.id/laporan/detil/12-02-2025-info-mitra-bps-202506240932321750732352184
2026-04-01 15:13:51,213 [INFO]       v ID=9076211 | 12/02/2025 Info mitra bps | None
2026-04-01 15:13:53,554 [INFO]    Detail: https://www.lapor.go.id/laporan/detil/26-02-2025-info-magang-202506240939531750732793187
2026-04-01 15:14:01,781 [INFO]       v ID=9076281 | 26/02/2025 Info magang | None
2026-04-01 15:14:04,367 [INFO]    Detail: https://www.lapor.go.id/laporan/detil/06-03-2025-info-magang-202506240943171750732997455
2026-04-01 15:14:12,119 [INFO]       v ID=9076306 | 06/03/2025 Info magang | None
2026-04-01 15:14:15,748 [INFO]    Detail: https://www.lapor.go.id/laporan/detil/09-03-2025-info-magang-202506240946381750733198216
2026-04-01 15:14:22,141 [INFO]       v ID=9076326 | 09/03/2025 info magang | None
2026-04-01 15:14:24,716 [INFO]    Detail: https://www.lapor.go.id/laporan/detil/21-03-2025-info-magang-202506240950221750733422725
2026-04-01 15:14:33,528 [INFO]       v ID=9076361 | 21/03/2025 info magang | None
2026-04-01 15:14:36,437 [INFO]    Detail: https://www.lapor.go.id/laporan/detil/13-03-2025-info-mitra-bps-202506240952051750733525563
2026-04-01 15:14:42,824 [INFO]       v ID=9076376 | 13/03/2025 Info mitra bps | None
2026-04-01 15:14:46,560 [INFO]    Detail: https://www.lapor.go.id/laporan/detil/20-03-2025-info-fraud-lowongan-202506240954331750733673664
2026-04-01 15:14:54,722 [INFO]       v ID=9076396 | 20/03/2025 info fraud lowongan | None
2026-04-01 15:14:58,377 [INFO]    Total terkumpul sejauh ini: 1955 laporan

2026-04-01 15:15:00,517 [INFO] ── Halaman 197: https://www.lapor.go.id/kisah-sukses?page=197
2026-04-01 15:15:22,987 [INFO]    -> 10 laporan ditemukan
2026-04-01 15:15:22,987 [INFO]    Detail: https://www.lapor.go.id/laporan/detil/24-03-2025-info-magang-202506240957561750733876193
2026-04-01 15:15:31,156 [INFO]       v ID=9076421 | 24/03/2025 Info magang | None
2026-04-01 15:15:33,910 [INFO]    Detail: https://www.lapor.go.id/laporan/detil/konsultasi-tentang-kemiskinan-202506241206551750741615793
2026-04-01 15:15:41,308 [INFO]       v ID=9077391 | Konsultasi Tentang Kemiskinan | None
2026-04-01 15:15:43,596 [INFO]    Detail: https://www.lapor.go.id/laporan/detil/parit-dan-bahu-jalan-dipakai-buat-kafe-kamar-tidur-dan-garasi-202506241424581750749898455
2026-04-01 15:15:49,602 [INFO]       v ID=9078021 | Parit Dan Bahu Jalan Dipakai Buat Kafe,Kamar  | Drainase (Gorong-Gorong/Parit)
2026-04-01 15:15:51,883 [INFO]    Detail: https://www.lapor.go.id/laporan/detil/kerusakan-lampu-jalan-202506241547481750754868967
2026-04-01 15:15:57,370 [INFO]       v ID=9078441 | Kerusakan Lampu Jalan | None
2026-04-01 15:15:59,974 [INFO]    Detail: https://www.lapor.go.id/laporan/detil/apresiasi-penindakan-korupsi-202506251044561750823096804
2026-04-01 15:16:06,587 [INFO]       v ID=9081336 | Apresiasi Penindakan Korupsi | SP4N-LAPOR!
2026-04-01 15:16:10,405 [INFO]    Detail: https://www.lapor.go.id/laporan/detil/plang-kereta-api-di-kaweron-talun-blitar-tidak-ada-202506251214151750828455429
2026-04-01 15:16:17,161 [INFO]       v ID=9081761 | Plang Kereta Api Di Kaweron Talun Blitar Tida | Lainnya terkait Perhubungan
2026-04-01 15:16:20,646 [INFO]    Detail: https://www.lapor.go.id/laporan/detil/jembatan-ciselang-202506251932351750854755416
2026-04-01 15:16:25,617 [INFO]       v ID=9083796 | Jembatan Ciselang | Infrastruktur Pendukung
2026-04-01 15:16:29,379 [INFO]    Detail: https://www.lapor.go.id/laporan/detil/pelayanan-ramah-202506260926131750904773067
2026-04-01 15:16:34,246 [INFO]       v ID=9085185 | Pelayanan Ramah | None
2026-04-01 15:16:36,932 [INFO]    Detail: https://www.lapor.go.id/laporan/detil/pelayanan-gizi-202506260928501750904930527
2026-04-01 15:16:44,893 [INFO]       v ID=9085193 | Pelayanan Gizi | None
2026-04-01 15:16:47,671 [INFO]    Detail: https://www.lapor.go.id/laporan/detil/bertanya-prosedur-kacamata-dengan-bpjs-202506260935251750905325428
2026-04-01 15:16:56,348 [INFO]       v ID=9085221 | Bertanya Prosedur Kacamata dengan BPJS | None
2026-04-01 15:17:00,064 [INFO]    Total terkumpul sejauh ini: 1965 laporan

2026-04-01 15:17:02,186 [INFO] ── Halaman 198: https://www.lapor.go.id/kisah-sukses?page=198
2026-04-01 15:17:28,935 [INFO]    -> 10 laporan ditemukan
2026-04-01 15:17:28,935 [INFO]    Detail: https://www.lapor.go.id/laporan/detil/pelayanan-202506260938041750905484200
2026-04-01 15:17:35,785 [INFO]       v ID=9085233 | Pelayanan | None
2026-04-01 15:17:38,663 [INFO]    Detail: https://www.lapor.go.id/laporan/detil/aplikasi-mobile-jkn-202506260946561750906016667
2026-04-01 15:17:45,411 [INFO]       v ID=9085297 | aplikasi mobile JKN | None
2026-04-01 15:17:49,374 [INFO]    Detail: https://www.lapor.go.id/laporan/detil/pelayanan-buruk-202506260958431750906723507
2026-04-01 15:17:54,754 [INFO]       v ID=9085349 | Pelayanan Buruk | None
2026-04-01 15:17:58,188 [INFO]    Detail: https://www.lapor.go.id/laporan/detil/pemberian-kie-202506261028201750908500362
2026-04-01 15:18:03,729 [INFO]       v ID=9085625 | pemberian KIE | None
2026-04-01 15:18:06,789 [INFO]    Detail: https://www.lapor.go.id/laporan/detil/pelayanan-202506261035191750908919451
2026-04-01 15:18:12,754 [INFO]       v ID=9085725 | Pelayanan | None
2026-04-01 15:18:15,247 [INFO]    Detail: https://www.lapor.go.id/laporan/detil/peningkatan-sarpras-202506261036311750908991873
2026-04-01 15:18:20,736 [INFO]       v ID=9085753 | peningkatan sarpras | None
2026-04-01 15:18:24,072 [INFO]    Detail: https://www.lapor.go.id/laporan/detil/usg-202506261044391750909479656
2026-04-01 15:18:30,781 [INFO]       v ID=9085889 | Usg | None
2026-04-01 15:18:34,052 [INFO]    Detail: https://www.lapor.go.id/laporan/detil/permintaan-sosialisasi-202506261047161750909636361
2026-04-01 15:18:39,164 [INFO]       v ID=9085945 | permintaan sosialisasi | None
2026-04-01 15:18:42,547 [INFO]    Detail: https://www.lapor.go.id/laporan/detil/ckg-cek-kesehatan-gratis--202506261103181750910598256
2026-04-01 15:18:47,620 [INFO]       v ID=9086176 | CKG (Cek Kesehatan Gratis) | None
2026-04-01 15:18:50,072 [INFO]    Detail: https://www.lapor.go.id/laporan/detil/penjualan-pangan-berkhasiat-obat-online-202506261107521750910872018
2026-04-01 15:18:57,001 [INFO]       v ID=9086236 | Penjualan pangan berkhasiat obat online | None
2026-04-01 15:19:00,594 [INFO]    Total terkumpul sejauh ini: 1975 laporan

2026-04-01 15:19:04,155 [INFO] ── Halaman 199: https://www.lapor.go.id/kisah-sukses?page=199
2026-04-01 15:19:29,172 [INFO]    -> 10 laporan ditemukan
2026-04-01 15:19:29,172 [INFO]    Detail: https://www.lapor.go.id/laporan/detil/pemeriksaan-kehamilan-202506261108211750910901295
2026-04-01 15:19:34,667 [INFO]       v ID=9086241 | Pemeriksaan Kehamilan | None
2026-04-01 15:19:37,633 [INFO]    Detail: https://www.lapor.go.id/laporan/detil/layanan-imunisasi-202506261109021750910942449
2026-04-01 15:19:42,882 [INFO]       v ID=9086256 | layanan imunisasi | None
2026-04-01 15:19:46,009 [INFO]    Detail: https://www.lapor.go.id/laporan/detil/swalayan-menjual-pangan-kadaluwarsa-202506261112261750911146422
2026-04-01 15:19:51,492 [INFO]       v ID=9086266 | Swalayan menjual pangan kadaluwarsa | None
2026-04-01 15:19:54,252 [INFO]    Detail: https://www.lapor.go.id/laporan/detil/pangan-md-dengan-2-label-komposisi-berbeda-202506261116101750911370141
2026-04-01 15:20:01,186 [INFO]       v ID=9086281 | Pangan MD dengan 2 label komposisi berbeda | None
2026-04-01 15:20:04,594 [INFO]    Detail: https://www.lapor.go.id/laporan/detil/jalan-yang-terbengkalai-202506280938331751078313271
2026-04-01 15:20:10,411 [INFO]       v ID=9093451 | Jalan Yang Terbengkalai | Infrastruktur Jalan
2026-04-01 15:20:12,792 [INFO]    Detail: https://www.lapor.go.id/laporan/detil/pendangakal-kali-sungai-cisoga-dusun-sungai-buntu-02-rt-001-rw-008-desa-sungai-buntu-kec-pedes-kab-karawang-202506281031471751081507675
2026-04-01 15:20:20,130 [INFO]       v ID=9093636 | Pendangakal Kali Sungai Cisoga.dusun Sungai B | Pencemaran Lingkungan
2026-04-01 15:20:22,818 [INFO]    Detail: https://www.lapor.go.id/laporan/detil/jalan-cepat-rusak-karena-imbas-dari-jembatan-walahar-di-buka-banyak-kendaran-truk-yang-muatan-yg-berat-202506281329081751092148774
2026-04-01 15:20:28,327 [INFO]       v ID=9094221 | Jalan Cepat Rusak Karena Imbas Dari Jembatan  | Jalan Berlubang
2026-04-01 15:20:30,626 [INFO]    Detail: https://www.lapor.go.id/laporan/detil/informasi-pemeriksaan-catin-202506281617501751102270682
2026-04-01 15:20:37,338 [INFO]       v ID=9094641 | Informasi Pemeriksaan Catin | None
2026-04-01 15:20:41,391 [INFO]    Detail: https://www.lapor.go.id/laporan/detil/pelayanan-puskesmas-kurang-maksimal-dan-diduga-ada-indikasi-pungli-202506291156431751173003730
2026-04-01 15:20:46,983 [INFO]       v ID=9097576 | Pelayanan Puskesmas Kurang Maksimal Dan Didug | Pungutan Liar
2026-04-01 15:20:49,989 [INFO]    Detail: https://www.lapor.go.id/laporan/detil/layanan-kesehatan-lansia-dan-usia-produktif-202506300910091751249409877
2026-04-01 15:20:55,172 [INFO]       v ID=9100046 | Layanan Kesehatan Lansia, dan Usia Produktif | None
2026-04-01 15:20:58,114 [INFO]    Total terkumpul sejauh ini: 1985 laporan

2026-04-01 15:21:00,335 [INFO] ── Halaman 200: https://www.lapor.go.id/kisah-sukses?page=200
2026-04-01 15:21:21,195 [INFO]    -> 10 laporan ditemukan
2026-04-01 15:21:21,207 [INFO]    Detail: https://www.lapor.go.id/laporan/detil/fasilitasi-layanan-pustu-tinggar-202506300925451751250345853
2026-04-01 15:21:26,621 [INFO]       v ID=9100181 | Fasilitasi Layanan Pustu Tinggar | None
2026-04-01 15:21:29,213 [INFO]    Detail: https://www.lapor.go.id/laporan/detil/layanan-kb-dan-calon-pengantin-202506300936581751251018826
2026-04-01 15:21:35,219 [INFO]       v ID=9100296 | Layanan KB dan Calon Pengantin | None
2026-04-01 15:21:37,856 [INFO]    Detail: https://www.lapor.go.id/laporan/detil/lantai-membuat-pasien-tersandung-202506301049381751255378024
2026-04-01 15:21:42,790 [INFO]       v ID=9100961 | Lantai Membuat Pasien Tersandung | None
2026-04-01 15:21:44,900 [INFO]    Detail: https://www.lapor.go.id/laporan/detil/parkir-kenapa-tidak-dikelola-rs-202506301052171751255537746
2026-04-01 15:21:50,150 [INFO]       v ID=9101016 | Parkir Kenapa Tidak Dikelola RS | None
2026-04-01 15:21:52,989 [INFO]    Detail: https://www.lapor.go.id/laporan/detil/tumpukan-sampah-liar-di-area-rimbun-bambu-dan-area-permukiman-202506301525351751271935312
2026-04-01 15:21:58,261 [INFO]       v ID=9104911 | Tumpukan Sampah Liar Di Area Rimbun Bambu Dan | Pencemaran Lingkungan
2026-04-01 15:22:01,965 [INFO]    Detail: https://www.lapor.go.id/laporan/detil/tes-202506301542481751272968988
2026-04-01 15:22:07,373 [INFO]       v ID=9105101 | Tes | SP4N-LAPOR!
2026-04-01 15:22:11,348 [INFO]    Detail: https://www.lapor.go.id/laporan/detil/pembakaran-sampah-202506301642441751276564297
2026-04-01 15:22:17,401 [INFO]       v ID=9105656 | Pembakaran Sampah | SP4N-LAPOR!
2026-04-01 15:22:19,524 [INFO]    Detail: https://www.lapor.go.id/laporan/detil/infrastruktur-sekolah-yang-kurang-layak-202506301653211751277201323
2026-04-01 15:22:25,049 [INFO]       v ID=9105706 | Infrastruktur Sekolah Yang Kurang Layak | Lainnya terkait Pendidikan Dasar dan Menengah
2026-04-01 15:22:28,474 [INFO]    Detail: https://www.lapor.go.id/laporan/detil/permohonan-data-202506301934401751286880560
2026-04-01 15:22:33,573 [INFO]       v ID=9106436 | Permohonan Data | None
2026-04-01 15:22:36,313 [INFO]    Detail: https://www.lapor.go.id/laporan/detil/permohonan-data-202506301938571751287137384
2026-04-01 15:22:42,652 [INFO]       v ID=9106471 | Permohonan Data | None
2026-04-01 15:22:45,426 [INFO]    Total terkumpul sejauh ini: 1995 laporan

2026-04-01 15:22:47,806 [INFO] ── Halaman 201: https://www.lapor.go.id/kisah-sukses?page=201
2026-04-01 15:23:09,134 [INFO]    -> 10 laporan ditemukan
2026-04-01 15:23:09,134 [INFO]    Detail: https://www.lapor.go.id/laporan/detil/permohonan-data-202506301944371751287477084
2026-04-01 15:23:14,369 [INFO]       v ID=9106526 | Permohonan Data | None
2026-04-01 15:23:18,155 [INFO]    Detail: https://www.lapor.go.id/laporan/detil/permohonan-data-202506301958191751288299064
2026-04-01 15:23:26,271 [INFO]       v ID=9106576 | Permohonan Data | None
2026-04-01 15:23:29,141 [INFO]    Detail: https://www.lapor.go.id/laporan/detil/permohonan-data-202506302000111751288411771
2026-04-01 15:23:36,988 [INFO]       v ID=9106596 | Permohonan Data | None
2026-04-01 15:23:40,661 [INFO]    Detail: https://www.lapor.go.id/laporan/detil/permohonan-data-202506302002241751288544360
2026-04-01 15:23:47,655 [INFO]       v ID=9106611 | Permohonan Data | None
2026-04-01 15:23:51,689 [INFO]    Detail: https://www.lapor.go.id/laporan/detil/permohonan-data-202506302005391751288739301
2026-04-01 15:23:58,015 [INFO]       v ID=9106621 | Permohonan Data | None
2026-04-01 15:24:00,563 [INFO]    Detail: https://www.lapor.go.id/laporan/detil/permohonan-data-202506302007381751288858926
2026-04-01 15:24:07,723 [INFO]       v ID=9106631 | Permohonan Data | None
2026-04-01 15:24:09,801 [INFO]    Detail: https://www.lapor.go.id/laporan/detil/permohonan-data-202506302009031751288943227
2026-04-01 15:24:16,734 [INFO]       v ID=9106641 | Permohonan Data | None
2026-04-01 15:24:19,402 [INFO]    Detail: https://www.lapor.go.id/laporan/detil/permohonan-data-202506302011471751289107298
2026-04-01 15:24:25,841 [INFO]       v ID=9106656 | Permohonan Data | None
2026-04-01 15:24:29,238 [INFO]    Detail: https://www.lapor.go.id/laporan/detil/permohonan-data-202506302013101751289190583
2026-04-01 15:24:35,876 [INFO]       v ID=9106661 | Permohonan Data | None
2026-04-01 15:24:39,880 [INFO]    Detail: https://www.lapor.go.id/laporan/detil/selalu-tidak-ada-blangko-e-ktp-202506302134521751294092224
2026-04-01 15:24:46,842 [INFO]       v ID=9106996 | Selalu Tidak Ada Blangko E-KTP | None
2026-04-01 15:24:50,877 [INFO]    Total terkumpul sejauh ini: 2005 laporan

2026-04-01 15:24:53,333 [INFO] ── Halaman 202: https://www.lapor.go.id/kisah-sukses?page=202
2026-04-01 15:25:17,892 [INFO]    -> 10 laporan ditemukan
2026-04-01 15:25:17,894 [INFO]    Detail: https://www.lapor.go.id/laporan/detil/informasi-pegawai-bapperida-a-n-achmad-mudil-hidayahtullah-amd-202506302321461751300506537
2026-04-01 15:25:28,832 [INFO]       v ID=9107536 | Informasi Pegawai Bapperida a.n. Achmad Mudil | None
2026-04-01 15:25:31,493 [INFO]    Detail: https://www.lapor.go.id/laporan/detil/sobat-bps-202507010556341751324194880
2026-04-01 15:25:39,679 [INFO]       v ID=9108001 | SOBAT BPS | Topik Lainnya
2026-04-01 15:25:43,585 [INFO]    Detail: https://www.lapor.go.id/laporan/detil/kemacetan-di-perlintasan-rel-kereta-johar-202507011051441751341904209
2026-04-01 15:25:48,843 [INFO]       v ID=9109536 | Kemacetan Di Perlintasan Rel Kereta Johar | Lainnya terkait Perhubungan
2026-04-01 15:25:51,668 [INFO]    Detail: https://www.lapor.go.id/laporan/detil/cfd-memperhambat-arus-lalu-lintas-202507011137441751344664544
2026-04-01 15:25:58,599 [INFO]       v ID=9109926 | CFD memperhambat arus lalu lintas | None
2026-04-01 15:26:01,632 [INFO]    Detail: https://www.lapor.go.id/laporan/detil/banyumas-gak-ada-pembangunan-yg-diperhatikan-pembangunannya-cuma-di-purwokerto-202507011236581751348218468
2026-04-01 15:26:07,177 [INFO]       v ID=9110311 | BANYUMAS GAK ADA PEMBANGUNAN, YG DIPERHATIKAN | None
2026-04-01 15:26:11,118 [INFO]    Detail: https://www.lapor.go.id/laporan/detil/usulan-pembangunan-taman-di-kalibagor-202507011238381751348318188
2026-04-01 15:26:18,050 [INFO]       v ID=9110316 | USULAN PEMBANGUNAN TAMAN DI KALIBAGOR | None
2026-04-01 15:26:21,296 [INFO]    Detail: https://www.lapor.go.id/laporan/detil/usulan-pembuatan-rusun-yang-layak-huni-202507011320031751350803334
2026-04-01 15:26:31,985 [INFO]       v ID=9110516 | USULAN PEMBUATAN RUSUN YANG LAYAK HUNI | None
2026-04-01 15:26:34,359 [INFO]    Detail: https://www.lapor.go.id/laporan/detil/halte-tidak-terawat-202507011353361751352816365
2026-04-01 15:26:42,267 [INFO]       v ID=9110686 | Halte Tidak Terawat | Lainnya terkait Perhubungan
2026-04-01 15:26:44,599 [INFO]    Detail: https://www.lapor.go.id/laporan/detil/kurangnya-ruang-untuk-pejalan-kaki-202507011410421751353842060
2026-04-01 15:26:50,933 [INFO]       v ID=9110821 | Kurangnya Ruang Untuk Pejalan Kaki | Infrastruktur Jalan
2026-04-01 15:26:53,216 [INFO]    Detail: https://www.lapor.go.id/laporan/detil/bpjs-mandiri-pindah-ke-kis-202507012029571751376597107
2026-04-01 15:26:58,416 [INFO]       v ID=9112986 | Bpjs Mandiri Pindah Ke Kis | Administrasi BPJS Kesehatan
2026-04-01 15:27:02,364 [INFO]    Total terkumpul sejauh ini: 2015 laporan

2026-04-01 15:27:06,048 [INFO] ── Halaman 203: https://www.lapor.go.id/kisah-sukses?page=203
2026-04-01 15:27:26,289 [INFO]    -> 10 laporan ditemukan
2026-04-01 15:27:26,289 [INFO]    Detail: https://www.lapor.go.id/laporan/detil/jalan-tergenang-banjir-202507020748231751417303842
2026-04-01 15:27:31,982 [INFO]       v ID=9114391 | Jalan Tergenang Banjir | Drainase (Gorong-Gorong/Parit)
2026-04-01 15:27:35,247 [INFO]    Detail: https://www.lapor.go.id/laporan/detil/konsultasi-statistik-202507020835081751420108045
2026-04-01 15:27:40,121 [INFO]       v ID=9115036 | Konsultasi Statistik | None
2026-04-01 15:27:43,657 [INFO]    Detail: https://www.lapor.go.id/laporan/detil/permintaan-data-pdrb-adhk-2025-202507020835591751420159644
2026-04-01 15:27:52,345 [INFO]       v ID=9115041 | Permintaan data PDRB ADHK 2025 | None
2026-04-01 15:27:55,519 [INFO]    Detail: https://www.lapor.go.id/laporan/detil/minimnya-akses-rumah-sakit-di-kecamatan-pakisjaya-202507020845571751420757568
2026-04-01 15:28:01,713 [INFO]       v ID=9115081 | Minimnya Akses Rumah Sakit Di Kecamatan Pakis | SP4N-LAPOR!
2026-04-01 15:28:03,883 [INFO]    Detail: https://www.lapor.go.id/laporan/detil/permintaan-data-202507020850531751421053406
2026-04-01 15:28:10,894 [INFO]       v ID=9115111 | Permintaan Data | None
2026-04-01 15:28:13,282 [INFO]    Detail: https://www.lapor.go.id/laporan/detil/permintaan-data-pdrb-pengeluaran-per-kapita-202507020856241751421384421
2026-04-01 15:28:21,190 [INFO]       v ID=9115231 | Permintaan data PDRB Pengeluaran per kapita | None
2026-04-01 15:28:23,555 [INFO]    Detail: https://www.lapor.go.id/laporan/detil/aspirasi---pengaktifan-kembali-ijin-usaha-01-juli-2025--202507020900391751421639627
2026-04-01 15:28:30,216 [INFO]       v ID=9115281 | Aspirasi - Pengaktifan Kembali Ijin Usaha (01 | None
2026-04-01 15:28:34,119 [INFO]    Detail: https://www.lapor.go.id/laporan/detil/data-pariwisata-magetan-2024-202507020901471751421707693
2026-04-01 15:28:42,678 [INFO]       v ID=9115291 | Data Pariwisata Magetan 2024 | None
2026-04-01 15:28:46,551 [INFO]    Detail: https://www.lapor.go.id/laporan/detil/permohonan-data-jumlah-penduduk-dan-jumlah-kk-tahun-2024-202507020908271751422107581
2026-04-01 15:28:53,202 [INFO]       v ID=9115341 | Permohonan Data Jumlah Penduduk dan Jumlah KK | None
2026-04-01 15:28:55,973 [INFO]    Detail: https://www.lapor.go.id/laporan/detil/konsultasi-penelitian-dari-aquilla-zahra-faradiba-202507020911121751422272690
2026-04-01 15:29:02,550 [INFO]       v ID=9115371 | Konsultasi penelitian dari Aquilla Zahra Fara | None
2026-04-01 15:29:05,639 [INFO]    Total terkumpul sejauh ini: 2025 laporan

2026-04-01 15:29:08,410 [INFO] ── Halaman 204: https://www.lapor.go.id/kisah-sukses?page=204
2026-04-01 15:29:30,093 [INFO]    -> 10 laporan ditemukan
2026-04-01 15:29:30,093 [INFO]    Detail: https://www.lapor.go.id/laporan/detil/lampu-pju-mati-202507021632031751448723119
2026-04-01 15:29:35,627 [INFO]       v ID=9118196 | Lampu Pju Mati | Penerangan Jalan
2026-04-01 15:29:38,511 [INFO]    Detail: https://www.lapor.go.id/laporan/detil/saran-pengadaan-tempat-duduk-di-tempat-wifi-gratis-karawang-202507030755061751504106543
2026-04-01 15:29:44,322 [INFO]       v ID=9120036 | Saran Pengadaan Tempat Duduk Di Tempat Wifi G | Lainnya terkait Teknologi Informasi dan Komunikasi
2026-04-01 15:29:47,016 [INFO]    Detail: https://www.lapor.go.id/laporan/detil/konfirmasi-ada-orang-minta-data-dan-mengaku-dari-bps-1-februari-2025--202507030834431751506483387
2026-04-01 15:29:54,469 [INFO]       v ID=9120236 | Konfirmasi ada orang minta data dan mengaku d | None
2026-04-01 15:29:58,536 [INFO]    Detail: https://www.lapor.go.id/laporan/detil/statistik-garis-kemiskinan-rumah-tangga-jumlah-penduduk-per-2024-knp-tidak-ada-di-web-bps-6-maret-2025--202507030838171751506697283
2026-04-01 15:30:04,901 [INFO]       v ID=9120256 | statistik garis kemiskinan, rumah tangga, jum | None
2026-04-01 15:30:07,472 [INFO]    Detail: https://www.lapor.go.id/laporan/detil/pertemuan-dengan-pihak-penyedia-jasa-akomodasi-paket-meeting-202507031257401751522260942
2026-04-01 15:30:14,523 [INFO]       v ID=9121651 | Pertemuan dengan Pihak Penyedia Jasa Akomodas | None
2026-04-01 15:30:18,282 [INFO]    Detail: https://www.lapor.go.id/laporan/detil/penambahan-unit-fasilitas-kesehatan-202507031459161751529556039
2026-04-01 15:30:23,647 [INFO]       v ID=9122501 | Penambahan Unit Fasilitas Kesehatan | Akses Fasilitas Kesehatan sulit
2026-04-01 15:30:27,472 [INFO]    Detail: https://www.lapor.go.id/laporan/detil/infrastruktur-sekolah-dasar-negeri-malangsari-3-yang-tidak-memadai-202507031518551751530735554
2026-04-01 15:30:39,925 [INFO]       v ID=9122856 | Infrastruktur Sekolah Dasar Negeri Malangsari | Lainnya terkait Infrastruktur Pendukung
2026-04-01 15:30:42,683 [INFO]    Detail: https://www.lapor.go.id/laporan/detil/banyaknya-pengangguran-banyaknya-kriminalitas-202507031521161751530876956
2026-04-01 15:30:51,286 [INFO]       v ID=9122866 | Banyaknya Pengangguran, Banyaknya Kriminalita | Rekrutmen Tenagakerja
2026-04-01 15:30:53,608 [INFO]    Detail: https://www.lapor.go.id/laporan/detil/fasilitas-umum-di-karawang-belum-ramah-bagi-penyandang-disabilitas-202507031945201751546720241
2026-04-01 15:31:00,318 [INFO]       v ID=9124016 | Fasilitas Umum Di Karawang Belum Ramah Bagi P | Lainnya terkait Infrastruktur Jalan
2026-04-01 15:31:03,678 [INFO]    Detail: https://www.lapor.go.id/laporan/detil/keluhan-peternakan-ayam-yang-mengganggu-masyarakat-202507032132471751553167273
2026-04-01 15:31:14,231 [INFO]       v ID=9124326 | KELUHAN PETERNAKAN AYAM YANG MENGGANGGU MASYA | None
2026-04-01 15:31:16,852 [INFO]    Total terkumpul sejauh ini: 2035 laporan

2026-04-01 15:31:19,960 [INFO] ── Halaman 205: https://www.lapor.go.id/kisah-sukses?page=205
2026-04-01 15:31:41,035 [INFO]    -> 10 laporan ditemukan
2026-04-01 15:31:41,035 [INFO]    Detail: https://www.lapor.go.id/laporan/detil/mengingat-perkara-ini-sangat-rumit-saya-menunggu-solusi-dan-penyelesain-yang-terbaik-202507032214351751555675814
2026-04-01 15:31:46,288 [INFO]       v ID=9124521 | MENGINGAT PERKARA INI SANGAT RUMIT. SAYA MENU | None
2026-04-01 15:31:48,405 [INFO]    Detail: https://www.lapor.go.id/laporan/detil/wit-kelapa-sing-nang-pinggir-dalan-piasa-kulon-masuk-desa-plana-kebone-nggone-noto-kuwe-membahayakan-202507032242201751557340784
2026-04-01 15:31:54,238 [INFO]       v ID=9124616 | WIT KELAPA SING NANG PINGGIR DALAN PIASA KULO | None
2026-04-01 15:31:57,192 [INFO]    Detail: https://www.lapor.go.id/laporan/detil/perangkat-desa-plana-kecamatan-somagede-berbuat-kurang-baik-202507040803401751591020642
2026-04-01 15:32:03,005 [INFO]       v ID=9125456 | PERANGKAT DESA PLANA KECAMATAN SOMAGEDE BERBU | None
2026-04-01 15:32:06,892 [INFO]    Detail: https://www.lapor.go.id/laporan/detil/pohon-bambu-di-atas-jembatan-ruas-jalan-sebelum-tanjakan-sokawera-tanggeran-202507040808471751591327935
2026-04-01 15:32:12,382 [INFO]       v ID=9125491 | POHON BAMBU DI ATAS JEMBATAN RUAS JALAN SEBEL | None
2026-04-01 15:32:16,333 [INFO]    Detail: https://www.lapor.go.id/laporan/detil/mengadukan-suara-kebisingan-yang-disebabkan-oleh-usaha-gergajian-kayu-202507040830321751592632355
2026-04-01 15:32:21,968 [INFO]       v ID=9125786 | MENGADUKAN SUARA KEBISINGAN YANG DISEBABKAN O | None
2026-04-01 15:32:24,919 [INFO]    Detail: https://www.lapor.go.id/laporan/detil/kemacetan-lalu-lintas-di-kawasan-industri-karawang-202507040850111751593811308
2026-04-01 15:32:32,188 [INFO]       v ID=9126126 | Kemacetan Lalu Lintas Di Kawasan Industri Kar | Ketertiban Umum
2026-04-01 15:32:36,049 [INFO]    Detail: https://www.lapor.go.id/laporan/detil/perangkat-desa-plana-kecamatan-somagedemesum-dengan-warganya-sendiri-kok-masih-bekerja-dan-tidak-mendapakan-sanksi--202507040905191751594719562
2026-04-01 15:32:41,826 [INFO]       v ID=9126246 | PERANGKAT DESA PLANA KECAMATAN SOMAGEDEMESUM  | None
2026-04-01 15:32:45,620 [INFO]    Detail: https://www.lapor.go.id/laporan/detil/polusi-udara-yang-diakibatkan-oleh-pembakaran-sampah-di-kecamatan-pedes-202507040910461751595046873
2026-04-01 15:32:52,066 [INFO]       v ID=9126391 | Polusi Udara Yang Diakibatkan Oleh Pembakaran | Pencemaran Lingkungan
2026-04-01 15:32:55,924 [INFO]    Detail: https://www.lapor.go.id/laporan/detil/saluran-air-got-tidak-mengalir-lancar-mampet--202507040918231751595503377
2026-04-01 15:33:02,867 [INFO]       v ID=9126471 | Saluran Air / Got Tidak Mengalir Lancar (Mamp | Drainase (Gorong-Gorong/Parit)
2026-04-01 15:33:06,344 [INFO]    Detail: https://www.lapor.go.id/laporan/detil/permasalahan-pengemis-jalanan-di-kabupaten-karawang-202507040948441751597324475
2026-04-01 15:33:12,521 [INFO]       v ID=9126826 | Permasalahan Pengemis Jalanan Di Kabupaten Ka | Lainnya terkait Ketenteraman, Ketertiban Umum, dan Pelindungan Masyarakat
2026-04-01 15:33:15,105 [INFO]    Total terkumpul sejauh ini: 2045 laporan

2026-04-01 15:33:17,335 [INFO] ── Halaman 206: https://www.lapor.go.id/kisah-sukses?page=206
2026-04-01 15:33:39,867 [INFO]    -> 10 laporan ditemukan
2026-04-01 15:33:39,867 [INFO]    Detail: https://www.lapor.go.id/laporan/detil/silakan-buktikan-saja-proyek-jaringan-air-untuk-tiga-desa-yaitu-kemawi-klinting-dan-tanggeran-202507041021551751599315195
2026-04-01 15:33:48,583 [INFO]       v ID=9127036 | SILAKAN BUKTIKAN SAJA PROYEK JARINGAN AIR UNT | None
2026-04-01 15:33:51,626 [INFO]    Detail: https://www.lapor.go.id/laporan/detil/desa-tanggeran-sokawera-rusak-202507041035071751600107615
2026-04-01 15:33:58,257 [INFO]       v ID=9127121 | DESA TANGGERAN SOKAWERA RUSAK | None
2026-04-01 15:34:01,905 [INFO]    Detail: https://www.lapor.go.id/laporan/detil/lampu-pju-mati-202507041101401751601700449
2026-04-01 15:34:09,595 [INFO]       v ID=9127541 | Lampu Pju Mati | Penerangan Jalan
2026-04-01 15:34:12,549 [INFO]    Detail: https://www.lapor.go.id/laporan/detil/pembakaran-sampah-buat-warga-sesak-nafas-202507041259301751608770731
2026-04-01 15:34:17,885 [INFO]       v ID=9128021 | Pembakaran Sampah Buat Warga Sesak Nafas | Pencemaran Lingkungan
2026-04-01 15:34:20,446 [INFO]    Detail: https://www.lapor.go.id/laporan/detil/jalan-retak-akses-terhambat-202507041355571751612157159
2026-04-01 15:34:27,345 [INFO]       v ID=9128316 | Jalan Retak, Akses Terhambat | Jalan Berlubang
2026-04-01 15:34:31,050 [INFO]    Detail: https://www.lapor.go.id/laporan/detil/usulan-peningkatan-transportasi-umum-di-karawang-202507041357341751612254294
2026-04-01 15:34:36,824 [INFO]       v ID=9128336 | Usulan Peningkatan Transportasi Umum Di Karaw | Transportasi Darat
2026-04-01 15:34:39,438 [INFO]    Detail: https://www.lapor.go.id/laporan/detil/kurangnya-angkutan-umum-di-sekitar-kampus-unsika-202507041416551751613415924
2026-04-01 15:34:45,197 [INFO]       v ID=9128476 | Kurangnya Angkutan Umum Di Sekitar Kampus Uns | Lainnya terkait Perhubungan
2026-04-01 15:34:47,305 [INFO]    Detail: https://www.lapor.go.id/laporan/detil/mutasi-202507051550531751705453679
2026-04-01 15:34:53,311 [INFO]       v ID=9132576 | Mutasi | Pembinaan Kepegawaian
2026-04-01 15:34:57,198 [INFO]    Detail: https://www.lapor.go.id/laporan/detil/sistem-penerimaan-murid-baru-tingkat-smp-di-karawang-202507070751141751849474234
2026-04-01 15:35:05,644 [INFO]       v ID=9137361 | Sistem Penerimaan Murid Baru Tingkat Smp Di K | Pendidikan Dasar dan Menengah
2026-04-01 15:35:07,744 [INFO]    Detail: https://www.lapor.go.id/laporan/detil/sertipikat-hak-milik-tidak-diberikan-pengembang-perumahan-pembelian-cash-sudah-11-bulan-202507080929131751941753846
2026-04-01 15:35:13,539 [INFO]       v ID=9137676 | Sertipikat Hak Milik Tidak Diberikan Pengemba | Perlindungan Konsumen terkait Perumahan
2026-04-01 15:35:17,366 [INFO]    Total terkumpul sejauh ini: 2055 laporan

2026-04-01 15:35:19,959 [INFO] ── Halaman 207: https://www.lapor.go.id/kisah-sukses?page=207
2026-04-01 15:35:46,760 [INFO]    -> 10 laporan ditemukan
2026-04-01 15:35:46,760 [INFO]    Detail: https://www.lapor.go.id/laporan/detil/lampu-jalan-202507071044151751859855554
2026-04-01 15:35:53,575 [INFO]       v ID=9138521 | LAMPU JALAN | None
2026-04-01 15:35:56,294 [INFO]    Detail: https://www.lapor.go.id/laporan/detil/diskriminasi-pendidikan-202507071411391751872299434
2026-04-01 15:36:02,006 [INFO]       v ID=9139701 | Diskriminasi Pendidikan | Paud dan Pendidikan Informal
2026-04-01 15:36:05,644 [INFO]    Detail: https://www.lapor.go.id/laporan/detil/usulan-perbup-jam-malam-bagi-anak-anak-di-kabupaten-sumbawa-barat-202507071509041751875744422
2026-04-01 15:36:11,007 [INFO]       v ID=9140256 | Usulan Perbup Jam Malam bagi Anak-anak di Kab | Topik Lainnya
2026-04-01 15:36:14,246 [INFO]    Detail: https://www.lapor.go.id/laporan/detil/jam-operasi-perpustakaan-202507080815411751937341783
2026-04-01 15:36:19,812 [INFO]       v ID=9142581 | Jam Operasi Perpustakaan | Lainnya terkait Pendidikan dan Kebudayaan
2026-04-01 15:36:22,401 [INFO]    Detail: https://www.lapor.go.id/laporan/detil/tidak-ramah-bagi-pejalan-kaki-202507080851051751939465830
2026-04-01 15:36:28,093 [INFO]       v ID=9142686 | Tidak Ramah Bagi Pejalan Kaki | Infrastruktur Jalan
2026-04-01 15:36:32,016 [INFO]    Detail: https://www.lapor.go.id/laporan/detil/penahanan-sertifikat-tanah-oleh-pihak-atr-bpn-kabupaten-bintan-kepulauan-riau-202507081014541751944494196
2026-04-01 15:36:39,262 [INFO]       v ID=9143066 | Penahanan Sertifikat Tanah Oleh Pihak Atr?Bpn | Pertanahan
2026-04-01 15:36:42,237 [INFO]    Detail: https://www.lapor.go.id/laporan/detil/mengembangkan-program-sekolah-lansia-di-kab-karawang-202507081214351751951675808
2026-04-01 15:36:47,851 [INFO]       v ID=9143756 | Mengembangkan Program Sekolah Lansia Di Kab.  | Kesetaraan Gender dan Sosial Inklusif
2026-04-01 15:36:50,178 [INFO]    Detail: https://www.lapor.go.id/laporan/detil/gonggo-berlubang-masyarakat-tercengang-202507081236551751953015003
2026-04-01 15:36:57,896 [INFO]       v ID=9143876 | Gonggo Berlubang, Masyarakat Tercengang | Jalan Berlubang
2026-04-01 15:37:00,037 [INFO]    Detail: https://www.lapor.go.id/laporan/detil/pungli-dan-potensi-pungli-di-pantai-karangtawulan-kab-tasikmalaya-202507081256511751954211387
2026-04-01 15:37:05,686 [INFO]       v ID=9144016 | Pungli Dan Potensi Pungli Di Pantai Karangtaw | Pungutan Liar
2026-04-01 15:37:09,032 [INFO]    Detail: https://www.lapor.go.id/laporan/detil/bantuan-sosial-kemensos-ri-202507081422001751959320723
2026-04-01 15:37:15,625 [INFO]       v ID=9144466 | Bantuan Sosial Kemensos Ri | Bantuan Sosial
2026-04-01 15:37:17,754 [INFO]    Total terkumpul sejauh ini: 2065 laporan

2026-04-01 15:37:21,140 [INFO] ── Halaman 208: https://www.lapor.go.id/kisah-sukses?page=208
2026-04-01 15:37:47,478 [INFO]    -> 10 laporan ditemukan
2026-04-01 15:37:47,478 [INFO]    Detail: https://www.lapor.go.id/laporan/detil/sampah-menumpuk-di-pemda-202507090843401752025420493
2026-04-01 15:37:52,889 [INFO]       v ID=9147256 | Sampah Menumpuk Di Pemda | Pengelolaan Sampah
2026-04-01 15:37:55,122 [INFO]    Detail: https://www.lapor.go.id/laporan/detil/banjir-sukamakmur-parungsari-202507090927311752028051383
2026-04-01 15:38:02,811 [INFO]       v ID=9147461 | Banjir Sukamakmur & Parungsari | Penanggulangan Bencana
2026-04-01 15:38:05,635 [INFO]    Detail: https://www.lapor.go.id/laporan/detil/pengelolaan-sampah-desa-kemiri-202507090937441752028664503
2026-04-01 15:38:10,915 [INFO]       v ID=9147551 | Pengelolaan Sampah Desa Kemiri | Pengelolaan Sampah
2026-04-01 15:38:14,090 [INFO]    Detail: https://www.lapor.go.id/laporan/detil/bus-mangkal-di-lajur-jalan-aktif-202507090938091752028689530
2026-04-01 15:38:20,165 [INFO]       v ID=9147561 | Bus Mangkal Di Lajur Jalan Aktif | Lainnya terkait Perhubungan
2026-04-01 15:38:22,334 [INFO]    Detail: https://www.lapor.go.id/laporan/detil/minimnya-penerangan-jalan-umum-pju--202507091010271752030627021
2026-04-01 15:38:27,858 [INFO]       v ID=9147801 | Minimnya Penerangan Jalan Umum (Pju) | Penerangan Jalan
2026-04-01 15:38:30,243 [INFO]    Detail: https://www.lapor.go.id/laporan/detil/kurangnya-drainase-menyebabkan-jalan-banjir-202507091108591752034139478
2026-04-01 15:38:37,753 [INFO]       v ID=9148311 | Kurangnya Drainase Menyebabkan Jalan Banjir | Drainase (Gorong-Gorong/Parit)
2026-04-01 15:38:41,348 [INFO]    Detail: https://www.lapor.go.id/laporan/detil/menanam-pohon-202507091348131752043693310
2026-04-01 15:38:47,924 [INFO]       v ID=9149101 | Menanam Pohon | Pencemaran Lingkungan
2026-04-01 15:38:51,752 [INFO]    Detail: https://www.lapor.go.id/laporan/detil/pendaftaran-obat-tradisional-202507091405461752044746758
2026-04-01 15:38:58,941 [INFO]       v ID=9149231 | Pendaftaran Obat Tradisional | None
2026-04-01 15:39:02,935 [INFO]    Detail: https://www.lapor.go.id/laporan/detil/jaringan-wifi-202507100920321752114032328
2026-04-01 15:39:08,562 [INFO]       v ID=9153151 | Jaringan Wifi | Lainnya terkait Teknologi Informasi dan Komunikasi
2026-04-01 15:39:11,208 [INFO]    Detail: https://www.lapor.go.id/laporan/detil/karawang-butuh-wifi-publik-tempat-duduk-umum-202507100953431752116023347
2026-04-01 15:39:17,756 [INFO]       v ID=9153486 | Karawang Butuh Wifi Publik & Tempat Duduk Umu | Lainnya terkait Pekerjaan Umum dan Penataan Ruang
2026-04-01 15:39:21,183 [INFO]    Total terkumpul sejauh ini: 2075 laporan

2026-04-01 15:39:23,454 [INFO] ── Halaman 209: https://www.lapor.go.id/kisah-sukses?page=209
2026-04-01 15:39:45,908 [INFO]    -> 10 laporan ditemukan
2026-04-01 15:39:45,909 [INFO]    Detail: https://www.lapor.go.id/laporan/detil/cari-kerja-dipersulit-202507100954311752116071850
2026-04-01 15:39:54,029 [INFO]       v ID=9153501 | Cari Kerja Dipersulit | Lainnya terkait Ketenagakerjaan
2026-04-01 15:39:56,847 [INFO]    Detail: https://www.lapor.go.id/laporan/detil/akses-kawasan-industri-karawang-perlu-pembenahan-202507101117151752121035762
2026-04-01 15:40:04,573 [INFO]       v ID=9153961 | Akses Kawasan Industri Karawang Perlu Pembena | Infrastruktur Jalan
2026-04-01 15:40:08,350 [INFO]    Detail: https://www.lapor.go.id/laporan/detil/jalan-sempit-202507101127341752121654374
2026-04-01 15:40:28,003 [INFO]       v ID=9154021 | Jalan Sempit | Lainnya terkait Infrastruktur Jalan
2026-04-01 15:40:30,345 [INFO]    Detail: https://www.lapor.go.id/laporan/detil/perubahan-data-bantuan-sosial-202507101518531752135533642
2026-04-01 15:40:46,956 [WARNING] Attempt 1/3 gagal (https://www.lapor.go.id/laporan/detil/perubahan-data-bantuan-sosial-202507101518531752135533642): ('Connection aborted.', RemoteDisconnected('Remote end closed connection without response'))
2026-04-01 15:40:51,011 [WARNING] Attempt 2/3 gagal (https://www.lapor.go.id/laporan/detil/perubahan-data-bantuan-sosial-202507101518531752135533642): HTTPSConnectionPool(host='www.lapor.go.id', port=443): Max retries exceeded with url: /laporan/detil/perubahan-data-bantuan-sosial-202507101518531752135533642 (Caused by NameResolutionError("<urllib3.connection.HTTPSConnection object at 0x000001DD45500B00>: Failed to resolve 'www.lapor.go.id' ([Errno 11001] getaddrinfo failed)"))
2026-04-01 15:40:59,021 [WARNING] Attempt 3/3 gagal (https://www.lapor.go.id/laporan/detil/perubahan-data-bantuan-sosial-202507101518531752135533642): HTTPSConnectionPool(host='www.lapor.go.id', port=443): Max retries exceeded with url: /laporan/detil/perubahan-data-bantuan-sosial-202507101518531752135533642 (Caused by NameResolutionError("<urllib3.connection.HTTPSConnection object at 0x000001DD455032C0>: Failed to resolve 'www.lapor.go.id' ([Errno 11001] getaddrinfo failed)"))
2026-04-01 15:41:11,023 [ERROR] Semua percobaan gagal: https://www.lapor.go.id/laporan/detil/perubahan-data-bantuan-sosial-202507101518531752135533642
2026-04-01 15:41:11,023 [WARNING]       x Gagal parse, skip.
2026-04-01 15:41:14,626 [INFO]    Detail: https://www.lapor.go.id/laporan/detil/penerangan-jalan-di-desa-parakan-202507102034471752154487454
2026-04-01 15:41:14,641 [WARNING] Attempt 1/3 gagal (https://www.lapor.go.id/laporan/detil/penerangan-jalan-di-desa-parakan-202507102034471752154487454): HTTPSConnectionPool(host='www.lapor.go.id', port=443): Max retries exceeded with url: /laporan/detil/penerangan-jalan-di-desa-parakan-202507102034471752154487454 (Caused by NameResolutionError("<urllib3.connection.HTTPSConnection object at 0x000001DD45501190>: Failed to resolve 'www.lapor.go.id' ([Errno 11001] getaddrinfo failed)"))
2026-04-01 15:41:18,692 [WARNING] Attempt 2/3 gagal (https://www.lapor.go.id/laporan/detil/penerangan-jalan-di-desa-parakan-202507102034471752154487454): HTTPSConnectionPool(host='www.lapor.go.id', port=443): Max retries exceeded with url: /laporan/detil/penerangan-jalan-di-desa-parakan-202507102034471752154487454 (Caused by NameResolutionError("<urllib3.connection.HTTPSConnection object at 0x000001DD45500770>: Failed to resolve 'www.lapor.go.id' ([Errno 11001] getaddrinfo failed)"))
2026-04-01 15:41:26,707 [WARNING] Attempt 3/3 gagal (https://www.lapor.go.id/laporan/detil/penerangan-jalan-di-desa-parakan-202507102034471752154487454): HTTPSConnectionPool(host='www.lapor.go.id', port=443): Max retries exceeded with url: /laporan/detil/penerangan-jalan-di-desa-parakan-202507102034471752154487454 (Caused by NameResolutionError("<urllib3.connection.HTTPSConnection object at 0x000001DD45500EC0>: Failed to resolve 'www.lapor.go.id' ([Errno 11001] getaddrinfo failed)"))
2026-04-01 15:41:38,710 [ERROR] Semua percobaan gagal: https://www.lapor.go.id/laporan/detil/penerangan-jalan-di-desa-parakan-202507102034471752154487454
2026-04-01 15:41:38,710 [WARNING]       x Gagal parse, skip.
2026-04-01 15:41:41,839 [INFO]    Detail: https://www.lapor.go.id/laporan/detil/aspirasi-pengembangan-dan-perawatan-objek-wisata-di-karawang-202507102053161752155596714
2026-04-01 15:41:41,839 [WARNING] Attempt 1/3 gagal (https://www.lapor.go.id/laporan/detil/aspirasi-pengembangan-dan-perawatan-objek-wisata-di-karawang-202507102053161752155596714): HTTPSConnectionPool(host='www.lapor.go.id', port=443): Max retries exceeded with url: /laporan/detil/aspirasi-pengembangan-dan-perawatan-objek-wisata-di-karawang-202507102053161752155596714 (Caused by NameResolutionError("<urllib3.connection.HTTPSConnection object at 0x000001DD455428D0>: Failed to resolve 'www.lapor.go.id' ([Errno 11001] getaddrinfo failed)"))
2026-04-01 15:41:53,801 [INFO]       v ID=9157771 | Aspirasi Pengembangan Dan Perawatan Objek Wis | Lainnya terkait Pariwisata
2026-04-01 15:41:56,641 [INFO]    Detail: https://www.lapor.go.id/laporan/detil/gaji-202507111259241752213564877
2026-04-01 15:42:18,324 [WARNING] Attempt 1/3 gagal (https://www.lapor.go.id/laporan/detil/gaji-202507111259241752213564877): ('Connection aborted.', RemoteDisconnected('Remote end closed connection without response'))
2026-04-01 15:42:32,013 [INFO]       v ID=9163111 | Gaji | Gaji/Upah tidak dibayarkan
2026-04-01 15:42:34,266 [INFO]    Detail: https://www.lapor.go.id/laporan/detil/aspirasi---pergantian-nama-pemilik-usaha-pada-oss-02-juli-2025--202507111352421752216762638
2026-04-01 15:42:54,671 [INFO]       v ID=9163486 | Aspirasi - Pergantian Nama Pemilik Usaha Pada | None
2026-04-01 15:42:58,631 [INFO]    Detail: https://www.lapor.go.id/laporan/detil/aspirasi---pencabutan-sip-03-juli-2025--202507111401271752217287394
2026-04-01 15:43:06,543 [INFO]       v ID=9163561 | Aspirasi - Pencabutan SIP (03 Juli 2025) | None
2026-04-01 15:43:08,898 [INFO]    Detail: https://www.lapor.go.id/laporan/detil/premanisme-di-pt-changsin-202507111511381752221498979
2026-04-01 15:43:14,632 [INFO]       v ID=9164626 | Premanisme Di Pt Changsin | Lainnya terkait Ketenteraman, Ketertiban Umum, dan Pelindungan Masyarakat
2026-04-01 15:43:17,817 [INFO]    Total terkumpul sejauh ini: 2083 laporan

2026-04-01 15:43:21,514 [INFO] ── Halaman 210: https://www.lapor.go.id/kisah-sukses?page=210
2026-04-01 15:43:40,820 [WARNING] Attempt 1/3 gagal (https://www.lapor.go.id/kisah-sukses?page=210): ('Connection aborted.', RemoteDisconnected('Remote end closed connection without response'))
2026-04-01 15:44:23,270 [WARNING] Timeout attempt 2/3: https://www.lapor.go.id/kisah-sukses?page=210
2026-04-01 15:44:26,070 [INFO]    -> 10 laporan ditemukan
2026-04-01 15:44:26,076 [INFO]    Detail: https://www.lapor.go.id/laporan/detil/permintaan-data-penduduk-menurut-pekerjaan-dan-penduduk-miskin-202507111842121752234132236
2026-04-01 15:44:31,107 [WARNING] Attempt 1/3 gagal (https://www.lapor.go.id/laporan/detil/permintaan-data-penduduk-menurut-pekerjaan-dan-penduduk-miskin-202507111842121752234132236): ('Connection aborted.', RemoteDisconnected('Remote end closed connection without response'))
2026-04-01 15:44:43,229 [INFO]       v ID=9165426 | Permintaan Data Penduduk Menurut Pekerjaan da | None
2026-04-01 15:44:45,381 [INFO]    Detail: https://www.lapor.go.id/laporan/detil/permintaan-data-indeks-pembangunan-manusia-kabupaten-buol-2023-202507122006331752325593922
2026-04-01 15:44:51,739 [INFO]       v ID=9168571 | Permintaan Data Indeks Pembangunan Manusia Ka | None
2026-04-01 15:44:55,619 [INFO]    Detail: https://www.lapor.go.id/laporan/detil/genangan-air-rumah-kosong-sebelah-202507131232231752384743029
2026-04-01 15:45:02,493 [INFO]       v ID=9169981 | Genangan Air Rumah Kosong Sebelah | Permukiman
2026-04-01 15:45:04,819 [INFO]    Detail: https://www.lapor.go.id/laporan/detil/penerangan-jalan-ciampel-202507140923141752459794971
2026-04-01 15:45:12,095 [INFO]       v ID=9172931 | Penerangan Jalan Ciampel | Penerangan Jalan
2026-04-01 15:45:15,231 [INFO]    Detail: https://www.lapor.go.id/laporan/detil/pengaduan-masyarakat-202507150911311752545491399
2026-04-01 15:45:22,970 [INFO]       v ID=9178686 | Pengaduan masyarakat | Topik Lainnya
2026-04-01 15:45:25,420 [INFO]    Detail: https://www.lapor.go.id/laporan/detil/lampu-pju-gang-rengasjaya-sudah-lama-padam-jalan-gelap-sekali--202507151002221752548542750
2026-04-01 15:45:30,759 [INFO]       v ID=9179191 | Lampu Pju Gang Rengasjaya Sudah Lama Padam,Ja | Penerangan Jalan
2026-04-01 15:45:34,684 [INFO]    Detail: https://www.lapor.go.id/laporan/detil/pekalongan-darurat-sampah-lagi--202507151332391752561159895
2026-04-01 15:45:42,315 [INFO]       v ID=9180476 | Pekalongan Darurat Sampah...lagi. | Pencemaran Lingkungan
2026-04-01 15:45:45,421 [INFO]    Detail: https://www.lapor.go.id/laporan/detil/turap-roboh-dan-perlu-normalisasi-kali-kalapa-202507151444151752565455296
2026-04-01 15:45:54,408 [INFO]       v ID=9181256 | Turap Roboh Dan Perlu Normalisasi Kali Kalapa | Infrastruktur Pendukung
2026-04-01 15:45:57,524 [INFO]    Detail: https://www.lapor.go.id/laporan/detil/perumahan-banjir-202507151452261752565946047
2026-04-01 15:46:05,038 [INFO]       v ID=9181386 | Perumahan green lavender sukameka Banjir | Topik Lainnya
2026-04-01 15:46:08,781 [INFO]    Detail: https://www.lapor.go.id/laporan/detil/permintaan-informasi-202507161110381752639038410
2026-04-01 15:46:15,079 [INFO]       v ID=9185356 | Permintaan Informasi | Administrasi Kependudukan dan Pencatatan Sipil
2026-04-01 15:46:18,116 [INFO]    Total terkumpul sejauh ini: 2093 laporan

2026-04-01 15:46:20,955 [INFO] ── Halaman 211: https://www.lapor.go.id/kisah-sukses?page=211
2026-04-01 15:46:43,803 [INFO]    -> 10 laporan ditemukan
2026-04-01 15:46:43,803 [INFO]    Detail: https://www.lapor.go.id/laporan/detil/soal-dana-pip-dari-pemerintah-202507171156541752728214780
2026-04-01 15:46:50,312 [INFO]       v ID=9190936 | Soal Dana Pip Dari Pemerintah | Kartu Indonesia Pintar/KIP
2026-04-01 15:46:52,512 [INFO]    Detail: https://www.lapor.go.id/laporan/detil/penerangan-kurang-202507171207311752728851941
2026-04-01 15:46:59,109 [INFO]       v ID=9191036 | Penerangan Kurang | None
2026-04-01 15:47:01,281 [INFO]    Detail: https://www.lapor.go.id/laporan/detil/permasalahan-lingkungan-infrastruktur-di-desa-nongan-tps3r-pamsimas-perampasan-aset-desa-202507171328441752733724492
2026-04-01 15:47:09,485 [INFO]       v ID=9191471 | Permasalahan Lingkungan & Infrastruktur Di De | Pencemaran Lingkungan
2026-04-01 15:47:12,163 [INFO]    Detail: https://www.lapor.go.id/laporan/detil/pengaduan-penyerahan-antibiotik-tanpa-resep-dokter-202507171347241752734844041
2026-04-01 15:47:17,547 [INFO]       v ID=9191636 | Pengaduan penyerahan antibiotik tanpa resep d | None
2026-04-01 15:47:19,929 [INFO]    Detail: https://www.lapor.go.id/laporan/detil/jalan-terputus-202507171430341752737434749
2026-04-01 15:47:25,135 [INFO]       v ID=9192191 | Jalan Terputus | Infrastruktur Jalan
2026-04-01 15:47:28,452 [INFO]    Detail: https://www.lapor.go.id/laporan/detil/tidak-adanya-pilihan-unor-instansi-pada-ekinerja-202507180438441752788324775
2026-04-01 15:47:37,313 [INFO]       v ID=9194636 | Tidak Adanya Pilihan Unor Instansi Pada Ekine | SP4N-LAPOR!
2026-04-01 15:47:39,827 [INFO]    Detail: https://www.lapor.go.id/laporan/detil/ktp-pengganti-tak-kunjung-selesai-202507180854111752803651961
2026-04-01 15:47:47,750 [INFO]       v ID=9195186 | Ktp Pengganti Tak Kunjung Selesai | Lainnya terkait Kependudukan
2026-04-01 15:47:50,279 [INFO]    Detail: https://www.lapor.go.id/laporan/detil/penilaian-gms-202507181655131752832513518
2026-04-01 15:47:57,816 [INFO]       v ID=9197756 | Penilaian GMS | None
2026-04-01 15:48:00,832 [INFO]    Detail: https://www.lapor.go.id/laporan/detil/lampu-mati-202507211433181753083198508
2026-04-01 15:48:11,014 [INFO]       v ID=9201516 | Lampu Mati | Penerangan Jalan
2026-04-01 15:48:14,297 [INFO]    Detail: https://www.lapor.go.id/laporan/detil/konsultasi-terkait-indikator-makro-kabupaten-tana-tidung-202507211026041753068364463
2026-04-01 15:48:25,564 [INFO]       v ID=9205106 | Konsultasi Terkait Indikator Makro Kabupaten  | None
2026-04-01 15:48:28,588 [INFO]    Total terkumpul sejauh ini: 2103 laporan

2026-04-01 15:48:31,153 [INFO] ── Halaman 212: https://www.lapor.go.id/kisah-sukses?page=212
2026-04-01 15:48:53,903 [INFO]    -> 10 laporan ditemukan
2026-04-01 15:48:53,903 [INFO]    Detail: https://www.lapor.go.id/laporan/detil/kerusakan-jalan-beton-antara-mess-dan-garasi-mobil-10-juli-2025--202507221002331753153353016
2026-04-01 15:49:01,169 [INFO]       v ID=9210091 | Kerusakan Jalan Beton antara Mess dan Garasi  | None
2026-04-01 15:49:03,784 [INFO]    Detail: https://www.lapor.go.id/laporan/detil/permohonan-informasi-terkait-penebangan-hutan-mangrove-untuk-arang-bakau-di-wilayah-kubu-raya-202507221111051753157465717
2026-04-01 15:49:10,395 [INFO]       v ID=9210611 | Permohonan Informasi Terkait Penebangan Hutan | Kehutanan
2026-04-01 15:49:12,832 [INFO]    Detail: https://www.lapor.go.id/laporan/detil/kemacetan-di-jalan-gunung-batu-bogor-202507221112211753157541264
2026-04-01 15:49:17,961 [INFO]       v ID=9210626 | Kemacetan Di Jalan Gunung Batu Bogor | Lainnya terkait Ketenteraman, Ketertiban Umum, dan Pelindungan Masyarakat
2026-04-01 15:49:21,156 [INFO]    Detail: https://www.lapor.go.id/laporan/detil/menggunakan-lahan-fasum-202507221141321753159292947
2026-04-01 15:49:26,472 [INFO]       v ID=9210951 | Menggunakan Lahan Fasum | Lainnya terkait Ketenteraman, Ketertiban Umum, dan Pelindungan Masyarakat
2026-04-01 15:49:29,374 [INFO]    Detail: https://www.lapor.go.id/laporan/detil/pajak-daerah-202507221258351753163915835
2026-04-01 15:49:35,993 [INFO]       v ID=9211426 | Pajak Daerah | Pajak Daerah
2026-04-01 15:49:38,774 [INFO]    Detail: https://www.lapor.go.id/laporan/detil/jalan-rusak-202507241355191753340119196
2026-04-01 15:49:44,798 [INFO]       v ID=9211451 | Jalan Rusak | Jalan Berlubang
2026-04-01 15:49:47,795 [INFO]    Detail: https://www.lapor.go.id/laporan/detil/prihatin-74-76-desa-di-kabupaten-karawang-membuang-sampah-dengan-menimbun-hingga-membakar-202507230926291753237589705
2026-04-01 15:49:54,442 [INFO]       v ID=9215916 | Prihatin : 74,76% Desa Di Kabupaten Karawang  | Pengelolaan Sampah
2026-04-01 15:49:57,659 [INFO]    Detail: https://www.lapor.go.id/laporan/detil/fasilitas-kebutuhan-website-desa-kelurahan-kabupaten-karawang-202507230929421753237782099
2026-04-01 15:50:04,252 [INFO]       v ID=9215941 | Fasilitas Kebutuhan Website Desa/Kelurahan Ka | Lainnya terkait Teknologi Informasi dan Komunikasi
2026-04-01 15:50:07,209 [INFO]    Detail: https://www.lapor.go.id/laporan/detil/trotoar-pejalan-di-karawang-202507230948291753238909319
2026-04-01 15:50:13,277 [INFO]       v ID=9216121 | Trotoar Pejalan Di Karawang | Lainnya terkait Infrastruktur Jalan
2026-04-01 15:50:15,910 [INFO]    Detail: https://www.lapor.go.id/laporan/detil/jalan-rusak-parah-202507231120481753244448313
2026-04-01 15:50:21,858 [INFO]       v ID=9216996 | Jalan Rusak Parah | Infrastruktur Jalan
2026-04-01 15:50:25,691 [INFO]    Total terkumpul sejauh ini: 2113 laporan

2026-04-01 15:50:29,241 [INFO] ── Halaman 213: https://www.lapor.go.id/kisah-sukses?page=213
2026-04-01 15:50:51,380 [INFO]    -> 10 laporan ditemukan
2026-04-01 15:50:51,382 [INFO]    Detail: https://www.lapor.go.id/laporan/detil/jalan-rusak-di-sepanjang-jalan-pattimura-kab-jombang-202507240941521753324912577
2026-04-01 15:50:57,189 [INFO]       v ID=9221296 | Jalan Rusak di Sepanjang Jalan Pattimura, Kab | None
2026-04-01 15:50:59,879 [INFO]    Detail: https://www.lapor.go.id/laporan/detil/perbuatan-tidak-menyenangkan-meresahkan-lingkungan-202507240942451753324965667
2026-04-01 15:51:04,879 [INFO]       v ID=9221306 | PERBUATAN TIDAK MENYENANGKAN MERESAHKAN LINGK | None
2026-04-01 15:51:07,781 [INFO]    Detail: https://www.lapor.go.id/laporan/detil/lowongan-pekerjaan-202507241104471753329887279
2026-04-01 15:51:13,596 [INFO]       v ID=9222141 | Lowongan Pekerjaan | Lainnya terkait Ketenagakerjaan
2026-04-01 15:51:16,414 [INFO]    Detail: https://www.lapor.go.id/laporan/detil/lowongan-pekerjaan-202507241104471753329887891
2026-04-01 15:51:21,985 [INFO]       v ID=9222146 | Lowongan Pekerjaan | Lainnya terkait Ketenagakerjaan
2026-04-01 15:51:24,105 [INFO]    Detail: https://www.lapor.go.id/laporan/detil/korupsi-202507241109131753330153298
2026-04-01 15:51:29,549 [INFO]       v ID=9222191 | Korupsi | Anggaran dan Perbendaharaan
2026-04-01 15:51:33,133 [INFO]    Detail: https://www.lapor.go.id/laporan/detil/sampah-202507241111291753330289139
2026-04-01 15:51:39,582 [INFO]       v ID=9222236 | Sampah | Pencemaran Lingkungan
2026-04-01 15:51:42,670 [INFO]    Detail: https://www.lapor.go.id/laporan/detil/laporan-icv-tidak-masuk-ke-satusehat-mobile-202507251051211753415481413
2026-04-01 15:51:48,600 [INFO]       v ID=9228311 | Laporan ICV Tidak Masuk ke SATUSEHAT Mobile | None
2026-04-01 15:51:51,179 [INFO]    Detail: https://www.lapor.go.id/laporan/detil/aspirasi---pengurusan-tdg-tanda-daftar-gudang-tanggal-7-juli-2025--202507251421501753428110718
2026-04-01 15:51:56,994 [INFO]       v ID=9232991 | Aspirasi - Pengurusan TDG (Tanda Daftar Gudan | None
2026-04-01 15:51:59,808 [INFO]    Detail: https://www.lapor.go.id/laporan/detil/aspirasi---pendaftaran-lewat-akun-mpp-digital-terkendala-14-juli-2025--202507251432521753428772338
2026-04-01 15:52:06,010 [INFO]       v ID=9233201 | Aspirasi - Pendaftaran lewat akun MPP digital | None
2026-04-01 15:52:09,844 [INFO]    Detail: https://www.lapor.go.id/laporan/detil/aspirasi---syarat-pencabutan-sip-tanggal-14-juli-2025--202507251437351753429055909
2026-04-01 15:52:18,601 [INFO]       v ID=9233376 | Aspirasi - Syarat Pencabutan SIP (Tanggal 14  | None
2026-04-01 15:52:22,290 [INFO]    Total terkumpul sejauh ini: 2123 laporan

2026-04-01 15:52:24,651 [INFO] ── Halaman 214: https://www.lapor.go.id/kisah-sukses?page=214
2026-04-01 15:52:48,018 [INFO]    -> 10 laporan ditemukan
2026-04-01 15:52:48,018 [INFO]    Detail: https://www.lapor.go.id/laporan/detil/aspirasi---pengurusan-sip-tanggal-16-juli-2025--202507251444551753429495613
2026-04-01 15:52:53,717 [INFO]       v ID=9233596 | Aspirasi - Pengurusan SIP (Tanggal 16 Juli 20 | None
2026-04-01 15:52:57,301 [INFO]    Detail: https://www.lapor.go.id/laporan/detil/aspirasi---oss-terkait-cara-terbit-sertifikat-standart-16-juli-2025--202507251449491753429789586
2026-04-01 15:53:02,945 [INFO]       v ID=9233616 | Aspirasi - OSS Terkait Cara Terbit Sertifikat | None
2026-04-01 15:53:05,326 [INFO]    Detail: https://www.lapor.go.id/laporan/detil/aspirasi---kendala-terkait-aplikasi-oss-18-juli-2025--202507251456061753430166942
2026-04-01 15:53:10,928 [INFO]       v ID=9233696 | Aspirasi - Kendala Terkait Aplikasi OSS (18 J | None
2026-04-01 15:53:13,759 [INFO]    Detail: https://www.lapor.go.id/laporan/detil/aspirasi---oss-pengajuan-kkpr-24-juli-2025--202507251500341753430434618
2026-04-01 15:53:21,682 [INFO]       v ID=9233736 | Aspirasi - OSS Pengajuan KKPR (24 Juli 2025) | None
2026-04-01 15:53:25,017 [INFO]    Detail: https://www.lapor.go.id/laporan/detil/aspirasi---pengajuan-reklame-24-juli-2025--202507251504551753430695317
2026-04-01 15:53:30,387 [INFO]       v ID=9233781 | Aspirasi - Pengajuan Reklame (24 Juli 2025) | None
2026-04-01 15:53:33,269 [INFO]    Detail: https://www.lapor.go.id/laporan/detil/website-opd-202507251527591753432079279
2026-04-01 15:53:39,315 [INFO]       v ID=9233926 | Website OPD | None
2026-04-01 15:53:43,212 [INFO]    Detail: https://www.lapor.go.id/laporan/detil/susah-akses-website-perangkat-daerah-202507251532031753432323716
2026-04-01 15:53:50,053 [INFO]       v ID=9233941 | Susah akses website perangkat daerah | Keluhan Atas Akses Menu Cek Pembayaran Iuran di Website BPJS Kesehatan
2026-04-01 15:53:53,177 [INFO]    Detail: https://www.lapor.go.id/laporan/detil/pohon-sisa-penebangan-menghalangi-trotoar-hampir-separuh-dan-menjadi-sarang-tikus-dan-kecoa-202507251637071753436227845
2026-04-01 15:53:59,979 [INFO]       v ID=9234246 | Pohon Sisa Penebangan Menghalangi Trotoar Ham | Trotoar
2026-04-01 15:54:03,238 [INFO]    Detail: https://www.lapor.go.id/laporan/detil/konsultasi-202507251954041753448044862
2026-04-01 15:54:10,925 [INFO]       v ID=9234911 | Konsultasi | Lainnya terkait Kepegawaian
2026-04-01 15:54:14,434 [INFO]    Detail: https://www.lapor.go.id/laporan/detil/tempat-bilyard-mengganggu-ketentraman-dan-kenyamanan-202507252220101753456810376
2026-04-01 15:54:20,483 [INFO]       v ID=9235486 | Tempat Bilyard Mengganggu Ketentraman dan Ken | Lainnya terkait Ketenteraman, Ketertiban Umum, dan Pelindungan Masyarakat
2026-04-01 15:54:22,788 [INFO]    Total terkumpul sejauh ini: 2133 laporan

2026-04-01 15:54:25,982 [INFO] ── Halaman 215: https://www.lapor.go.id/kisah-sukses?page=215
2026-04-01 15:54:49,054 [INFO]    -> 10 laporan ditemukan
2026-04-01 15:54:49,054 [INFO]    Detail: https://www.lapor.go.id/laporan/detil/rt-dan-rw-tidak-netral-202507260833001753493580432
2026-04-01 15:54:54,938 [INFO]       v ID=9236341 | Rt Dan Rw Tidak Netral | Bantuan Sosial
2026-04-01 15:54:57,234 [INFO]    Detail: https://www.lapor.go.id/laporan/detil/sarana-distribusi-pangan-yang-tidak-sesuai-ketentuan-202507260905371753495537687
2026-04-01 15:55:02,758 [INFO]       v ID=9236431 | Sarana Distribusi Pangan yang Tidak Sesuai Ke | None
2026-04-01 15:55:05,292 [INFO]    Detail: https://www.lapor.go.id/laporan/detil/sip-perawat-202507261458161753516696413
2026-04-01 15:55:14,530 [INFO]       v ID=9237226 | Sip Perawat | Permohonan SIP (Surat Izin Praktek)
2026-04-01 15:55:17,190 [INFO]    Detail: https://www.lapor.go.id/laporan/detil/permohonan-penggunaan-lapangan-bakorwil-untuk-latihan-futsal-sekolah-202507281516011753690561805
2026-04-01 15:55:22,826 [INFO]       v ID=9245191 | Permohonan Penggunaan Lapangan Bakorwil untuk | None
2026-04-01 15:55:25,739 [INFO]    Detail: https://www.lapor.go.id/laporan/detil/pendaftaran-kekayaan-intelektual-warisan-budaya-tak-benda-indonesia-laporan-latihan--202507281521391753690899766
2026-04-01 15:55:32,460 [INFO]       v ID=9245241 | Pendaftaran Kekayaan Intelektual Warisan Buda | None
2026-04-01 15:55:34,670 [INFO]    Detail: https://www.lapor.go.id/laporan/detil/permohonan-informasi-penyewaan-gedung-maharani-202507290830171753752617353
2026-04-01 15:55:41,460 [INFO]       v ID=9246941 | Permohonan Informasi Penyewaan Gedung Maharan | None
2026-04-01 15:55:44,626 [INFO]    Detail: https://www.lapor.go.id/laporan/detil/permohonan-informasi-lowongan-pekerjaan-di-bakorwil-202507290833171753752797502
2026-04-01 15:55:50,767 [INFO]       v ID=9246956 | Permohonan Informasi Lowongan Pekerjaan di Ba | None
2026-04-01 15:55:53,006 [INFO]    Detail: https://www.lapor.go.id/laporan/detil/pertanyaan-biaya-balik-nama-saat-pemutihan-202507290835411753752941004
2026-04-01 15:56:00,407 [INFO]       v ID=9246966 | Pertanyaan Biaya Balik Nama saat Pemutihan | None
2026-04-01 15:56:02,910 [INFO]    Detail: https://www.lapor.go.id/laporan/detil/permohonan-informasi-lowongan-pekerjaan-di-bakorwil-bojonegoro-202507290837531753753073368
2026-04-01 15:56:10,333 [INFO]       v ID=9246971 | Permohonan Informasi Lowongan Pekerjaan di Ba | None
2026-04-01 15:56:14,153 [INFO]    Detail: https://www.lapor.go.id/laporan/detil/pertanyaan-partisipasi-smp-dalam-festival-band-202507290839441753753184967
2026-04-01 15:56:20,679 [INFO]       v ID=9246986 | Pertanyaan Partisipasi SMP dalam Festival Ban | None
2026-04-01 15:56:23,031 [INFO]    Total terkumpul sejauh ini: 2143 laporan

2026-04-01 15:56:26,820 [INFO] ── Halaman 216: https://www.lapor.go.id/kisah-sukses?page=216
2026-04-01 15:56:47,227 [INFO]    -> 10 laporan ditemukan
2026-04-01 15:56:47,227 [INFO]    Detail: https://www.lapor.go.id/laporan/detil/permintaan-informasi-lowongan-tenaga-ahli-202507291032201753759940147
2026-04-01 15:56:52,836 [INFO]       v ID=9247431 | Permintaan Informasi Lowongan Tenaga Ahli | None
2026-04-01 15:56:55,066 [INFO]    Detail: https://www.lapor.go.id/laporan/detil/mohon-desa-muara-arai-di-asistensi-banyak-dugaan-penyelewengan-dana-202507301639211753868361171
2026-04-01 15:57:02,155 [INFO]       v ID=9249281 | Mohon Desa Muara Arai Di Asistensi Banyak Dug | Pemerintahan Desa
2026-04-01 15:57:04,944 [INFO]    Detail: https://www.lapor.go.id/laporan/detil/keluhan-masyarakat-202507301105131753848313421
2026-04-01 15:57:11,974 [INFO]       v ID=9249766 | Keluhan Masyarakat | None
2026-04-01 15:57:14,428 [INFO]    Detail: https://www.lapor.go.id/laporan/detil/pengaduan-terkait-air-minum-dalam-kemasan-202507301119051753849145139
2026-04-01 15:57:21,192 [INFO]       v ID=9249831 | Pengaduan Terkait Air Minum Dalam Kemasan | None
2026-04-01 15:57:24,792 [INFO]    Detail: https://www.lapor.go.id/laporan/detil/jalan-rusak-202507301542391753864959628
2026-04-01 15:57:30,507 [INFO]       v ID=9251016 | Jalan Rusak | Jalan Berlubang
2026-04-01 15:57:34,362 [INFO]    Detail: https://www.lapor.go.id/laporan/detil/hpv-dna-202507310939041753929544669
2026-04-01 15:57:40,252 [INFO]       v ID=9252081 | HPV DNA | None
2026-04-01 15:57:43,428 [INFO]    Detail: https://www.lapor.go.id/laporan/detil/pelayanan-202507310943071753929787868
2026-04-01 15:57:48,646 [INFO]       v ID=9252091 | Pelayanan | None
2026-04-01 15:57:51,150 [INFO]    Detail: https://www.lapor.go.id/laporan/detil/pelayanan-202507310945491753929949102
2026-04-01 15:57:57,862 [INFO]       v ID=9252111 | Pelayanan | None
2026-04-01 15:58:01,532 [INFO]    Detail: https://www.lapor.go.id/laporan/detil/mutu-layanan-202507310957141753930634424
2026-04-01 15:58:08,603 [INFO]       v ID=9252151 | Mutu Layanan | None
2026-04-01 15:58:10,957 [INFO]    Detail: https://www.lapor.go.id/laporan/detil/kk-dan-akte-202507311002261753930946642
2026-04-01 15:58:19,218 [INFO]       v ID=9252186 | KK dan Akte | None
2026-04-01 15:58:22,351 [INFO]    Total terkumpul sejauh ini: 2153 laporan

2026-04-01 15:58:25,955 [INFO] ── Halaman 217: https://www.lapor.go.id/kisah-sukses?page=217
2026-04-01 15:58:47,433 [INFO]    -> 10 laporan ditemukan
2026-04-01 15:58:47,433 [INFO]    Detail: https://www.lapor.go.id/laporan/detil/pelayanan-masyarakat-202507311006581753931218074
2026-04-01 15:58:52,961 [INFO]       v ID=9252191 | Pelayanan Masyarakat | None
2026-04-01 15:58:56,817 [INFO]    Detail: https://www.lapor.go.id/laporan/detil/melahirkan-202507311017051753931825030
2026-04-01 15:59:02,584 [INFO]       v ID=9252211 | Melahirkan | None
2026-04-01 15:59:05,166 [INFO]    Detail: https://www.lapor.go.id/laporan/detil/melahirkan-202507311044081753933448193
2026-04-01 15:59:10,664 [INFO]       v ID=9252266 | Melahirkan | None
2026-04-01 15:59:13,738 [INFO]    Detail: https://www.lapor.go.id/laporan/detil/jam-pelayanan-202507311047191753933639981
2026-04-01 15:59:19,154 [INFO]       v ID=9252276 | Jam pelayanan | None
2026-04-01 15:59:22,124 [INFO]    Detail: https://www.lapor.go.id/laporan/detil/dokter-202507311049071753933747831
2026-04-01 15:59:27,666 [INFO]       v ID=9252296 | Dokter | None
2026-04-01 15:59:31,209 [INFO]    Detail: https://www.lapor.go.id/laporan/detil/pelayanan-klaster-2-ibu-dan-bayi-202507311057191753934239263
2026-04-01 15:59:36,986 [INFO]       v ID=9252316 | pelayanan klaster 2 ibu dan bayi | None
2026-04-01 15:59:39,873 [INFO]    Detail: https://www.lapor.go.id/laporan/detil/air-mati-202507311454061753948446732
2026-04-01 15:59:47,549 [INFO]       v ID=9253126 | air mati | None
2026-04-01 15:59:50,070 [INFO]    Detail: https://www.lapor.go.id/laporan/detil/pelayanan-di-loket-3-202507311459511753948791727
2026-04-01 15:59:56,661 [INFO]       v ID=9253191 | pelayanan di loket 3 | None
2026-04-01 15:59:59,899 [INFO]    Detail: https://www.lapor.go.id/laporan/detil/kerusakan-fasilitas-di-penginapan-mina-bahari-202507311504471753949087019
2026-04-01 16:00:07,213 [INFO]       v ID=9253226 | Kerusakan fasilitas di penginapan Mina bahari | None
2026-04-01 16:00:09,373 [INFO]    Detail: https://www.lapor.go.id/laporan/detil/permintaan-informasi-lowongan-pekerjaan-202508010943411754016221833
2026-04-01 16:00:16,827 [INFO]       v ID=9254481 | Permintaan Informasi Lowongan Pekerjaan | None
2026-04-01 16:00:20,659 [INFO]    Total terkumpul sejauh ini: 2163 laporan

2026-04-01 16:00:23,642 [INFO] ── Halaman 218: https://www.lapor.go.id/kisah-sukses?page=218
2026-04-01 16:00:49,395 [INFO]    -> 10 laporan ditemukan
2026-04-01 16:00:49,395 [INFO]    Detail: https://www.lapor.go.id/laporan/detil/kurangnya-penerangan-jalan-penghubung-bawen-secang-dan-adanya-lampu-jalan-yang-mati-di-jalan-tersebut-202508050132251754332345794
2026-04-01 16:00:54,905 [INFO]       v ID=9258405 | Kurangnya Penerangan Jalan Penghubung Bawen-S | Infrastruktur Jalan
2026-04-01 16:00:56,987 [INFO]    Detail: https://www.lapor.go.id/laporan/detil/angkringan-berisik-202508050134101754332450217
2026-04-01 16:01:02,493 [INFO]       v ID=9258407 | Angkringan Berisik | Lainnya terkait Ketenteraman, Ketertiban Umum, dan Pelindungan Masyarakat
2026-04-01 16:01:05,999 [INFO]    Detail: https://www.lapor.go.id/laporan/detil/gorong2-jebol-202508081504211754640261694
2026-04-01 16:01:12,745 [INFO]       v ID=9260561 | Gorong2 Jebol | Drainase (Gorong-Gorong/Parit)
2026-04-01 16:01:16,431 [INFO]    Detail: https://www.lapor.go.id/laporan/detil/jalan-berlubang-202508081513371754640817258
2026-04-01 16:01:23,264 [INFO]       v ID=9260569 | Jalan Berlubang | Jalan Berlubang
2026-04-01 16:01:26,071 [INFO]    Detail: https://www.lapor.go.id/laporan/detil/pengaduan-penolakan-permohonan-sim-internasional-dengan-dokumen-kitas-tanpa-penjelasan-resmi-dan-ketidakjelasan-pengembalian-dana-202508102306111754841971643
2026-04-01 16:01:37,210 [INFO]       v ID=9266017 | Pengaduan Penolakan Permohonan Sim Internasio | Lainnya terkait Kepolisian
2026-04-01 16:01:39,948 [INFO]    Detail: https://www.lapor.go.id/laporan/detil/aspirasi---kendala-pada-aplikasi-mppd-01-agustus-2025--202508110925371754879137400
2026-04-01 16:01:46,846 [INFO]       v ID=9267569 | Aspirasi - Kendala Pada Aplikasi MPPD (01 Agu | None
2026-04-01 16:01:49,875 [INFO]    Detail: https://www.lapor.go.id/laporan/detil/pohon-tumbang-202508110934211754879661814
2026-04-01 16:01:56,974 [INFO]       v ID=9267717 | pohon tumbang | None
2026-04-01 16:01:59,418 [INFO]    Detail: https://www.lapor.go.id/laporan/detil/aspirasi---perkembangan-status-pengajuan-sitr-05-agustus-2025--202508110943011754880181303
2026-04-01 16:02:05,866 [INFO]       v ID=9267801 | Aspirasi - Perkembangan Status Pengajuan SITR | None
2026-04-01 16:02:08,905 [INFO]    Detail: https://www.lapor.go.id/laporan/detil/aspirasi---syarat-pencabutan-sipttk-surat-izin-praktik-tenaga-teknis-kefarmasian-07-agustus2025--202508110950301754880630353
2026-04-01 16:02:15,412 [INFO]       v ID=9267897 | Aspirasi - Syarat Pencabutan SIPTTK (Surat Iz | None
2026-04-01 16:02:19,264 [INFO]    Detail: https://www.lapor.go.id/laporan/detil/gaji-ke-13-asn-kabupaten-simeulue-yang-tidak-jelas-202508120957491754967469958
2026-04-01 16:02:27,156 [INFO]       v ID=9271949 | Gaji Ke 13 Asn Kabupaten Simeulue Yang Tidak  | Gaji dan Tukin
2026-04-01 16:02:31,203 [INFO]    Total terkumpul sejauh ini: 2173 laporan

2026-04-01 16:02:34,270 [INFO] ── Halaman 219: https://www.lapor.go.id/kisah-sukses?page=219
2026-04-01 16:02:58,227 [INFO]    -> 10 laporan ditemukan
2026-04-01 16:02:58,229 [INFO]    Detail: https://www.lapor.go.id/laporan/detil/bansos-pkh-program-kelurga-harapan--202508121428401754983720481
2026-04-01 16:03:05,304 [INFO]       v ID=9273125 | Bansos Pkh ( Program Kelurga Harapan) | Bantuan Sosial
2026-04-01 16:03:08,414 [INFO]    Detail: https://www.lapor.go.id/laporan/detil/penggunaan-gelar-palsu-202508150847381755222458133
2026-04-01 16:03:16,019 [INFO]       v ID=9274581 | Penggunaan Gelar Palsu | Lainnya terkait Pendidikan Dasar dan Menengah
2026-04-01 16:03:18,627 [INFO]    Detail: https://www.lapor.go.id/laporan/detil/pengambilan-barang-bukti-sepeda-motor-di-kejaksaan-negeri-tangerang-selatan-202508130744251755045865969
2026-04-01 16:03:26,573 [INFO]       v ID=9274809 | Pengambilan Barang Bukti Sepeda Motor Di Keja | SP4N-LAPOR!
2026-04-01 16:03:30,261 [INFO]    Detail: https://www.lapor.go.id/laporan/detil/pembuangan-sampah-sembarangan-202508131100271755057627766
2026-04-01 16:03:36,299 [INFO]       v ID=9276025 | Pembuangan Sampah Sembarangan | Sampah Liar
2026-04-01 16:03:39,578 [INFO]    Detail: https://www.lapor.go.id/laporan/detil/permintaan-informasi-barang-tertinggal-202508131114531755058493158
2026-04-01 16:03:45,514 [INFO]       v ID=9276109 | Permintaan Informasi barang tertinggal | None
2026-04-01 16:03:47,935 [INFO]    Detail: https://www.lapor.go.id/laporan/detil/beli-buku-lks-202508131131551755059515001
2026-04-01 16:03:53,969 [INFO]       v ID=9276181 | Beli Buku Lks | Lainnya terkait Pendidikan dan Kebudayaan
2026-04-01 16:03:57,844 [INFO]    Detail: https://www.lapor.go.id/laporan/detil/konsultasi-202508140456251755122185480
2026-04-01 16:04:05,611 [INFO]       v ID=9278326 | Konsultasi | None
2026-04-01 16:04:09,362 [INFO]    Detail: https://www.lapor.go.id/laporan/detil/dugaan-penyalahgunaan-dana-desa-dd-dan-dana-bumdes-ghonsume-sejak-tahun-2023-202508140514381755123278868
2026-04-01 16:04:16,531 [INFO]       v ID=9278336 | Dugaan Penyalahgunaan Dana Desa (DD) dan Dana | None
2026-04-01 16:04:18,776 [INFO]    Detail: https://www.lapor.go.id/laporan/detil/permohonan-pengawalan-prosedur-hukum-penangkapan-202508141155221755147322265
2026-04-01 16:04:26,071 [INFO]       v ID=9280081 | Permohonan Pengawalan Prosedur Hukum Penangka | Lainnya terkait Kepolisian
2026-04-01 16:04:29,800 [INFO]    Detail: https://www.lapor.go.id/laporan/detil/penggeras-suara-202508141303321755151412782
2026-04-01 16:04:35,988 [INFO]       v ID=9280406 | penggeras suara | None
2026-04-01 16:04:39,783 [INFO]    Total terkumpul sejauh ini: 2183 laporan

2026-04-01 16:04:42,044 [INFO] ── Halaman 220: https://www.lapor.go.id/kisah-sukses?page=220
2026-04-01 16:05:08,782 [INFO]    -> 10 laporan ditemukan
2026-04-01 16:05:08,782 [INFO]    Detail: https://www.lapor.go.id/laporan/detil/aspirasi-layanan-perpustakaan-daerah-kabupaten-karawang-202508151438451755243525005
2026-04-01 16:05:14,914 [INFO]       v ID=9284236 | Aspirasi Layanan Perpustakaan Daerah Kabupate | SP4N-LAPOR!
2026-04-01 16:05:17,360 [INFO]    Detail: https://www.lapor.go.id/laporan/detil/saran-penyediaan-transportasi-umum-202508151535501755246950080
2026-04-01 16:05:23,841 [INFO]       v ID=9284511 | Saran Penyediaan Transportasi Umum | Perlindungan Konsumen terkait Jasa Transportasi
2026-04-01 16:05:26,514 [INFO]    Detail: https://www.lapor.go.id/laporan/detil/pengecekan-kk-202508152202331755270153751
2026-04-01 16:05:32,234 [INFO]       v ID=9285346 | Pengecekan Kk | Administrasi Kependudukan dan Pencatatan Sipil
2026-04-01 16:05:35,931 [INFO]    Detail: https://www.lapor.go.id/laporan/detil/evaluasi-penyelenggaraan-senam-pagi-di-lingkup-pemda-karawang-202508171520261755418826397
2026-04-01 16:05:41,252 [INFO]       v ID=9288206 | Evaluasi Penyelenggaraan Senam Pagi Di Lingku | SP4N-LAPOR!
2026-04-01 16:05:45,257 [INFO]    Detail: https://www.lapor.go.id/laporan/detil/permohonan-pemakaian-rusunawa-pengelolaan-pemerintah-kota-surabaya-202508172158551755442735368
2026-04-01 16:05:52,809 [INFO]       v ID=9288831 | Permohonan Pemakaian Rusunawa Pengelolaan Pem | Lainnya
2026-04-01 16:05:55,519 [INFO]    Detail: https://www.lapor.go.id/laporan/detil/informasi-lowongan-pekerjaan-202508191212101755580330142
2026-04-01 16:06:02,951 [INFO]       v ID=9293696 | informasi lowongan pekerjaan | None
2026-04-01 16:06:05,047 [INFO]    Detail: https://www.lapor.go.id/laporan/detil/pt-lestari-karya-bersaudara-boyong-2-paket-dengan-memiliki-sbu-non-kecil-202508191335141755585314111
2026-04-01 16:06:12,489 [INFO]       v ID=9294251 | Pt. Lestari Karya Bersaudara Boyong 2 Paket D | Infrastruktur Jalan
2026-04-01 16:06:15,652 [INFO]    Detail: https://www.lapor.go.id/laporan/detil/lampu-merah-johar-yang-nyala-2-arah-202508191421031755588063547
2026-04-01 16:06:21,076 [INFO]       v ID=9294661 | Lampu Merah Johar Yang Nyala 2 Arah | Infrastruktur Pendukung
2026-04-01 16:06:24,952 [INFO]    Detail: https://www.lapor.go.id/laporan/detil/aspirasi---kode-kbli-pada-oss-12-agustus-2025--202508191443471755589427428
2026-04-01 16:06:30,090 [INFO]       v ID=9294816 | Aspirasi - Kode KBLI pada OSS (12 Agustus 202 | None
2026-04-01 16:06:33,553 [INFO]    Detail: https://www.lapor.go.id/laporan/detil/aspirasi---pencabutan-sip-14-agustus-2025--202508191453321755590012020
2026-04-01 16:06:38,883 [INFO]       v ID=9294851 | Aspirasi - Pencabutan SIP (14 Agustus 2025) | None
2026-04-01 16:06:42,196 [INFO]    Total terkumpul sejauh ini: 2193 laporan

2026-04-01 16:06:45,420 [INFO] ── Halaman 221: https://www.lapor.go.id/kisah-sukses?page=221
2026-04-01 16:07:11,184 [INFO]    -> 10 laporan ditemukan
2026-04-01 16:07:11,184 [INFO]    Detail: https://www.lapor.go.id/laporan/detil/edukasi-pemberitahuan-mengenai-pembuangan-sampah-akhir-dan-sistem-drainase-202508191532091755592329867
2026-04-01 16:07:16,164 [INFO]       v ID=9295021 | Edukasi & Pemberitahuan Mengenai Pembuangan S | Pencemaran Lingkungan
2026-04-01 16:07:19,144 [INFO]    Detail: https://www.lapor.go.id/laporan/detil/ptsl-2024-202508200758181755651498165
2026-04-01 16:07:26,361 [INFO]       v ID=9296681 | Ptsl 2024 | Pertanahan
2026-04-01 16:07:30,368 [INFO]    Detail: https://www.lapor.go.id/laporan/detil/sgrsg-202508200815571755652557411
2026-04-01 16:07:36,363 [INFO]       v ID=9296736 | sgrsg | None
2026-04-01 16:07:40,284 [INFO]    Detail: https://www.lapor.go.id/laporan/detil/vaksin-meningitis-202508201005581755659158358
2026-04-01 16:07:45,862 [INFO]       v ID=9297761 | Vaksin Meningitis | None
2026-04-01 16:07:48,626 [INFO]    Detail: https://www.lapor.go.id/laporan/detil/lampu-pju-mati-202508201010341755659434706
2026-04-01 16:07:54,578 [INFO]       v ID=9297811 | Lampu PJU Mati | None
2026-04-01 16:07:58,416 [INFO]    Detail: https://www.lapor.go.id/laporan/detil/vaksin-menigitis-202508201023171755660197717
2026-04-01 16:08:05,244 [INFO]       v ID=9297876 | Vaksin Menigitis | None
2026-04-01 16:08:08,766 [INFO]    Detail: https://www.lapor.go.id/laporan/detil/bencana-alam-202508201050411755661841628
2026-04-01 16:08:14,866 [INFO]       v ID=9298056 | Bencana Alam | None
2026-04-01 16:08:16,994 [INFO]    Detail: https://www.lapor.go.id/laporan/detil/informasi-penggunaan-lapangan-gor-di-kota-depok-202508201243061755668586850
2026-04-01 16:08:22,846 [INFO]       v ID=9298731 | Informasi penggunaan lapangan GOR di Kota Dep | None
2026-04-01 16:08:25,836 [INFO]    Detail: https://www.lapor.go.id/laporan/detil/penggunaan-gedung-pemuda-kota-depok-202508201258061755669486129
2026-04-01 16:08:32,865 [INFO]       v ID=9298786 | Penggunaan Gedung Pemuda Kota Depok | None
2026-04-01 16:08:35,930 [INFO]    Detail: https://www.lapor.go.id/laporan/detil/mobil-truk-parkir-liar-di-jln-lingkar-tanjungpura-bundaran-charles--202508210921531755742913207
2026-04-01 16:08:41,868 [INFO]       v ID=9302271 | Mobil Truk Parkir Liar Di Jln. Lingkar Tanjun | Parkir Liar
2026-04-01 16:08:44,859 [INFO]    Total terkumpul sejauh ini: 2203 laporan

2026-04-01 16:08:47,320 [INFO] ── Halaman 222: https://www.lapor.go.id/kisah-sukses?page=222
2026-04-01 16:09:11,171 [INFO]    -> 10 laporan ditemukan
2026-04-01 16:09:11,171 [INFO]    Detail: https://www.lapor.go.id/laporan/detil/pengambilan-bpkb-motor-yang-menyulitkan-masyarakat-202508211850401755777040024
2026-04-01 16:09:18,230 [INFO]       v ID=9310076 | Pengambilan Bpkb Motor Yang Menyulitkan Masya | Lainnya terkait Kepolisian
2026-04-01 16:09:21,860 [INFO]    Detail: https://www.lapor.go.id/laporan/detil/pengaduan-kasus-keracunan-pangan-202508220958081755831488271
2026-04-01 16:09:29,197 [INFO]       v ID=9313661 | Pengaduan Kasus Keracunan Pangan | Topik Lainnya
2026-04-01 16:09:33,161 [INFO]    Detail: https://www.lapor.go.id/laporan/detil/klb-keracunan-pangan-202508221214081755839648877
2026-04-01 16:09:39,124 [INFO]       v ID=9314166 | KLB Keracunan Pangan | None
2026-04-01 16:09:41,260 [INFO]    Detail: https://www.lapor.go.id/laporan/detil/penerangan-jalan-202508261500131756195213674
2026-04-01 16:09:46,693 [INFO]       v ID=9316186 | Penerangan Jalan | Lampu Penerangan Jalan Umum
2026-04-01 16:09:50,110 [INFO]    Detail: https://www.lapor.go.id/laporan/detil/tidak-ada-pembeda-parkir-202508250957211756090641418
2026-04-01 16:09:55,204 [INFO]       v ID=9321726 | Tidak ada pembeda parkir | None
2026-04-01 16:09:58,943 [INFO]    Detail: https://www.lapor.go.id/laporan/detil/pengaduan---mengajukan-banding-terkait-penolakan-dari-tetangga-dan-pihak-pihak-tertentu-terkait-keberadaan-basmalah-serta-menjelaskan-situasi-dan-dukungan-dari-warga-lainnya-21-agustus-2025--202508251010481756091448528
2026-04-01 16:10:04,509 [INFO]       v ID=9321816 | Pengaduan - Mengajukan banding terkait penola | None
2026-04-01 16:10:06,876 [INFO]    Detail: https://www.lapor.go.id/laporan/detil/aspirasi-tentang-mengurangi-sampah-202508251346361756104396210
2026-04-01 16:10:12,090 [INFO]       v ID=9324356 | Aspirasi Tentang Mengurangi Sampah | Pengelolaan Sampah
2026-04-01 16:10:15,591 [INFO]    Detail: https://www.lapor.go.id/laporan/detil/permintaan-informasi-test-catin-202508251516461756109806368
2026-04-01 16:10:21,104 [INFO]       v ID=9325431 | Permintaan Informasi Test Catin | None
2026-04-01 16:10:24,509 [INFO]    Detail: https://www.lapor.go.id/laporan/detil/vaksinasi-meningitis-202508270931071756261867283
2026-04-01 16:10:30,329 [INFO]       v ID=9333081 | Vaksinasi meningitis | None
2026-04-01 16:10:33,180 [INFO]    Detail: https://www.lapor.go.id/laporan/detil/magang-universitas-egeri-malang-202508271405131756278313649
2026-04-01 16:10:39,968 [INFO]       v ID=9334761 | magang universitas egeri malang | None
2026-04-01 16:10:42,645 [INFO]    Total terkumpul sejauh ini: 2213 laporan

2026-04-01 16:10:45,975 [INFO] ── Halaman 223: https://www.lapor.go.id/kisah-sukses?page=223
2026-04-01 16:11:11,616 [INFO]    -> 10 laporan ditemukan
2026-04-01 16:11:11,616 [INFO]    Detail: https://www.lapor.go.id/laporan/detil/buruh-pekerja-harian-belum-di-bayar-hak-ny-202508271504191756281859610
2026-04-01 16:11:20,090 [INFO]       v ID=9335301 | Buruh Pekerja Harian Belum Di Bayar Hak Ny | Gaji/Upah tidak dibayarkan
2026-04-01 16:11:22,229 [INFO]    Detail: https://www.lapor.go.id/laporan/detil/persyaratan-membuat-kartu-anggota-edisi-kemerdekaan-202508271511071756282267479
2026-04-01 16:11:28,816 [INFO]       v ID=9335336 | Persyaratan membuat Kartu Anggota Edisi Kemer | None
2026-04-01 16:11:31,287 [INFO]    Detail: https://www.lapor.go.id/laporan/detil/amblesnya-trotoar-sehingga-bisa-membahayakan-pengguna-jalan-dan-menjadi-sarang-kecoa-dan-tikus-yang-sangat-mengganggu-pembeli-dan-penjual-makanan-di-zona-pkl-siliwangi-bogor-202508280910031756347003082
2026-04-01 16:11:39,761 [INFO]       v ID=9337746 | Amblesnya Trotoar Sehingga Bisa Membahayakan  | Trotoar
2026-04-01 16:11:43,680 [INFO]    Detail: https://www.lapor.go.id/laporan/detil/lampu-merah-202508280943581756349038104
2026-04-01 16:11:50,899 [INFO]       v ID=9337946 | Lampu Merah | Lainnya terkait Ketenteraman, Ketertiban Umum, dan Pelindungan Masyarakat
2026-04-01 16:11:54,056 [INFO]    Detail: https://www.lapor.go.id/laporan/detil/kerusakan-saklar-lampu-penerangan-202508281129581756355398128
2026-04-01 16:12:00,745 [INFO]       v ID=9338806 | Kerusakan saklar lampu penerangan | None
2026-04-01 16:12:03,329 [INFO]    Detail: https://www.lapor.go.id/laporan/detil/pembangunan-jpo-sma-hang-tuah-gedangan-sidoarjo-202508291454481756454088837
2026-04-01 16:12:08,631 [INFO]       v ID=9341891 | Pembangunan Jpo Sma Hang Tuah Gedangan Sidoar | Jembatan
2026-04-01 16:12:11,840 [INFO]    Detail: https://www.lapor.go.id/laporan/detil/konsultasi-statistik-202508290744031756428243579
2026-04-01 16:12:17,944 [INFO]       v ID=9342651 | Konsultasi Statistik | None
2026-04-01 16:12:21,350 [INFO]    Detail: https://www.lapor.go.id/laporan/detil/rujukan-tidak-muncul-disistem-202508290841461756431706999
2026-04-01 16:12:27,989 [INFO]       v ID=9342881 | Rujukan tidak muncul disistem | Topik Lainnya
2026-04-01 16:12:31,902 [INFO]    Detail: https://www.lapor.go.id/laporan/detil/konsultasi-layanan-pengajuan-ijin-penelitian-202508291043281756439008970
2026-04-01 16:12:37,093 [INFO]       v ID=9343751 | Konsultasi Layanan Pengajuan Ijin Penelitian | None
2026-04-01 16:12:40,639 [INFO]    Detail: https://www.lapor.go.id/laporan/detil/aspirasi---pengurusan-pirt-22-agustus-2025--202508291417291756451849916
2026-04-01 16:12:45,997 [INFO]       v ID=9345281 | Aspirasi - Pengurusan PIRT (22 Agustus 2025) | None
2026-04-01 16:12:48,761 [INFO]    Total terkumpul sejauh ini: 2223 laporan

2026-04-01 16:12:51,954 [INFO] ── Halaman 224: https://www.lapor.go.id/kisah-sukses?page=224
2026-04-01 16:13:13,054 [INFO]    -> 10 laporan ditemukan
2026-04-01 16:13:13,054 [INFO]    Detail: https://www.lapor.go.id/laporan/detil/aspirasi---cetak-pbg-25-agustus-2025--202508291432151756452735049
2026-04-01 16:13:18,246 [INFO]       v ID=9345331 | Aspirasi - Cetak PBG (25 Agustus 2025) | None
2026-04-01 16:13:21,672 [INFO]    Detail: https://www.lapor.go.id/laporan/detil/permohonan-informasi-publik-202508291451531756453913120
2026-04-01 16:13:27,062 [INFO]       v ID=9345431 | Permohonan Informasi Publik | None
2026-04-01 16:13:30,772 [INFO]    Detail: https://www.lapor.go.id/laporan/detil/informasi-progres-penginputan-202508291455371756454137475
2026-04-01 16:13:36,163 [INFO]       v ID=9345436 | Informasi progres penginputan | None
2026-04-01 16:13:38,272 [INFO]    Detail: https://www.lapor.go.id/laporan/detil/klarifikasi-hasil-temuan-bpk-ri-provinsi-jawa-barat-tahun-2023-202508291851071756468267663
2026-04-01 16:13:44,580 [INFO]       v ID=9346326 | Klarifikasi Hasil Temuan BPK RI Provinsi Jawa | None
2026-04-01 16:13:48,638 [INFO]    Detail: https://www.lapor.go.id/laporan/detil/permohonan-informasi-publik-202508291933081756470788717
2026-04-01 16:13:53,998 [INFO]       v ID=9346456 | Permohonan Informasi Publik | None
2026-04-01 16:13:57,217 [INFO]    Detail: https://www.lapor.go.id/laporan/detil/permohonan-informasi-publik-202508291937241756471044178
2026-04-01 16:14:02,816 [INFO]       v ID=9346466 | Permohonan Informasi Publik | None
2026-04-01 16:14:05,574 [INFO]    Detail: https://www.lapor.go.id/laporan/detil/permohonan-informasi-publik-202508291958531756472333103
2026-04-01 16:14:11,087 [INFO]       v ID=9346496 | Permohonan Informasi Publik | None
2026-04-01 16:14:13,800 [INFO]    Detail: https://www.lapor.go.id/laporan/detil/template-chat-whatsapp-layanan-belum-tersedia-202509010941001756694460379
2026-04-01 16:14:19,685 [INFO]       v ID=9361086 | Template Chat Whatsapp Layanan Belum Tersedia | None
2026-04-01 16:14:22,411 [INFO]    Detail: https://www.lapor.go.id/laporan/detil/pembuatan-pirt-202509020953081756781588116
2026-04-01 16:14:27,694 [INFO]       v ID=9364311 | Pembuatan Pirt | UMKM
2026-04-01 16:14:31,095 [INFO]    Detail: https://www.lapor.go.id/laporan/detil/permintaan-data-untuk-keperluan-penyusunan-dokumen-rpkd-kabupaten-tana-tidung-202509021304511756793091989
2026-04-01 16:14:38,230 [INFO]       v ID=9365136 | Permintaan Data untuk Keperluan Penyusunan Do | None
2026-04-01 16:14:42,289 [INFO]    Total terkumpul sejauh ini: 2233 laporan

2026-04-01 16:14:46,206 [INFO] ── Halaman 225: https://www.lapor.go.id/kisah-sukses?page=225
2026-04-01 16:15:07,132 [INFO]    -> 10 laporan ditemukan
2026-04-01 16:15:07,132 [INFO]    Detail: https://www.lapor.go.id/laporan/detil/permintaan-data-terkait-kegiatan-kajian-program-pertumbuhan-ekonomi-hijau-kabupaten-tana-tidung-202509021309021756793342190
2026-04-01 16:15:13,475 [INFO]       v ID=9365166 | Permintaan Data terkait Kegiatan Kajian Progr | None
2026-04-01 16:15:17,070 [INFO]    Detail: https://www.lapor.go.id/laporan/detil/keterlambatan-pembayaran-gaji-hak-karyawan-202509021329311756794571445
2026-04-01 16:15:22,294 [INFO]       v ID=9365216 | Keterlambatan Pembayaran Gaji Hak Karyawan | Hak Pekerja
2026-04-01 16:15:24,806 [INFO]    Detail: https://www.lapor.go.id/laporan/detil/cara-mendapatkan-bantuan-usaha-202509030931441756866704066
2026-04-01 16:15:30,356 [INFO]       v ID=9367686 | Cara Mendapatkan Bantuan Usaha | UMKM
2026-04-01 16:15:33,233 [INFO]    Detail: https://www.lapor.go.id/laporan/detil/permintaan-informasi-vaksin-meningitis-dan-polio-202509031037031756870623543
2026-04-01 16:15:39,790 [INFO]       v ID=9368141 | Permintaan Informasi Vaksin Meningitis dan Po | None
2026-04-01 16:15:42,302 [INFO]    Detail: https://www.lapor.go.id/laporan/detil/permintaan-informasi-jadwal-vaksinasi-202509031055061756871707000
2026-04-01 16:15:49,103 [INFO]       v ID=9368276 | Permintaan Informasi Jadwal Vaksinasi | None
2026-04-01 16:15:52,801 [INFO]    Detail: https://www.lapor.go.id/laporan/detil/odgj-bos-di-taman-hutan-kota-dadaha-202509031057161756871836882
2026-04-01 16:15:57,799 [INFO]       v ID=9368301 | ODGJ Bos di Taman Hutan Kota Dadaha | None
2026-04-01 16:16:00,379 [INFO]    Detail: https://www.lapor.go.id/laporan/detil/testimoni-pelayanan-kesehatan-hewan-cfd-gadog-cipanas-202509031126111756873571859
2026-04-01 16:16:05,907 [INFO]       v ID=9368461 | Testimoni pelayanan kesehatan Hewan CFD gadog | None
2026-04-01 16:16:08,108 [INFO]    Detail: https://www.lapor.go.id/laporan/detil/limbah-kotoran-sapi-202509051959531757077193519
2026-04-01 16:16:13,269 [INFO]       v ID=9378411 | Limbah Kotoran Sapi | REDD+
2026-04-01 16:16:17,224 [INFO]    Detail: https://www.lapor.go.id/laporan/detil/pengadaan-bank-sampah-202509090944151757385855475
2026-04-01 16:16:22,780 [INFO]       v ID=9391233 | Pengadaan Bank Sampah | Pengelolaan Sampah
2026-04-01 16:16:24,946 [INFO]    Detail: https://www.lapor.go.id/laporan/detil/laporan-dumas-sp4n-lapor-bulan-agustus-2025-202509091231191757395879434
2026-04-01 16:16:31,375 [INFO]       v ID=9391597 | LAPORAN DUMAS SP4N LAPOR BULAN AGUSTUS 2025 | None
2026-04-01 16:16:34,410 [INFO]    Total terkumpul sejauh ini: 2243 laporan

2026-04-01 16:16:37,659 [INFO] ── Halaman 226: https://www.lapor.go.id/kisah-sukses?page=226
2026-04-01 16:16:58,554 [INFO]    -> 10 laporan ditemukan
2026-04-01 16:16:58,554 [INFO]    Detail: https://www.lapor.go.id/laporan/detil/penipuan-202509100148191757443699887
2026-04-01 16:17:03,714 [INFO]       v ID=9393070 | Penipuan | Keluhan Pra Kerja
2026-04-01 16:17:06,301 [INFO]    Detail: https://www.lapor.go.id/laporan/detil/perbaikan-jalan-rusak-202509100257381757447858969
2026-04-01 16:17:11,624 [INFO]       v ID=9393094 | Perbaikan Jalan Rusak | Jalan Berlubang
2026-04-01 16:17:14,850 [INFO]    Detail: https://www.lapor.go.id/laporan/detil/perbaikan-jalan-202509100312041757448724035
2026-04-01 16:17:20,661 [INFO]       v ID=9393097 | Perbaikan Jalan | Jalan Berlubang
2026-04-01 16:17:23,903 [INFO]    Detail: https://www.lapor.go.id/laporan/detil/usulan-penerima-pkh-202509120930281757644228713
2026-04-01 16:17:30,998 [INFO]       v ID=9397717 | Usulan penerima PKH | None
2026-04-01 16:17:33,139 [INFO]    Detail: https://www.lapor.go.id/laporan/detil/kartu-kuning-ak1-202509150132411757874761634
2026-04-01 16:17:39,711 [INFO]       v ID=9406851 | Kartu Kuning Ak1 | Lainnya terkait Pekerjaan Umum dan Penataan Ruang
2026-04-01 16:17:41,918 [INFO]    Detail: https://www.lapor.go.id/laporan/detil/permintaan-data-umur-tunggal-hasil-sensus-2020-26-agustus-2025--202509150723401757895820262
2026-04-01 16:17:48,906 [INFO]       v ID=9407206 | Permintaan Data Umur Tunggal Hasil Sensus 202 | None
2026-04-01 16:17:52,217 [INFO]    Detail: https://www.lapor.go.id/laporan/detil/permintaan-data-dalam-bentuk-persentase-dan-series-nya-banyak--202509150728211757896101445
2026-04-01 16:17:57,627 [INFO]       v ID=9407226 | Permintaan Data dalam bentuk persentase dan s | None
2026-04-01 16:18:01,031 [INFO]    Detail: https://www.lapor.go.id/laporan/detil/perbaikan-jalan-rusak-202509151208041757912884596
2026-04-01 16:18:13,396 [INFO]       v ID=9409421 | Perbaikan Jalan Rusak | Jalan Berlubang
2026-04-01 16:18:16,203 [INFO]    Detail: https://www.lapor.go.id/laporan/detil/permohonan-informasi-pengguna-anggaran-disnaker-kota-cilegon-202509151325451757917545437
2026-04-01 16:18:22,607 [INFO]       v ID=9409906 | Permohonan Informasi Pengguna Anggaran Disnak | Anggaran dan Perbendaharaan
2026-04-01 16:18:25,892 [INFO]    Detail: https://www.lapor.go.id/laporan/detil/dugaan-korupsi-gratifikasi-suap-pengadaan-barang-yang-diserahkan-kepada-masyarakat-di-dinas-kepemudaan-dan-olahraga-kota-tangerang-dari-tahun-2022-2023-dan-2024-kepada-satu-penyedia-yaitu-pt-harrisma-buwana-jaya-total---rp-3-236-802-750-202509151423501757921030696
2026-04-01 16:18:32,963 [INFO]       v ID=9410521 | Dugaan Korupsi (Gratifikasi/Suap) Pengadaan B | Korupsi, Kolusi, dan Nepotisme
2026-04-01 16:18:37,015 [INFO]    Total terkumpul sejauh ini: 2253 laporan

2026-04-01 16:18:40,402 [INFO] ── Halaman 227: https://www.lapor.go.id/kisah-sukses?page=227
2026-04-01 16:19:01,145 [INFO]    -> 10 laporan ditemukan
2026-04-01 16:19:01,148 [INFO]    Detail: https://www.lapor.go.id/laporan/detil/gangguan-lingkungan-limbah-kotoran-kambing-202509160053541757958834163
2026-04-01 16:19:06,779 [INFO]       v ID=9412631 | Gangguan Lingkungan Limbah Kotoran Kambing | Lainnya terkait Pertanian dan Peternakan
2026-04-01 16:19:10,627 [INFO]    Detail: https://www.lapor.go.id/laporan/detil/malpraktek-pelanggaran-izin-perawat-mandiri-202509160516531757974613813
2026-04-01 16:19:15,739 [INFO]       v ID=9412836 | Malpraktek / Pelanggaran Izin Perawat Mandiri | Permohonan SIP (Surat Izin Praktek)
2026-04-01 16:19:18,903 [INFO]    Detail: https://www.lapor.go.id/laporan/detil/pengaduan-layanan-kesehatan-202509171226301758086790018
2026-04-01 16:19:25,475 [INFO]       v ID=9420466 | Pengaduan Layanan Kesehatan | None
2026-04-01 16:19:28,014 [INFO]    Detail: https://www.lapor.go.id/laporan/detil/pelayanan-sim-online-202509190624581758237898426
2026-04-01 16:19:34,279 [INFO]       v ID=9428606 | Pelayanan Sim Online | Lainnya terkait Kepolisian
2026-04-01 16:19:37,936 [INFO]    Detail: https://www.lapor.go.id/laporan/detil/kerusakan-jalan-di-dalam-pelabuhan-perikanan-pantai-teluk-batang-202509231003251758596605011
2026-04-01 16:19:44,332 [INFO]       v ID=9436571 | Kerusakan jalan di dalam pelabuhan perikanan  | None
2026-04-01 16:19:46,978 [INFO]    Detail: https://www.lapor.go.id/laporan/detil/cara-untuk-melihat-rencana-pembangunan-jalan-disuatu-kota-daerah-oleh-pemerintah-202509231012471758597167922
2026-04-01 16:19:52,036 [INFO]       v ID=9436681 | Cara Untuk Melihat Rencana Pembangunan Jalan  | Infrastruktur Jalan
2026-04-01 16:19:55,450 [INFO]    Detail: https://www.lapor.go.id/laporan/detil/aspirasi---penerbitan-nib-03-september-2025--202509240802301758675750580
2026-04-01 16:20:00,802 [INFO]       v ID=9439791 | Aspirasi - Penerbitan NIB (03 September 2025) | None
2026-04-01 16:20:02,913 [INFO]    Detail: https://www.lapor.go.id/laporan/detil/menolak-adanya-cafe-janimani-202509240803041758675784827
2026-04-01 16:20:08,280 [INFO]       v ID=9439796 | Menolak adanya Cafe Janimani | None
2026-04-01 16:20:12,079 [INFO]    Detail: https://www.lapor.go.id/laporan/detil/aspirasi---pengajuan-perubahan-sipp-08-september-2025--202509240817021758676622031
2026-04-01 16:20:17,694 [INFO]       v ID=9439921 | Aspirasi - Pengajuan Perubahan SIPP (08 Septe | None
2026-04-01 16:20:21,131 [INFO]    Detail: https://www.lapor.go.id/laporan/detil/aspirasi---oss-dan-perubahan-data-cv-10-september-2025--202509240827001758677220612
2026-04-01 16:20:26,423 [INFO]       v ID=9439996 | Aspirasi - OSS Dan Perubahan Data CV (10 Sept | None
2026-04-01 16:20:30,177 [INFO]    Total terkumpul sejauh ini: 2263 laporan

2026-04-01 16:20:33,484 [INFO] ── Halaman 228: https://www.lapor.go.id/kisah-sukses?page=228
2026-04-01 16:20:55,205 [INFO]    -> 10 laporan ditemukan
2026-04-01 16:20:55,205 [INFO]    Detail: https://www.lapor.go.id/laporan/detil/aspirasi---pengajuan-sitr-10-september-2025--202509240838281758677908602
2026-04-01 16:21:01,425 [INFO]       v ID=9440106 | Aspirasi - Pengajuan SITR (10 September 2025) | None
2026-04-01 16:21:04,644 [INFO]    Detail: https://www.lapor.go.id/laporan/detil/aspirasi---pengurusan-dokumen-imb-yang-hilang-11-september-2025--202509240856001758678960633
2026-04-01 16:21:10,268 [INFO]       v ID=9440231 | Aspirasi - Pengurusan Dokumen IMB Yang Hilang | None
2026-04-01 16:21:13,184 [INFO]    Detail: https://www.lapor.go.id/laporan/detil/aspirasi---oss-18-september-2025--202509240907551758679675683
2026-04-01 16:21:19,961 [INFO]       v ID=9440311 | Aspirasi - OSS (18 September 2025) | None
2026-04-01 16:21:22,518 [INFO]    Detail: https://www.lapor.go.id/laporan/detil/permohonan-legalisir-e-ijazah-secara-online-202509240945541758681954245
2026-04-01 16:21:28,006 [INFO]       v ID=9440651 | Permohonan Legalisir E-Ijazah Secara Online | Pendidikan Dasar dan Menengah
2026-04-01 16:21:31,012 [INFO]    Detail: https://www.lapor.go.id/laporan/detil/layanan-dtks-202509251204431758776683187
2026-04-01 16:21:37,491 [INFO]       v ID=9444926 | Layanan DTKS | None
2026-04-01 16:21:40,247 [INFO]    Detail: https://www.lapor.go.id/laporan/detil/kepegawaian-202509260703371758845017713
2026-04-01 16:21:45,549 [INFO]       v ID=9447241 | Kepegawaian | Gaji dan Tukin
2026-04-01 16:21:47,711 [INFO]    Detail: https://www.lapor.go.id/laporan/detil/usulan-dan-saran-untuk-rsjd-surakarta-202509261056501758859010194
2026-04-01 16:21:54,165 [INFO]       v ID=9449171 | Usulan Dan Saran Untuk Rsjd Surakarta | Fasilitas Kesehatan
2026-04-01 16:21:56,642 [INFO]    Detail: https://www.lapor.go.id/laporan/detil/aspirasi---persyaratan-untuk-sia-22-september-2025--202509261343461758869026024
2026-04-01 16:22:02,360 [INFO]       v ID=9450286 | Aspirasi - Persyaratan Untuk SIA (22 Septembe | None
2026-04-01 16:22:05,633 [INFO]    Detail: https://www.lapor.go.id/laporan/detil/aspirasi---waktu-pengurusan-nib-online-24-september-2025--202509261349141758869354139
2026-04-01 16:22:11,059 [INFO]       v ID=9450326 | Aspirasi - Waktu Pengurusan NIB Online (24 Se | None
2026-04-01 16:22:13,202 [INFO]    Detail: https://www.lapor.go.id/laporan/detil/aspirasi---pengajuan-kkpr-24-september-2025--202509261355551758869755370
2026-04-01 16:22:18,544 [INFO]       v ID=9450371 | Aspirasi - Pengajuan KKPR (24 September 2025) | None
2026-04-01 16:22:22,091 [INFO]    Total terkumpul sejauh ini: 2273 laporan

2026-04-01 16:22:25,838 [INFO] ── Halaman 229: https://www.lapor.go.id/kisah-sukses?page=229
2026-04-01 16:22:47,126 [INFO]    -> 10 laporan ditemukan
2026-04-01 16:22:47,126 [INFO]    Detail: https://www.lapor.go.id/laporan/detil/aspirasi---tidak-bisa-download-krk-25-september-2025--202509261400541758870054561
2026-04-01 16:22:53,354 [INFO]       v ID=9450416 | Aspirasi - Tidak Bisa Download KRK (25 Septem | None
2026-04-01 16:22:56,079 [INFO]    Detail: https://www.lapor.go.id/laporan/detil/keluhan-pengguna-layanan-202509272143231758984203070
2026-04-01 16:23:01,084 [INFO]       v ID=9454881 | Keluhan Pengguna Layanan | Pelayanan Obat
2026-04-01 16:23:04,898 [INFO]    Detail: https://www.lapor.go.id/laporan/detil/pencemaran-udara-202509301414561759216496717
2026-04-01 16:23:10,375 [INFO]       v ID=9455241 | Pencemaran Udara | Lainnya terkait Kesehatan
2026-04-01 16:23:12,816 [INFO]    Detail: https://www.lapor.go.id/laporan/detil/kontainer-jalan-seat-adji-202510060758301759712310409
2026-04-01 16:23:18,145 [INFO]       v ID=9458026 | Kontainer Jalan Seat Adji | Ketertiban Umum
2026-04-01 16:23:21,842 [INFO]    Detail: https://www.lapor.go.id/laporan/detil/etika-petugas-202509301434541759217694077
2026-04-01 16:23:28,183 [INFO]       v ID=9464276 | ETIKA PETUGAS | None
2026-04-01 16:23:31,974 [INFO]    Detail: https://www.lapor.go.id/laporan/detil/parkir-202509301437081759217828979
2026-04-01 16:23:38,028 [INFO]       v ID=9464306 | PARKIR | None
2026-04-01 16:23:40,768 [INFO]    Detail: https://www.lapor.go.id/laporan/detil/obat-202509301437361759217856078
2026-04-01 16:23:47,510 [INFO]       v ID=9464311 | OBAT | None
2026-04-01 16:23:51,283 [INFO]    Detail: https://www.lapor.go.id/laporan/detil/parkir-202509301438051759217885058
2026-04-01 16:23:56,448 [INFO]       v ID=9464316 | PARKIR | None
2026-04-01 16:23:59,599 [INFO]    Detail: https://www.lapor.go.id/laporan/detil/pendaftaran-masyarakat-penderita-disabilitas-untuk-penerima-bantuan-202510010957371759287457743
2026-04-01 16:24:06,184 [INFO]       v ID=9466576 | Pendaftaran Masyarakat Penderita Disabilitas  | None
2026-04-01 16:24:09,594 [INFO]    Detail: https://www.lapor.go.id/laporan/detil/penemuan-gas-202510231809281761217768959
2026-04-01 16:24:16,532 [INFO]       v ID=9470561 | Penemuan Gas | Lainnya terkait Migas
2026-04-01 16:24:18,847 [INFO]    Total terkumpul sejauh ini: 2283 laporan

2026-04-01 16:24:21,151 [INFO] ── Halaman 230: https://www.lapor.go.id/kisah-sukses?page=230
2026-04-01 16:24:44,397 [INFO]    -> 10 laporan ditemukan
2026-04-01 16:24:44,397 [INFO]    Detail: https://www.lapor.go.id/laporan/detil/pembakaran-sampah-ilegal-di-kompleks-perumahan-202510020706011759363561303
2026-04-01 16:24:50,496 [INFO]       v ID=9470801 | Pembakaran Sampah Ilegal Di Kompleks Perumaha | Pengelolaan Sampah
2026-04-01 16:24:54,232 [INFO]    Detail: https://www.lapor.go.id/laporan/detil/uts-dan-kebanjiran-di-smpn-1-klari-karawang-202511040939591762223999753
2026-04-01 16:25:01,253 [INFO]       v ID=9476501 | Uts Dan Kebanjiran Di Smpn 1 Klari Karawang | Lainnya terkait Pendidikan Dasar dan Menengah
2026-04-01 16:25:03,796 [INFO]    Detail: https://www.lapor.go.id/laporan/detil/lampu-lalulintas-tidak-menyala-202510070447371759787257450
2026-04-01 16:25:09,855 [INFO]       v ID=9484363 | Lampu Lalulintas Tidak Menyala | SP4N-LAPOR!
2026-04-01 16:25:12,061 [INFO]    Detail: https://www.lapor.go.id/laporan/detil/sampah-terhambur-di-pasar-kolonodale-202510070727091759796829641
2026-04-01 16:25:17,208 [INFO]       v ID=9484669 | Sampah Terhambur Di Pasar Kolonodale | Pengelolaan Sampah
2026-04-01 16:25:20,749 [INFO]    Detail: https://www.lapor.go.id/laporan/detil/rencana-pembangunan-tower-telekomunikasi-di-desa-langkapsari-kecamatan-banjaranyar-202510081443331759909413102
2026-04-01 16:25:26,959 [INFO]       v ID=9493574 | Rencana Pembangunan Tower Telekomunikasi di D | None
2026-04-01 16:25:29,755 [INFO]    Detail: https://www.lapor.go.id/laporan/detil/longsor-di-cikalong-segmen-babakan-sukasari-ds-kertamekar-kec-tanjungkerta-202510081447091759909629301
2026-04-01 16:25:36,390 [INFO]       v ID=9493652 | Longsor di Cikalong Segmen Babakan Sukasari D | Lingkungan Hidup dan Penanggulangan Bencana
2026-04-01 16:25:39,213 [INFO]    Detail: https://www.lapor.go.id/laporan/detil/parkir-puskesmas-panarung-202510301308061761804486055
2026-04-01 16:25:45,970 [INFO]       v ID=9500372 | Parkir Puskesmas Panarung | Lainnya
2026-04-01 16:25:48,843 [INFO]    Detail: https://www.lapor.go.id/laporan/detil/peningkatan-pendampingan-umkm-validitas-data-202510091322301759990950487
2026-04-01 16:25:55,515 [INFO]       v ID=9500930 | Peningkatan Pendampingan Umkm & Validitas Dat | Koperasi, Usaha Kecil, dan Menengah
2026-04-01 16:25:58,649 [INFO]    Detail: https://www.lapor.go.id/laporan/detil/pemulihan-ekosistem-laut-perlindungan-nelayan-202510091326261759991186034
2026-04-01 16:26:04,119 [INFO]       v ID=9500978 | Pemulihan Ekosistem Laut / Perlindungan Nelay | Kelautan dan Perikanan
2026-04-01 16:26:07,469 [INFO]    Detail: https://www.lapor.go.id/laporan/detil/pengadaan-tempat-sampah-dan-pengelolaan-sampah-202510091340101759992010669
2026-04-01 16:26:14,768 [INFO]       v ID=9501122 | Pengadaan Tempat Sampah Dan Pengelolaan Sampa | Pengelolaan Sampah
2026-04-01 16:26:18,067 [INFO]    Total terkumpul sejauh ini: 2293 laporan

2026-04-01 16:26:20,529 [INFO] ── Halaman 231: https://www.lapor.go.id/kisah-sukses?page=231
2026-04-01 16:26:41,645 [INFO]    -> 10 laporan ditemukan
2026-04-01 16:26:41,645 [INFO]    Detail: https://www.lapor.go.id/laporan/detil/pengadaan-fasilitas-jembatan-penyebrangan-orang-202510091533261759998806140
2026-04-01 16:26:47,036 [INFO]       v ID=9502118 | Pengadaan Fasilitas Jembatan Penyebrangan Ora | Infrastruktur Pendukung
2026-04-01 16:26:50,078 [INFO]    Detail: https://www.lapor.go.id/laporan/detil/perbaikan-jalan-pada-jembatan-gempol-202510091541151759999275369
2026-04-01 16:26:55,857 [INFO]       v ID=9502154 | Perbaikan Jalan Pada Jembatan Gempol | Infrastruktur Jalan
2026-04-01 16:26:58,113 [INFO]    Detail: https://www.lapor.go.id/laporan/detil/aspirasi---pengurusan-pirt-baru-03-oktober-2025--202510100621221760052082578
2026-04-01 16:27:05,690 [INFO]       v ID=9504182 | Aspirasi - Pengurusan PIRT Baru (03 Oktober 2 | None
2026-04-01 16:27:08,766 [INFO]    Detail: https://www.lapor.go.id/laporan/detil/aspirasi---migrasi-akun-06-oktober-2025--202510100634481760052888778
2026-04-01 16:27:13,768 [INFO]       v ID=9504200 | Aspirasi - Migrasi Akun (06 Oktober 2025) | None
2026-04-01 16:27:17,502 [INFO]    Detail: https://www.lapor.go.id/laporan/detil/permintaan-data-infrastruktur-digital-di-kecamatan-banjarmasin-utara-202510100644531760053493780
2026-04-01 16:27:23,187 [INFO]       v ID=9504236 | Permintaan Data Infrastruktur Digital di Keca | None
2026-04-01 16:27:26,763 [INFO]    Detail: https://www.lapor.go.id/laporan/detil/aspirasi---tidak-bisa-mengakses-akun-oss-06-oktober-2025--202510100647271760053647177
2026-04-01 16:27:32,199 [INFO]       v ID=9504242 | Aspirasi - Tidak Bisa Mengakses Akun OSS (06  | None
2026-04-01 16:27:36,005 [INFO]    Detail: https://www.lapor.go.id/laporan/detil/aspirasi---proses-pengajuan-sitr-08-oktober-2025--202510100658381760054318655
2026-04-01 16:27:41,839 [INFO]       v ID=9504290 | Aspirasi - Proses Pengajuan SITR (08 Oktober  | None
2026-04-01 16:27:44,706 [INFO]    Detail: https://www.lapor.go.id/laporan/detil/maraknya-pedagang-kaki-lima-di-alun-alun-karawang-202510100806571760058417753
2026-04-01 16:27:50,126 [INFO]       v ID=9504458 | Maraknya Pedagang Kaki Lima Di Alun-Alun Kara | Lainnya terkait Pekerjaan Umum dan Penataan Ruang
2026-04-01 16:27:54,027 [INFO]    Detail: https://www.lapor.go.id/laporan/detil/penanaman-pohon-di-ruas-jalan-202510100811221760058682007
2026-04-01 16:27:59,349 [INFO]       v ID=9504476 | Penanaman Pohon Di Ruas Jalan | Infrastruktur Jalan
2026-04-01 16:28:02,709 [INFO]    Detail: https://www.lapor.go.id/laporan/detil/peningkatan-anak-stunting-di-daerah-pedesaan-202510100813391760058819544
2026-04-01 16:28:07,714 [INFO]       v ID=9504482 | Peningkatan Anak Stunting Di Daerah Pedesaan | Gizi Buruk/Stunting
2026-04-01 16:28:11,617 [INFO]    Total terkumpul sejauh ini: 2303 laporan

2026-04-01 16:28:14,295 [INFO] ── Halaman 232: https://www.lapor.go.id/kisah-sukses?page=232
2026-04-01 16:28:34,675 [INFO]    -> 10 laporan ditemukan
2026-04-01 16:28:34,675 [INFO]    Detail: https://www.lapor.go.id/laporan/detil/anak-pedesaan-yang-kecanduan-media-sosial-202510100816241760058984681
2026-04-01 16:28:40,393 [INFO]       v ID=9504512 | Anak Pedesaan Yang Kecanduan Media Sosial | Paud dan Pendidikan Informal
2026-04-01 16:28:42,976 [INFO]    Detail: https://www.lapor.go.id/laporan/detil/pohon-tumbang-mengenai-rumah-warga-202510131558471760345927217
2026-04-01 16:28:48,182 [INFO]       v ID=9510816 | Pohon Tumbang Mengenai Rumah Warga | Penanggulangan Bencana
2026-04-01 16:28:51,392 [INFO]    Detail: https://www.lapor.go.id/laporan/detil/permohonan-data-apbd-fungsi-pendidikan-kabupaten-kota-di-provinsi-kalimantan-timur-202510141127071760416027894
2026-04-01 16:28:56,800 [INFO]       v ID=9513409 | Permohonan Data Apbd Fungsi Pendidikan Kabupa | Data Mahasiswa
2026-04-01 16:29:00,308 [INFO]    Detail: https://www.lapor.go.id/laporan/detil/perbaikan-infrastruktur-jalan-di-pusat-kota-202510141258041760421484156
2026-04-01 16:29:05,478 [INFO]       v ID=9513885 | Perbaikan Infrastruktur Jalan Di Pusat Kota | Infrastruktur Jalan
2026-04-01 16:29:08,970 [INFO]    Detail: https://www.lapor.go.id/laporan/detil/optimalisasi-pengelolaan-sampah-tpa-jalupang-202510141301051760421665297
2026-04-01 16:29:13,973 [INFO]       v ID=9513901 | Optimalisasi Pengelolaan Sampah Tpa Jalupang | Pengelolaan Sampah
2026-04-01 16:29:17,145 [INFO]    Detail: https://www.lapor.go.id/laporan/detil/sarana-sanitasi-dan-fasilitas-sekolah-202510141312511760422371885
2026-04-01 16:29:22,391 [INFO]       v ID=9513961 | Sarana Sanitasi Dan Fasilitas Sekolah | Pendidikan Dasar dan Menengah
2026-04-01 16:29:24,794 [INFO]    Detail: https://www.lapor.go.id/laporan/detil/perubahan-email-pada-sobat-bps-202510151033481760499228743
2026-04-01 16:29:29,961 [INFO]       v ID=9515009 | Perubahan Email pada SOBAT BPS | None
2026-04-01 16:29:33,968 [INFO]    Detail: https://www.lapor.go.id/laporan/detil/sampah-liar-di-los-cimaung-margamukti-202510151135151760502915882
2026-04-01 16:29:39,275 [INFO]       v ID=9515581 | Sampah Liar di Los Cimaung Margamukti | None
2026-04-01 16:29:41,945 [INFO]    Detail: https://www.lapor.go.id/laporan/detil/pohon-bambu-tumbang-ke-ruas-jalan-provinsi-komda-leuleuweungan-desa-tribaktimulya-202510151309251760508565988
2026-04-01 16:29:47,168 [INFO]       v ID=9516225 | pohon bambu tumbang ke ruas jalan  provinsi ( | None
2026-04-01 16:29:50,605 [INFO]    Detail: https://www.lapor.go.id/laporan/detil/dugaan-hutang-202510151408541760512134080
2026-04-01 16:29:58,623 [INFO]       v ID=9516957 | Dugaan Hutang | SP4N-LAPOR!
2026-04-01 16:30:01,454 [INFO]    Total terkumpul sejauh ini: 2313 laporan

2026-04-01 16:30:04,868 [INFO] ── Halaman 233: https://www.lapor.go.id/kisah-sukses?page=233
2026-04-01 16:30:26,935 [INFO]    -> 10 laporan ditemukan
2026-04-01 16:30:26,935 [INFO]    Detail: https://www.lapor.go.id/laporan/detil/konsultasi-menjadi-mitra-bps-202510151432291760513549230
2026-04-01 16:30:33,144 [INFO]       v ID=9517121 | Konsultasi menjadi mitra BPS | None
2026-04-01 16:30:36,854 [INFO]    Detail: https://www.lapor.go.id/laporan/detil/permasalahan-pada-suara-soundsystem-saat-apel-pagi-di-pemda-karawang-202510151528121760516892473
2026-04-01 16:30:42,553 [INFO]       v ID=9517321 | Permasalahan Pada Suara Soundsystem Saat Apel | SP4N-LAPOR!
2026-04-01 16:30:46,363 [INFO]    Detail: https://www.lapor.go.id/laporan/detil/minimnya-trotoar-dan-ruang-pejalan-kaki-202510151531421760517102578
2026-04-01 16:30:52,695 [INFO]       v ID=9517349 | Minimnya Trotoar Dan Ruang Pejalan Kaki | Infrastruktur Jalan
2026-04-01 16:30:56,094 [INFO]    Detail: https://www.lapor.go.id/laporan/detil/keluhan-limbah-mbg-202510151555031760518503446
2026-04-01 16:31:01,635 [INFO]       v ID=9517473 | Keluhan Limbah MBG | None
2026-04-01 16:31:04,242 [INFO]    Detail: https://www.lapor.go.id/laporan/detil/perbaikan-jalan-202510151602181760518938029
2026-04-01 16:31:09,284 [INFO]       v ID=9517509 | Perbaikan Jalan | None
2026-04-01 16:31:12,440 [INFO]    Detail: https://www.lapor.go.id/laporan/detil/daftar-njop-202510151626171760520377750
2026-04-01 16:31:17,789 [INFO]       v ID=9517565 | Daftar NJOP | None
2026-04-01 16:31:21,513 [INFO]    Detail: https://www.lapor.go.id/laporan/detil/sop-permendikdasmen-7-2025-202510151724421760523882650
2026-04-01 16:31:28,034 [INFO]       v ID=9517757 | Sop Permendikdasmen 7 2025 | Pendidikan Dasar dan Menengah
2026-04-01 16:31:31,082 [INFO]    Detail: https://www.lapor.go.id/laporan/detil/lampu-jalan-pju-sungai-besar-banjarbaru-mati-202510152154261760540066776
2026-04-01 16:31:36,349 [INFO]       v ID=9518489 | Lampu Jalan (Pju) Sungai Besar Banjarbaru Mat | Penerangan Jalan
2026-04-01 16:31:38,990 [INFO]    Detail: https://www.lapor.go.id/laporan/detil/butuh-file-rancangan-pembangunan-jangka-menengah-daerah-202510160030061760549406444
2026-04-01 16:31:46,873 [INFO]       v ID=9518865 | Butuh File Rancangan Pembangunan Jangka Menen | Lainnya terkait Administrasi Kewilayahan
2026-04-01 16:31:49,282 [INFO]    Detail: https://www.lapor.go.id/laporan/detil/minimnya-trotoar-dan-ruang-pejalan-kaki-202510160821321760577692094
2026-04-01 16:31:54,457 [INFO]       v ID=9519485 | Minimnya Trotoar Dan Ruang Pejalan Kaki | Infrastruktur Jalan
2026-04-01 16:31:57,141 [INFO]    Total terkumpul sejauh ini: 2323 laporan

2026-04-01 16:32:00,578 [INFO] ── Halaman 234: https://www.lapor.go.id/kisah-sukses?page=234
2026-04-01 16:32:21,617 [INFO]    -> 10 laporan ditemukan
2026-04-01 16:32:21,617 [INFO]    Detail: https://www.lapor.go.id/laporan/detil/rutilahu-202511030854051762134845438
2026-04-01 16:32:27,229 [INFO]       v ID=9520721 | Rutilahu | Permukiman
2026-04-01 16:32:30,550 [INFO]    Detail: https://www.lapor.go.id/laporan/detil/rutilahu-202511030846091762134369532
2026-04-01 16:32:36,013 [INFO]       v ID=9520889 | Rutilahu | Permukiman
2026-04-01 16:32:39,123 [INFO]    Detail: https://www.lapor.go.id/laporan/detil/23-04-2025-info-magang-202510161459251760601565797
2026-04-01 16:32:45,346 [INFO]       v ID=9520921 | 23/04/2025 Info magang | None
2026-04-01 16:32:47,730 [INFO]    Detail: https://www.lapor.go.id/laporan/detil/30-04-2025-info-magang-202510161514011760602441732
2026-04-01 16:32:53,963 [INFO]       v ID=9520997 | 30/04/2025 Info magang | None
2026-04-01 16:32:56,983 [INFO]    Detail: https://www.lapor.go.id/laporan/detil/ketidaksesuaian-informasi-terkait-penjaminan-peserta-bpjs-kesehatan-202510170820121760664012119
2026-04-01 16:33:02,967 [INFO]       v ID=9523009 | Ketidaksesuaian informasi terkait penjaminan  | None
2026-04-01 16:33:05,068 [INFO]    Detail: https://www.lapor.go.id/laporan/detil/optimalisasi-perbaikan-jalan-di-pusat-kota-202510170843471760665427291
2026-04-01 16:33:10,437 [INFO]       v ID=9523209 | Optimalisasi Perbaikan Jalan Di Pusat Kota | Infrastruktur Jalan
2026-04-01 16:33:13,765 [INFO]    Detail: https://www.lapor.go.id/laporan/detil/pengoptimalan-dan-penyebarluasan-informasi-soal-layanan-tangkar-202510170845531760665553417
2026-04-01 16:33:19,246 [INFO]       v ID=9523233 | Pengoptimalan Dan Penyebarluasan Informasi So | Laiinya terkait Layanan Online/Aplikasi Pemerintah
2026-04-01 16:33:22,691 [INFO]    Detail: https://www.lapor.go.id/laporan/detil/peningkatan-zona-integritas-dan-transparansi-layanan-202510170846501760665610626
2026-04-01 16:33:28,247 [INFO]       v ID=9523237 | Peningkatan Zona Integritas Dan Transparansi  | Pungutan Liar
2026-04-01 16:33:32,331 [INFO]    Detail: https://www.lapor.go.id/laporan/detil/drainase-buruk-banjir-di-perumahan-202510170848511760665731656
2026-04-01 16:33:38,289 [INFO]       v ID=9523261 | Drainase Buruk & Banjir Di Perumahan | Drainase (Gorong-Gorong/Parit)
2026-04-01 16:33:41,212 [INFO]    Detail: https://www.lapor.go.id/laporan/detil/genangan-air-di-terowongan-gonggo-202510170926281760667988882
2026-04-01 16:33:46,580 [INFO]       v ID=9523605 | Genangan Air Di Terowongan Gonggo | Infrastruktur Jalan
2026-04-01 16:33:49,543 [INFO]    Total terkumpul sejauh ini: 2333 laporan

2026-04-01 16:33:51,822 [INFO] ── Halaman 235: https://www.lapor.go.id/kisah-sukses?page=235
2026-04-01 16:34:12,854 [INFO]    -> 10 laporan ditemukan
2026-04-01 16:34:12,854 [INFO]    Detail: https://www.lapor.go.id/laporan/detil/kurangnya-fasilitas-pejalan-kaki-di-sekitar-unsika-202510170944321760669072751
2026-04-01 16:34:18,118 [INFO]       v ID=9523749 | Kurangnya Fasilitas Pejalan Kaki Di Sekitar U | Infrastruktur Jalan
2026-04-01 16:34:20,212 [INFO]    Detail: https://www.lapor.go.id/laporan/detil/30-04-2025-info-mitra-bps-202510171107571760674077751
2026-04-01 16:34:26,514 [INFO]       v ID=9524193 | 30/04/2025 Info mitra bps | None
2026-04-01 16:34:28,799 [INFO]    Detail: https://www.lapor.go.id/laporan/detil/30-04-2025-info-magang-202510171109561760674196427
2026-04-01 16:34:35,421 [INFO]       v ID=9524201 | 30/04/2025 Info magang | None
2026-04-01 16:34:37,773 [INFO]    Detail: https://www.lapor.go.id/laporan/detil/07-05-2025-info-mitra-bps-202510171146181760676378319
2026-04-01 16:34:45,382 [INFO]       v ID=9524441 | 07/05/2025 Info mitra bps | None
2026-04-01 16:34:48,798 [INFO]    Detail: https://www.lapor.go.id/laporan/detil/08-05-2025-info-mitra-bps-202510171147511760676471454
2026-04-01 16:34:56,466 [INFO]       v ID=9524449 | 08/05/2025 Info mitra bps | None
2026-04-01 16:34:58,679 [INFO]    Detail: https://www.lapor.go.id/laporan/detil/15-05-2025-info-magang-202510171149141760676554079
2026-04-01 16:35:06,046 [INFO]       v ID=9524461 | 15/05/2025 info magang | None
2026-04-01 16:35:08,118 [INFO]    Detail: https://www.lapor.go.id/laporan/detil/23-05-2025---info-mitra-bps-202510171150531760676653691
2026-04-01 16:35:14,232 [INFO]       v ID=9524477 | 23/05/2025 -	Info mitra bps | None
2026-04-01 16:35:16,316 [INFO]    Detail: https://www.lapor.go.id/laporan/detil/23-05-2025---info-mitra-bps-202510171152221760676742023
2026-04-01 16:35:22,429 [INFO]       v ID=9524485 | 23/05/2025 -	Info mitra bps | None
2026-04-01 16:35:24,937 [INFO]    Detail: https://www.lapor.go.id/laporan/detil/28-05-2025---info-magang-202510171154031760676843987
2026-04-01 16:35:32,159 [INFO]       v ID=9524501 | 28/05/2025 -	info magang | None
2026-04-01 16:35:35,043 [INFO]    Detail: https://www.lapor.go.id/laporan/detil/03-06-2025-info-magang-202510171601301760691690346
2026-04-01 16:35:41,794 [INFO]       v ID=9525909 | 03/06/2025 Info magang | None
2026-04-01 16:35:45,395 [INFO]    Total terkumpul sejauh ini: 2343 laporan

2026-04-01 16:35:48,267 [INFO] ── Halaman 236: https://www.lapor.go.id/kisah-sukses?page=236
2026-04-01 16:36:08,941 [INFO]    -> 10 laporan ditemukan
2026-04-01 16:36:08,943 [INFO]    Detail: https://www.lapor.go.id/laporan/detil/06-06-2025-info-magang-202510171603291760691809123
2026-04-01 16:36:15,177 [INFO]       v ID=9525929 | 06/06/2025 Info magang | None
2026-04-01 16:36:19,117 [INFO]    Detail: https://www.lapor.go.id/laporan/detil/07-06-2025-info-mitra-bps-202510171606311760691991362
2026-04-01 16:36:26,019 [INFO]       v ID=9525945 | 07/06/2025 Info mitra bps | None
2026-04-01 16:36:29,808 [INFO]    Detail: https://www.lapor.go.id/laporan/detil/25-06-2025-info-survei-202510171619311760692771441
2026-04-01 16:36:36,305 [INFO]       v ID=9526061 | 25/06/2025 info survei | None
2026-04-01 16:36:39,872 [INFO]    Detail: https://www.lapor.go.id/laporan/detil/26-06-2025-info-mitra-bps-202510171625201760693120580
2026-04-01 16:36:46,347 [INFO]       v ID=9526117 | 26/06/2025 Info mitra bps | None
2026-04-01 16:36:50,128 [INFO]    Detail: https://www.lapor.go.id/laporan/detil/minimnya-trotoar-dan-ruang-pejalan-kaki-202510201600031760950803144
2026-04-01 16:36:55,517 [INFO]       v ID=9529445 | Minimnya Trotoar Dan Ruang Pejalan Kaki | Infrastruktur Jalan
2026-04-01 16:36:58,671 [INFO]    Detail: https://www.lapor.go.id/laporan/detil/tindak-lanjut-proses-laporan-pengaduan-kantah-atr-bpn-kabupaten-garut-202510210836251761010585538
2026-04-01 16:37:03,829 [INFO]       v ID=9531265 | Tindak Lanjut Proses Laporan Pengaduan Kantah | Lainnya terkait Pertanahan
2026-04-01 16:37:07,407 [INFO]    Detail: https://www.lapor.go.id/laporan/detil/cuaca-panas-dan-minimnya-ruang-terbuka-hijau-202510212126441761056804233
2026-04-01 16:37:12,624 [INFO]       v ID=9532909 | Cuaca Panas Dan Minimnya Ruang Terbuka Hijau | Taman
2026-04-01 16:37:15,148 [INFO]    Detail: https://www.lapor.go.id/laporan/detil/ketersediaan-layanan-kesehatan-24-jam-202510212134421761057282923
2026-04-01 16:37:20,401 [INFO]       v ID=9532937 | Ketersediaan Layanan Kesehatan 24 Jam | Kualitas Pelayanan Kesehatan
2026-04-01 16:37:23,974 [INFO]    Detail: https://www.lapor.go.id/laporan/detil/kurangnya-penyuluhan-kesehatan-dari-pemerintah-202510221115531761106553620
2026-04-01 16:37:28,981 [INFO]       v ID=9534677 | Kurangnya Penyuluhan Kesehatan Dari Pemerinta | Kualitas Pelayanan Kesehatan
2026-04-01 16:37:32,110 [INFO]    Detail: https://www.lapor.go.id/laporan/detil/banjir-di-lingkungan-moncok-telaga-mas-202510221151501761108710811
2026-04-01 16:37:37,289 [INFO]       v ID=9534845 | Banjir di Lingkungan Moncok Telaga Mas | None
2026-04-01 16:37:40,512 [INFO]    Total terkumpul sejauh ini: 2353 laporan

2026-04-01 16:37:42,557 [INFO] ── Halaman 237: https://www.lapor.go.id/kisah-sukses?page=237
2026-04-01 16:38:05,065 [INFO]    -> 10 laporan ditemukan
2026-04-01 16:38:05,068 [INFO]    Detail: https://www.lapor.go.id/laporan/detil/perkeleahian-warga-202510221154211761108861269
2026-04-01 16:38:12,101 [INFO]       v ID=9534853 | Perkeleahian Warga | None
2026-04-01 16:38:14,673 [INFO]    Detail: https://www.lapor.go.id/laporan/detil/bangunan-liar-202510221226341761110794978
2026-04-01 16:38:22,253 [INFO]       v ID=9535021 | Bangunan Liar | Lainnya terkait Pembangunan Desa dan Daerah Tertinggal
2026-04-01 16:38:26,277 [INFO]    Detail: https://www.lapor.go.id/laporan/detil/korban-gusur-bangli-202510221302221761112942954
2026-04-01 16:38:34,652 [INFO]       v ID=9535197 | korban gusur bangli | Lainnya terkait Ketenteraman, Ketertiban Umum, dan Pelindungan Masyarakat
2026-04-01 16:38:38,515 [INFO]    Detail: https://www.lapor.go.id/laporan/detil/banjir-di-perpustakaan-provinsi-kaltim-202510221444511761119091047
2026-04-01 16:39:08,730 [WARNING] Timeout attempt 1/3: https://www.lapor.go.id/laporan/detil/banjir-di-perpustakaan-provinsi-kaltim-202510221444511761119091047
2026-04-01 16:39:18,759 [INFO]       v ID=9535933 | Perpustakaan Provinsi Kaltim Kebanjiran | Kepuasan Konsumen
2026-04-01 16:39:20,907 [INFO]    Detail: https://www.lapor.go.id/laporan/detil/pengaduan-202510231346191761201979365
2026-04-01 16:39:30,070 [INFO]       v ID=9541246 | Pengaduan | None
2026-04-01 16:39:32,434 [INFO]    Detail: https://www.lapor.go.id/laporan/detil/komplain-terkait-surat-rujukan-202510231354161761202456593
2026-04-01 16:39:37,920 [INFO]       v ID=9541301 | Komplain terkait surat rujukan | None
2026-04-01 16:39:41,101 [INFO]    Detail: https://www.lapor.go.id/laporan/detil/polusi-suara-202510250743191761352999684
2026-04-01 16:39:47,659 [INFO]       v ID=9549866 | Polusi Suara | SP4N-LAPOR!
2026-04-01 16:39:51,244 [INFO]    Detail: https://www.lapor.go.id/laporan/detil/daftar-aplikasi-cek-bansos-202510250918311761358711560
2026-04-01 16:39:57,893 [INFO]       v ID=9550066 | Daftar Aplikasi Cek Bansos | Bantuan Langsung Tunai Dana Desa (BLT DD)
2026-04-01 16:40:01,180 [INFO]    Detail: https://www.lapor.go.id/laporan/detil/perbaikan-jalan-202510251856191761393379180
2026-04-01 16:40:07,824 [INFO]       v ID=9551456 | Perbaikan jalan | None
2026-04-01 16:40:10,019 [INFO]    Detail: https://www.lapor.go.id/laporan/detil/ganti-rugi-lahan-202510251858591761393539753
2026-04-01 16:40:16,324 [INFO]       v ID=9551481 | Ganti Rugi Lahan | None
2026-04-01 16:40:19,046 [INFO]    Total terkumpul sejauh ini: 2363 laporan

2026-04-01 16:40:21,420 [INFO] ── Halaman 238: https://www.lapor.go.id/kisah-sukses?page=238
2026-04-01 16:40:41,645 [INFO]    -> 10 laporan ditemukan
2026-04-01 16:40:41,645 [INFO]    Detail: https://www.lapor.go.id/laporan/detil/satgas-aripan-202510251902371761393757006
2026-04-01 16:40:47,759 [INFO]       v ID=9551491 | Satgas aripan | None
2026-04-01 16:40:51,717 [INFO]    Detail: https://www.lapor.go.id/laporan/detil/perbaikan-jalan-talang-babungo-202510251904091761393849047
2026-04-01 16:40:58,005 [INFO]       v ID=9551496 | Perbaikan jalan talang babungo | None
2026-04-01 16:41:00,385 [INFO]    Detail: https://www.lapor.go.id/laporan/detil/kepala-desa-tanjonga-menyalah-gunakan-wewenang-soal-bansos-202510252104401761401080070
2026-04-01 16:41:05,431 [INFO]       v ID=9551776 | Kepala Desa Tanjonga Menyalah Gunakan Wewenan | Lainnya terkait Pembangunan Desa, Daerah Tertinggal, dan Transmigrasi
2026-04-01 16:41:08,205 [INFO]    Detail: https://www.lapor.go.id/laporan/detil/pengajuan-bansos-202510261036381761449798071
2026-04-01 16:41:13,526 [INFO]       v ID=9552826 | Pengajuan Bansos | Anggaran dan Perbendaharaan
2026-04-01 16:41:16,548 [INFO]    Detail: https://www.lapor.go.id/laporan/detil/potensi-wisata-daerah-yang-belum-maksimal-202510271000561761534056969
2026-04-01 16:41:24,333 [INFO]       v ID=9556166 | Potensi Wisata Daerah Yang Belum Maksimal | Destinasi Pariwisata
2026-04-01 16:41:27,190 [INFO]    Detail: https://www.lapor.go.id/laporan/detil/pengaduan-warga-terkait-parkir-liar-depan-kantor-kecamatan-dan-damkar-202510271620521761556852857
2026-04-01 16:41:32,539 [INFO]       v ID=9557781 | Pengaduan warga terkait parkir liar depan kan | None
2026-04-01 16:41:34,731 [INFO]    Detail: https://www.lapor.go.id/laporan/detil/permintaan-infromasi-202510271626171761557177377
2026-04-01 16:41:40,011 [INFO]       v ID=9557806 | Permintaan Infromasi | Perumahan Bersubsidi dan Rumah Susun
2026-04-01 16:41:42,326 [INFO]    Detail: https://www.lapor.go.id/laporan/detil/gaji-tidak-dibayarkan-202510271907431761566863699
2026-04-01 16:41:47,463 [INFO]       v ID=9558226 | Gaji Tidak Dibayarkan | Hak Pekerja
2026-04-01 16:41:49,585 [INFO]    Detail: https://www.lapor.go.id/laporan/detil/website-aktif-pemerintah-desa-di-karawang-202510280634261761608066126
2026-04-01 16:41:54,759 [INFO]       v ID=9559446 | Website Aktif Pemerintah Desa Di Karawang | Lainnya terkait Teknologi Informasi dan Komunikasi
2026-04-01 16:41:57,165 [INFO]    Detail: https://www.lapor.go.id/laporan/detil/website-aktif-dinas-kabupaten-karawang-202510280638131761608293068
2026-04-01 16:42:02,246 [INFO]       v ID=9559461 | Website Aktif Dinas Kabupaten Karawang | Lainnya terkait Teknologi Informasi dan Komunikasi
2026-04-01 16:42:06,195 [INFO]    Total terkumpul sejauh ini: 2373 laporan

2026-04-01 16:42:08,548 [INFO] ── Halaman 239: https://www.lapor.go.id/kisah-sukses?page=239
2026-04-01 16:42:30,245 [INFO]    -> 10 laporan ditemukan
2026-04-01 16:42:30,245 [INFO]    Detail: https://www.lapor.go.id/laporan/detil/pelayanan-publik-ramah-disabilitas-202510280640041761608404935
2026-04-01 16:42:35,744 [INFO]       v ID=9559466 | Pelayanan Publik Ramah Disabilitas | Akses Masyarakat Berkebutuhan Khusus/ Disabilitas
2026-04-01 16:42:38,001 [INFO]    Detail: https://www.lapor.go.id/laporan/detil/optimalisasi-media-sosial-dinas-pemerintah-karawang-202510280642021761608522112
2026-04-01 16:42:43,692 [INFO]       v ID=9559471 | Optimalisasi Media Sosial Dinas Pemerintah Ka | Lainnya terkait Teknologi Informasi dan Komunikasi
2026-04-01 16:42:46,251 [INFO]    Detail: https://www.lapor.go.id/laporan/detil/peningkatan-pelayanan-digital-di-tingkat-kecamatan-202510280644361761608676061
2026-04-01 16:42:52,234 [INFO]       v ID=9559481 | Peningkatan Pelayanan Digital Di Tingkat Keca | Lainnya terkait Teknologi Informasi dan Komunikasi
2026-04-01 16:42:56,061 [INFO]    Detail: https://www.lapor.go.id/laporan/detil/peningkatan-pelayanan-kesehatan-di-desa-kabupaten-karawang-202510280647161761608836083
2026-04-01 16:43:01,294 [INFO]       v ID=9559486 | Peningkatan Pelayanan Kesehatan Di Desa Kabup | Lainnya terkait Pelayanan Kesehatan
2026-04-01 16:43:04,444 [INFO]    Detail: https://www.lapor.go.id/laporan/detil/pelayanan-publik-ramah-lansia-di-kabupaten-karawang-202510280649261761608966432
2026-04-01 16:43:10,121 [INFO]       v ID=9559506 | Pelayanan Publik Ramah Lansia Di Kabupaten Ka | Lainnya terkait Pekerjaan Umum dan Penataan Ruang
2026-04-01 16:43:14,050 [INFO]    Detail: https://www.lapor.go.id/laporan/detil/peningkatan-layanan-publik-digital-agar-terhindar-pungli-di-kabupaten-karawang-202510280651101761609070670
2026-04-01 16:43:19,843 [INFO]       v ID=9559516 | Peningkatan Layanan Publik Digital Agar Terhi | Lainnya terkait Teknologi Informasi dan Komunikasi
2026-04-01 16:43:23,068 [INFO]    Detail: https://www.lapor.go.id/laporan/detil/pemanfaatan-media-sosial-untuk-pelayanan-dinas-di-kabupaten-karawang-202510280653081761609188621
2026-04-01 16:43:28,432 [INFO]       v ID=9559521 | Pemanfaatan Media Sosial Untuk Pelayanan Dina | Lainnya terkait Teknologi Informasi dan Komunikasi
2026-04-01 16:43:31,476 [INFO]    Detail: https://www.lapor.go.id/laporan/detil/pelayanan-vaksinasi-yang-offline-di-tanggal-merah-nasional-202510281335211761633321365
2026-04-01 16:43:38,065 [INFO]       v ID=9561406 | Pelayanan Vaksinasi yang offline di tanggal m | None
2026-04-01 16:43:40,806 [INFO]    Detail: https://www.lapor.go.id/laporan/detil/permintaan-data-dari-upt-kph-bagansiapiapi-dlhk-provinsi-riau-202510281558011761641881172
2026-04-01 16:43:45,851 [INFO]       v ID=9561896 | Permintaan Data dari UPT KPH Bagansiapiapi DL | None
2026-04-01 16:43:48,455 [INFO]    Detail: https://www.lapor.go.id/laporan/detil/k344010250139---wargiati-202510281933321761654812147
2026-04-01 16:43:55,052 [INFO]       v ID=9562441 | K344010250139 - Wargiati | None
2026-04-01 16:43:58,439 [INFO]    Total terkumpul sejauh ini: 2383 laporan

2026-04-01 16:44:02,424 [INFO] ── Halaman 240: https://www.lapor.go.id/kisah-sukses?page=240
2026-04-01 16:44:22,421 [INFO]    -> 10 laporan ditemukan
2026-04-01 16:44:22,423 [INFO]    Detail: https://www.lapor.go.id/laporan/detil/aduan-layanan-vaksinasi-202510290750511761699051033
2026-04-01 16:44:29,390 [INFO]       v ID=9563831 | Aduan Layanan Vaksinasi | None
2026-04-01 16:44:32,526 [INFO]    Detail: https://www.lapor.go.id/laporan/detil/permohonan-data-statistik-untuk-penelitian-skripsi-202510290806531761700013294
2026-04-01 16:44:39,195 [INFO]       v ID=9563996 | Permohonan Data Statistik untuk Penelitian Sk | None
2026-04-01 16:44:41,748 [INFO]    Detail: https://www.lapor.go.id/laporan/detil/permintaan-data-202510290810071761700207111
2026-04-01 16:44:48,103 [INFO]       v ID=9564036 | Permintaan data | None
2026-04-01 16:44:50,497 [INFO]    Detail: https://www.lapor.go.id/laporan/detil/aspirasi---pengisian-form-lingkungan-dalam-dokumen-persetujuan-sppl-21-september-2025--202510290851531761702713470
2026-04-01 16:44:55,861 [INFO]       v ID=9564601 | Aspirasi - Pengisian Form Lingkungan Dalam Do | None
2026-04-01 16:44:58,205 [INFO]    Detail: https://www.lapor.go.id/laporan/detil/aspirasi---kendala-pengajuan-nib-pada-oss-22-september-2025--202510290858041761703084368
2026-04-01 16:45:03,198 [INFO]       v ID=9564711 | Aspirasi - Kendala Pengajuan NIB Pada OSS (22 | None
2026-04-01 16:45:06,249 [INFO]    Detail: https://www.lapor.go.id/laporan/detil/memastikan-apakah-benar-ada-permintaan-data-resmi-terkait-survei-202510290858401761703120951
2026-04-01 16:45:11,894 [INFO]       v ID=9564721 | Memastikan apakah benar ada permintaan data r | None
2026-04-01 16:45:14,387 [INFO]    Detail: https://www.lapor.go.id/laporan/detil/aspirasi---pencabutan-izin-usaha-24-september-2025--202510290912111761703931761
2026-04-01 16:45:19,382 [INFO]       v ID=9564881 | Aspirasi - Pencabutan Izin Usaha (24 Septembe | None
2026-04-01 16:45:22,939 [INFO]    Detail: https://www.lapor.go.id/laporan/detil/aspirasi---pengajuan-kbli-yang-ditolak-24-september-2025--202510290935101761705310074
2026-04-01 16:45:28,250 [INFO]       v ID=9565211 | Aspirasi - Pengajuan KBLI Yang Ditolak (24 Se | None
2026-04-01 16:45:31,578 [INFO]    Detail: https://www.lapor.go.id/laporan/detil/laporan-perihal-dugaan-tindak-pidana-korupsi-dana-bos-202510291027091761708429062
2026-04-01 16:45:37,055 [INFO]       v ID=9565726 | Laporan perihal Dugaan Tindak Pidana Korupsi  | None
2026-04-01 16:45:40,349 [INFO]    Detail: https://www.lapor.go.id/laporan/detil/penyalahgunaan-anggaran-bansos-202510291151101761713470890
2026-04-01 16:45:45,664 [INFO]       v ID=9566916 | Penyalahgunaan Anggaran Bansos | None
2026-04-01 16:45:48,554 [INFO]    Total terkumpul sejauh ini: 2393 laporan

2026-04-01 16:45:52,550 [INFO] ── Halaman 241: https://www.lapor.go.id/kisah-sukses?page=241
2026-04-01 16:46:13,617 [INFO]    -> 10 laporan ditemukan
2026-04-01 16:46:13,617 [INFO]    Detail: https://www.lapor.go.id/laporan/detil/konsultasi-statistik-terkait-pertumbuhan-ekonomi-kabupaten-tana-tidung-202510291335371761719737398
2026-04-01 16:46:19,953 [INFO]       v ID=9567546 | Konsultasi Statistik Terkait Pertumbuhan Ekon | None
2026-04-01 16:46:23,466 [INFO]    Detail: https://www.lapor.go.id/laporan/detil/laporan-dugaan-pencurian-penyerobotan-tanah-202510291412441761721964399
2026-04-01 16:46:30,086 [INFO]       v ID=9568106 | Laporan Dugaan Pencurian Penyerobotan tanah | None
2026-04-01 16:46:32,244 [INFO]    Detail: https://www.lapor.go.id/laporan/detil/perbaikan-infrastruktur-jalan-di-pusat-kota-202510300841151761788475112
2026-04-01 16:46:37,367 [INFO]       v ID=9571536 | Perbaikan Infrastruktur Jalan Di Pusat Kota | Infrastruktur Jalan
2026-04-01 16:46:40,952 [INFO]    Detail: https://www.lapor.go.id/laporan/detil/optimalisasi-pengelolaan-sampah-tpa-jalupang-202510300842161761788536881
2026-04-01 16:46:47,498 [INFO]       v ID=9571546 | Optimalisasi Pengelolaan Sampah Tpa Jalupang | Pengelolaan Sampah
2026-04-01 16:46:50,648 [INFO]    Detail: https://www.lapor.go.id/laporan/detil/sarana-sanitasi-dan-fasilitas-sekolah-202510300844151761788655764
2026-04-01 16:46:55,927 [INFO]       v ID=9571566 | Sarana Sanitasi Dan Fasilitas Sekolah | Lainnya terkait Pendidikan Dasar dan Menengah
2026-04-01 16:46:59,602 [INFO]    Detail: https://www.lapor.go.id/laporan/detil/transportasi-umum-202510300845091761788709464
2026-04-01 16:47:05,314 [INFO]       v ID=9571586 | Transportasi Umum | Transportasi Darat
2026-04-01 16:47:08,260 [INFO]    Detail: https://www.lapor.go.id/laporan/detil/transportasi-umum-202510300845221761788722688
2026-04-01 16:47:13,305 [INFO]       v ID=9571596 | Transportasi Umum | Transportasi Darat
2026-04-01 16:47:15,444 [INFO]    Detail: https://www.lapor.go.id/laporan/detil/konsultasi-data-202510300845321761788732746
2026-04-01 16:47:22,832 [INFO]       v ID=9571601 | Konsultasi Data | None
2026-04-01 16:47:25,074 [INFO]    Detail: https://www.lapor.go.id/laporan/detil/optimalisasi-perbaikan-jalan-di-pusat-kota-202510300846111761788771597
2026-04-01 16:47:35,232 [INFO]       v ID=9571611 | Optimalisasi Perbaikan Jalan Di Pusat Kota | Infrastruktur Jalan
2026-04-01 16:47:37,915 [INFO]    Detail: https://www.lapor.go.id/laporan/detil/pengoptimalan-dan-penyebarluasan-informasi-soal-layanan-tangkar-202510300846571761788817106
2026-04-01 16:47:43,206 [INFO]       v ID=9571621 | Pengoptimalan Dan Penyebarluasan Informasi So | Sosialisasi kurang
2026-04-01 16:47:47,210 [INFO]    Total terkumpul sejauh ini: 2403 laporan

2026-04-01 16:47:49,874 [INFO] ── Halaman 242: https://www.lapor.go.id/kisah-sukses?page=242
2026-04-01 16:48:12,303 [INFO]    -> 10 laporan ditemukan
2026-04-01 16:48:12,312 [INFO]    Detail: https://www.lapor.go.id/laporan/detil/fasilitas-olahraga-umum-yang-masih-terbatas-202510300847261761788846735
2026-04-01 16:48:23,762 [INFO]       v ID=9571626 | Fasilitas Olahraga Umum Yang Masih Terbatas | Lapangan Olahraga
2026-04-01 16:48:26,954 [INFO]    Detail: https://www.lapor.go.id/laporan/detil/peningkatan-zona-integritas-dan-transparansi-layanan-202510300847511761788871431
2026-04-01 16:48:32,889 [INFO]       v ID=9571646 | Peningkatan Zona Integritas Dan Transparansi  | Pungutan Liar
2026-04-01 16:48:36,058 [INFO]    Detail: https://www.lapor.go.id/laporan/detil/kualitas-air-bersih-yang-buruk-pada-malam-hari-202510300850241761789024380
2026-04-01 16:48:41,186 [INFO]       v ID=9571691 | Kualitas Air Bersih Yang Buruk Pada Malam Har | Layanan Air Minum
2026-04-01 16:48:44,094 [INFO]    Detail: https://www.lapor.go.id/laporan/detil/drainase-buruk-banjir-di-perumahan-202510300850451761789045810
2026-04-01 16:48:49,681 [INFO]       v ID=9571701 | Drainase Buruk & Banjir Di Perumahan | Drainase (Gorong-Gorong/Parit)
2026-04-01 16:48:52,270 [INFO]    Detail: https://www.lapor.go.id/laporan/detil/website-aktif-dinas-kabupaten-karawang-202510300852311761789151745
2026-04-01 16:48:57,486 [INFO]       v ID=9571736 | Website Aktif Dinas Kabupaten Karawang | Lainnya terkait Teknologi Informasi dan Komunikasi
2026-04-01 16:49:00,458 [INFO]    Detail: https://www.lapor.go.id/laporan/detil/optimalisasi-media-sosial-dinas-pemerintah-karawang-202510300857111761789431676
2026-04-01 16:49:05,538 [INFO]       v ID=9571786 | Optimalisasi Media Sosial Dinas Pemerintah Ka | Lainnya terkait Teknologi Informasi dan Komunikasi
2026-04-01 16:49:08,709 [INFO]    Detail: https://www.lapor.go.id/laporan/detil/kendaraan-melawan-arus-di-jalur-one-way-202510300859561761789596201
2026-04-01 16:49:15,394 [INFO]       v ID=9571816 | Kendaraan Melawan Arus Di Jalur One Way | Lainnya terkait Ketenteraman, Ketertiban Umum, dan Pelindungan Masyarakat
2026-04-01 16:49:19,315 [INFO]    Detail: https://www.lapor.go.id/laporan/detil/pemanfaatan-media-sosial-untuk-pelayanan-di-kabupaten-karawang-202510300900581761789658919
2026-04-01 16:49:24,789 [INFO]       v ID=9571866 | Pemanfaatan Media Sosial Untuk Pelayanan Di K | Lainnya terkait Teknologi Informasi dan Komunikasi
2026-04-01 16:49:27,383 [INFO]    Detail: https://www.lapor.go.id/laporan/detil/peningkatan-layanan-publik-digital-agar-terhindar-pungli-202510300905341761789934958
2026-04-01 16:49:32,632 [INFO]       v ID=9571941 | Peningkatan Layanan Publik Digital Agar Terhi | Lainnya terkait Teknologi Informasi dan Komunikasi
2026-04-01 16:49:35,051 [INFO]    Detail: https://www.lapor.go.id/laporan/detil/peningkatan-pelayanan-kesehatan-desa-di-kabupaten-karawang-202510300910571761790257964
2026-04-01 16:49:40,671 [INFO]       v ID=9572031 | Peningkatan Pelayanan Kesehatan Desa Di Kabup | Lainnya terkait Kesehatan
2026-04-01 16:49:42,760 [INFO]    Total terkumpul sejauh ini: 2413 laporan

2026-04-01 16:49:46,266 [INFO] ── Halaman 243: https://www.lapor.go.id/kisah-sukses?page=243
2026-04-01 16:50:07,592 [INFO]    -> 10 laporan ditemukan
2026-04-01 16:50:07,592 [INFO]    Detail: https://www.lapor.go.id/laporan/detil/website-aktif-pemerintah-desa-di-karawang-202510300912491761790369699
2026-04-01 16:50:12,668 [INFO]       v ID=9572061 | Website Aktif Pemerintah Desa Di Karawang | Lainnya terkait Teknologi Informasi dan Komunikasi
2026-04-01 16:50:16,615 [INFO]    Detail: https://www.lapor.go.id/laporan/detil/peningkatan-pelayanan-digital-di-tingkat-kecamatan-kabupaten-karawang-202510300917441761790664355
2026-04-01 16:50:21,553 [INFO]       v ID=9572141 | Peningkatan Pelayanan Digital Di Tingkat Keca | Lainnya terkait Teknologi Informasi dan Komunikasi
2026-04-01 16:50:24,915 [INFO]    Detail: https://www.lapor.go.id/laporan/detil/penumpukan-sampah-di-rw-05-kelurahan-ketandan-klaten-utara-202510301129531761798593998
2026-04-01 16:50:30,288 [INFO]       v ID=9574181 | Penumpukan Sampah Di Rw 05 Kelurahan Ketandan | Hutan Kemasyarakatan
2026-04-01 16:50:32,959 [INFO]    Detail: https://www.lapor.go.id/laporan/detil/permohonan-data-pembagian-wilayah-kota-dumai-202510301331291761805889711
2026-04-01 16:50:39,858 [INFO]       v ID=9575206 | Permohonan Data Pembagian Wilayah Kota Dumai | None
2026-04-01 16:50:43,581 [INFO]    Detail: https://www.lapor.go.id/laporan/detil/permohonan-dan-validasi-data-pendukung-studi-kelayakan-pembangunan-jembatan-dumai-melaka-202510301333591761806039890
2026-04-01 16:50:50,499 [INFO]       v ID=9575251 | Permohonan dan Validasi data pendukung studi  | None
2026-04-01 16:50:54,186 [INFO]    Detail: https://www.lapor.go.id/laporan/detil/permintaan-data-pendidikan-apk--202510301354161761807256745
2026-04-01 16:51:00,653 [INFO]       v ID=9575626 | Permintaan Data Pendidikan (APK) | None
2026-04-01 16:51:03,049 [INFO]    Detail: https://www.lapor.go.id/laporan/detil/bukti-bayar-ppn-202510301415201761808520593
2026-04-01 16:51:09,241 [INFO]       v ID=9575896 | Bukti Bayar PPN | None
2026-04-01 16:51:12,074 [INFO]    Detail: https://www.lapor.go.id/laporan/detil/aspirasi---persyaratan-izin-usaha-28-september-2025--202510301438231761809903231
2026-04-01 16:51:18,667 [INFO]       v ID=9576191 | Aspirasi - Persyaratan Izin Usaha (28 Septemb | None
2026-04-01 16:51:22,330 [INFO]    Detail: https://www.lapor.go.id/laporan/detil/saya-mau-mengajukan-skp-surat-keterangan-pindah--202510301606351761815195772
2026-04-01 16:51:28,605 [INFO]       v ID=9577086 | Saya Mau Mengajukan Skp(Surat Keterangan Pind | Administrasi Kependudukan dan Pencatatan Sipil
2026-04-01 16:51:31,646 [INFO]    Detail: https://www.lapor.go.id/laporan/detil/tidak-dapat-bantuan-bansos-202510301758321761821912560
2026-04-01 16:51:37,399 [INFO]       v ID=9577506 | Tidak Dapat Bantuan Bansos | Bantuan Sosial
2026-04-01 16:51:40,201 [INFO]    Total terkumpul sejauh ini: 2423 laporan

2026-04-01 16:51:43,159 [INFO] ── Halaman 244: https://www.lapor.go.id/kisah-sukses?page=244
2026-04-01 16:52:05,692 [INFO]    -> 10 laporan ditemukan
2026-04-01 16:52:05,692 [INFO]    Detail: https://www.lapor.go.id/laporan/detil/laporan-masih-belum-di-verifikasi-202510310459511761861591210
2026-04-01 16:52:11,923 [INFO]       v ID=9578676 | Laporan Masih Belum Di Verifikasi | SP4N-LAPOR!
2026-04-01 16:52:14,350 [INFO]    Detail: https://www.lapor.go.id/laporan/detil/permintaan-data-pengguna-internet-3-tahun-202510311132561761885176748
2026-04-01 16:52:21,126 [INFO]       v ID=9580916 | Permintaan Data Pengguna Internet 3 Tahun | None
2026-04-01 16:52:23,632 [INFO]    Detail: https://www.lapor.go.id/laporan/detil/aduan-terhadap-pengemis-di-lampu-merah-wilayah-kab-sukoharjo-202511012120391762006839040
2026-04-01 16:52:29,235 [INFO]       v ID=9586891 | Aduan Terhadap Pengemis Di Lampu Merah Wilaya | Lainnya terkait Ketenteraman, Ketertiban Umum, dan Pelindungan Masyarakat
2026-04-01 16:52:32,052 [INFO]    Detail: https://www.lapor.go.id/laporan/detil/pdam-mati-202511020338251762029505568
2026-04-01 16:52:38,567 [INFO]       v ID=9590331 | PDAM mati | Layanan Air Minum
2026-04-01 16:52:41,019 [INFO]    Detail: https://www.lapor.go.id/laporan/detil/melaporkan-mck-202511021436521762069012636
2026-04-01 16:52:58,760 [WARNING] Attempt 1/3 gagal (https://www.lapor.go.id/laporan/detil/melaporkan-mck-202511021436521762069012636): ('Connection aborted.', RemoteDisconnected('Remote end closed connection without response'))
2026-04-01 16:53:03,650 [INFO]       v ID=9591586 | Melaporkan Mck | Lainnya terkait Pekerjaan Umum dan Penataan Ruang
2026-04-01 16:53:07,210 [INFO]    Detail: https://www.lapor.go.id/laporan/detil/mck-202511021527451762072065440
2026-04-01 16:53:13,906 [INFO]       v ID=9591701 | Mck | Sanitasi
2026-04-01 16:53:16,915 [INFO]    Detail: https://www.lapor.go.id/laporan/detil/pengusiran-paksa-tenaga-kerja-di-hari-h-202511021536511762072611484
2026-04-01 16:53:22,684 [INFO]       v ID=9591731 | Pengusiran Paksa Tenaga Kerja Di Hari H | Hak Pekerja
2026-04-01 16:53:24,785 [INFO]    Detail: https://www.lapor.go.id/laporan/detil/mck-202511021715201762078520080
2026-04-01 16:53:30,360 [INFO]       v ID=9591951 | Mck | Sanitasi
2026-04-01 16:53:33,869 [INFO]    Detail: https://www.lapor.go.id/laporan/detil/mck-202511021743591762080239638
2026-04-01 16:53:39,066 [INFO]       v ID=9592001 | Mck | SP4N-LAPOR!
2026-04-01 16:53:42,204 [INFO]    Detail: https://www.lapor.go.id/laporan/detil/mck-202511022033051762090385047
2026-04-01 16:53:47,185 [INFO]       v ID=9592456 | Mck | Lainnya terkait Pekerjaan Umum dan Penataan Ruang
2026-04-01 16:53:50,984 [INFO]    Total terkumpul sejauh ini: 2433 laporan

2026-04-01 16:53:53,115 [INFO] ── Halaman 245: https://www.lapor.go.id/kisah-sukses?page=245
2026-04-01 16:54:16,960 [INFO]    -> 10 laporan ditemukan
2026-04-01 16:54:16,962 [INFO]    Detail: https://www.lapor.go.id/laporan/detil/mck-202511030947571762138077208
2026-04-01 16:54:23,036 [INFO]       v ID=9594546 | Mck | Sanitasi
2026-04-01 16:54:25,391 [INFO]    Detail: https://www.lapor.go.id/laporan/detil/bencana-banjir-202511031003481762139028751
2026-04-01 16:54:30,743 [INFO]       v ID=9594621 | Bencana Banjir | None
2026-04-01 16:54:33,531 [INFO]    Detail: https://www.lapor.go.id/laporan/detil/bencana-alam-banjir-bandang-202511031131051762144265244
2026-04-01 16:54:38,866 [INFO]       v ID=9595666 | Bencana Alam Banjir Bandang | None
2026-04-01 16:54:42,154 [INFO]    Detail: https://www.lapor.go.id/laporan/detil/bangunan-liar-disepanjang-jalan-interchange-202511031328211762151301769
2026-04-01 16:54:48,395 [INFO]       v ID=9597281 | Bangunan Liar Disepanjang Jalan Interchange | Lainnya terkait Ketenteraman, Ketertiban Umum, dan Pelindungan Masyarakat
2026-04-01 16:54:50,849 [INFO]    Detail: https://www.lapor.go.id/laporan/detil/bencana-alam-banjir-bandang-202511031441021762155662095
2026-04-01 16:54:56,784 [INFO]       v ID=9597951 | Bencana Alam Banjir Bandang | None
2026-04-01 16:55:00,385 [INFO]    Detail: https://www.lapor.go.id/laporan/detil/bencana-alam-banjir-202511031504461762157086374
2026-04-01 16:55:06,409 [INFO]       v ID=9598211 | Bencana Alam Banjir | None
2026-04-01 16:55:09,520 [INFO]    Detail: https://www.lapor.go.id/laporan/detil/pengujian-202511041016531762226213354
2026-04-01 16:55:16,247 [INFO]       v ID=9602651 | Pengujian | Topik Lainnya
2026-04-01 16:55:19,866 [INFO]    Detail: https://www.lapor.go.id/laporan/detil/pendaftaran-pangan-202511041109041762229344154
2026-04-01 16:55:25,967 [INFO]       v ID=9603076 | Pendaftaran Pangan | Topik Lainnya
2026-04-01 16:55:28,437 [INFO]    Detail: https://www.lapor.go.id/laporan/detil/pengujian-202511041109041762229344177
2026-04-01 16:55:34,161 [INFO]       v ID=9603081 | Pengujian | Topik Lainnya
2026-04-01 16:55:36,712 [INFO]    Detail: https://www.lapor.go.id/laporan/detil/pendaftaran-obat-tradisional-202511041109041762229344201
2026-04-01 16:55:41,757 [INFO]       v ID=9603086 | Pendaftaran Obat Tradisional | Topik Lainnya
2026-04-01 16:55:44,311 [INFO]    Total terkumpul sejauh ini: 2443 laporan

2026-04-01 16:55:46,400 [INFO] ── Halaman 246: https://www.lapor.go.id/kisah-sukses?page=246
2026-04-01 16:56:06,339 [INFO]    -> 10 laporan ditemukan
2026-04-01 16:56:06,339 [INFO]    Detail: https://www.lapor.go.id/laporan/detil/izin-edar-obat-tradisional-202511041110521762229452167
2026-04-01 16:56:12,238 [INFO]       v ID=9603101 | Izin Edar Obat Tradisional | Topik Lainnya
2026-04-01 16:56:15,403 [INFO]    Detail: https://www.lapor.go.id/laporan/detil/daftar-pbf-202511041110521762229452189
2026-04-01 16:56:20,927 [INFO]       v ID=9603106 | Daftar PBF | Topik Lainnya
2026-04-01 16:56:24,404 [INFO]    Detail: https://www.lapor.go.id/laporan/detil/penerangan-jalan-umum-202511041333481762238028573
2026-04-01 16:56:29,352 [INFO]       v ID=9603941 | PENERANGAN JALAN UMUM | None
2026-04-01 16:56:32,763 [INFO]    Detail: https://www.lapor.go.id/laporan/detil/permintaan-informasi-202511041747501762253270757
2026-04-01 16:56:39,365 [INFO]       v ID=9605816 | Permintaan Informasi | None
2026-04-01 16:56:42,657 [INFO]    Detail: https://www.lapor.go.id/laporan/detil/mck-202511041924591762259099606
2026-04-01 16:56:48,017 [INFO]       v ID=9606286 | Mck | Sanitasi
2026-04-01 16:56:50,186 [INFO]    Detail: https://www.lapor.go.id/laporan/detil/penulisan-nama-lhu-202511051049031762314543270
2026-04-01 16:56:55,682 [INFO]       v ID=9609081 | penulisan nama LHU | None
2026-04-01 16:56:58,264 [INFO]    Detail: https://www.lapor.go.id/laporan/detil/laporan-indisipliner-ka-sppg-sppg-irfandra-catering-pinrang-sulawesi-selatan-202511051142351762317755493
2026-04-01 16:57:04,578 [INFO]       v ID=9609611 | Laporan Indisipliner KA SPPG SPPG Irfandra Ca | Distribusi & Penyaluran MBG
2026-04-01 16:57:07,749 [INFO]    Detail: https://www.lapor.go.id/laporan/detil/kartu-keluarga-202511051845251762343125797
2026-04-01 16:57:12,974 [INFO]       v ID=9612416 | Kartu Keluarga | Kartu Keluarga
2026-04-01 16:57:16,668 [INFO]    Detail: https://www.lapor.go.id/laporan/detil/o2sn-nasional-tingkat-smp-dan-sd-202511052325261762359926502
2026-04-01 16:57:21,913 [INFO]       v ID=9613441 | O2Sn Nasional Tingkat Smp Dan Sd | SP4N-LAPOR!
2026-04-01 16:57:24,586 [INFO]    Detail: https://www.lapor.go.id/laporan/detil/pindah-online-202511060913151762395195182
2026-04-01 16:57:31,556 [INFO]       v ID=9614951 | Pindah Online | None
2026-04-01 16:57:33,720 [INFO]    Total terkumpul sejauh ini: 2453 laporan

2026-04-01 16:57:37,140 [INFO] ── Halaman 247: https://www.lapor.go.id/kisah-sukses?page=247
2026-04-01 16:57:58,983 [INFO]    -> 10 laporan ditemukan
2026-04-01 16:57:58,983 [INFO]    Detail: https://www.lapor.go.id/laporan/detil/bencana-alam-banjir-202511070827361762478856530
2026-04-01 16:58:04,183 [INFO]       v ID=9618726 | Bencana Alam Banjir | None
2026-04-01 16:58:08,143 [INFO]    Detail: https://www.lapor.go.id/laporan/detil/macet-loa-janan-kilo-1-2-202511080855171762566917052
2026-04-01 16:58:14,624 [INFO]       v ID=9622541 | Macet Loa Janan Kilo 1-2 | Lainnya terkait Ketenteraman, Ketertiban Umum, dan Pelindungan Masyarakat
2026-04-01 16:58:16,953 [INFO]    Detail: https://www.lapor.go.id/laporan/detil/konsultasi-data-kemiskinan-202511101131191762749079781
2026-04-01 16:58:23,224 [INFO]       v ID=9630546 | Konsultasi Data Kemiskinan | None
2026-04-01 16:58:26,786 [INFO]    Detail: https://www.lapor.go.id/laporan/detil/meminta-kepada-kejaksaan-tinggi-banten-dan-kejaksaan-negeri-kab-tangerang-mengusut-dugaan-penyalahgunaan-wewenang-oleh-pejabat-pengadaan-202511110658191762819099075
2026-04-01 16:58:32,052 [INFO]       v ID=9633776 | Meminta Kepada Kejaksaan Tinggi Banten Dan Ke | SP4N-LAPOR!
2026-04-01 16:58:35,643 [INFO]    Detail: https://www.lapor.go.id/laporan/detil/balap-liar-202511111515011762848901094
2026-04-01 16:58:41,866 [INFO]       v ID=9637646 | Balap Liar | Keresahan Masyarakat
2026-04-01 16:58:44,635 [INFO]    Detail: https://www.lapor.go.id/laporan/detil/jalanan-yang-rusak-202511111938071762864687204
2026-04-01 16:58:50,472 [INFO]       v ID=9638691 | Jalanan Yang Rusak | Jalan Berlubang
2026-04-01 16:58:54,436 [INFO]    Detail: https://www.lapor.go.id/laporan/detil/penelitian-skripsi-202511120854111762912451563
2026-04-01 16:59:01,425 [INFO]       v ID=9640421 | Penelitian Skripsi | Data Mahasiswa
2026-04-01 16:59:03,632 [INFO]    Detail: https://www.lapor.go.id/laporan/detil/bencana-alam-banjir-202511121059021762919942809
2026-04-01 16:59:09,014 [INFO]       v ID=9641451 | Bencana Alam Banjir | None
2026-04-01 16:59:11,160 [INFO]    Detail: https://www.lapor.go.id/laporan/detil/bantuan-tidak-cair-202511121237321762925852624
2026-04-01 16:59:16,378 [INFO]       v ID=9642416 | Bantuan Tidak Cair | None
2026-04-01 16:59:18,958 [INFO]    Detail: https://www.lapor.go.id/laporan/detil/bencana-alam-banjir-202511121509021762934942930
2026-04-01 16:59:24,137 [INFO]       v ID=9643826 | Bencana Alam Banjir | None
2026-04-01 16:59:27,543 [INFO]    Total terkumpul sejauh ini: 2463 laporan

2026-04-01 16:59:30,517 [INFO] ── Halaman 248: https://www.lapor.go.id/kisah-sukses?page=248
2026-04-01 16:59:53,546 [INFO]    -> 10 laporan ditemukan
2026-04-01 16:59:53,546 [INFO]    Detail: https://www.lapor.go.id/laporan/detil/bencana-alam-banjir-202511121735121762943712933
2026-04-01 17:00:00,417 [INFO]       v ID=9644711 | Bencana Alam Banjir | None
2026-04-01 17:00:03,015 [INFO]    Detail: https://www.lapor.go.id/laporan/detil/tanggapan-surat-202511122024351762953875592
2026-04-01 17:00:09,303 [INFO]       v ID=9645241 | Tanggapan Surat Status ASN | Kebijakan ASN
2026-04-01 17:00:11,747 [INFO]    Detail: https://www.lapor.go.id/laporan/detil/tidak-ada-email-yang-masuk-untuk-aktivasi-akun-mitra-bps-202511130729381762993778986
2026-04-01 17:00:17,514 [INFO]       v ID=9646326 | Tidak Ada Email Yang Masuk Untuk Aktivasi Aku | Lainnya terkait Teknologi Informasi dan Komunikasi
2026-04-01 17:00:21,239 [INFO]    Detail: https://www.lapor.go.id/laporan/detil/bencana-alam-banjir-202511130819471762996787323
2026-04-01 17:00:29,296 [INFO]       v ID=9646726 | Bencana Alam Banjir | None
2026-04-01 17:00:32,750 [INFO]    Detail: https://www.lapor.go.id/laporan/detil/pelayanan-kesehatan-gratis-202511130939011763001541517
2026-04-01 17:00:38,605 [INFO]       v ID=9647581 | PELAYANAN KESEHATAN GRATIS | None
2026-04-01 17:00:41,713 [INFO]    Detail: https://www.lapor.go.id/laporan/detil/bencana-alam-banjir-202511130939381763001578482
2026-04-01 17:00:47,008 [INFO]       v ID=9647601 | Bencana Alam Banjir | None
2026-04-01 17:00:50,619 [INFO]    Detail: https://www.lapor.go.id/laporan/detil/bencana-alam-banjir-202511131102281763006548343
2026-04-01 17:00:56,219 [INFO]       v ID=9648356 | Bencana Alam Banjir | None
2026-04-01 17:00:58,421 [INFO]    Detail: https://www.lapor.go.id/laporan/detil/kode-billing-820250721373384-suda-terbayar-sk-perijinan-belum-terbit-202511131106211763006781594
2026-04-01 17:01:05,253 [INFO]       v ID=9648386 | Kode Billing 820250721373384 Suda Terbayar Sk | Kehutanan
2026-04-01 17:01:08,187 [INFO]    Detail: https://www.lapor.go.id/laporan/detil/permohonan-izin-penelitian-penyusunan-proposal-skripsi-pengambilan-data--202511131225291763011529546
2026-04-01 17:01:14,593 [INFO]       v ID=9648831 | Permohonan Izin Penelitian penyusunan Proposa | None
2026-04-01 17:01:18,366 [INFO]    Detail: https://www.lapor.go.id/laporan/detil/tanggul-sungai-irigasi-d-i-comal-timur-jebol-202511140844521763084692386
2026-04-01 17:01:24,229 [INFO]       v ID=9652486 | Tanggul Sungai Irigasi D.i. Comal Timur Jebol | Irigasi Pertanian
2026-04-01 17:01:28,028 [INFO]    Total terkumpul sejauh ini: 2473 laporan

2026-04-01 17:01:31,258 [INFO] ── Halaman 249: https://www.lapor.go.id/kisah-sukses?page=249
2026-04-01 17:01:53,226 [INFO]    -> 10 laporan ditemukan
2026-04-01 17:01:53,226 [INFO]    Detail: https://www.lapor.go.id/laporan/detil/permintaan-informasi-202511140941201763088080669
2026-04-01 17:01:58,730 [INFO]       v ID=9653511 | Permintaan Informasi | None
2026-04-01 17:02:01,664 [INFO]    Detail: https://www.lapor.go.id/laporan/detil/keluhan-pelanggan-202511140943171763088197702
2026-04-01 17:02:06,914 [INFO]       v ID=9653536 | Keluhan Pelanggan | None
2026-04-01 17:02:10,131 [INFO]    Detail: https://www.lapor.go.id/laporan/detil/aspirasi---pengajuan-izin-usaha-perkebunan-3-november-2025--202511141324461763101486523
2026-04-01 17:02:15,283 [INFO]       v ID=9655351 | Aspirasi - Pengajuan Izin Usaha Perkebunan (3 | None
2026-04-01 17:02:19,120 [INFO]    Detail: https://www.lapor.go.id/laporan/detil/aspirasi---proses-penambahan-kbli-4-november-2025--202511141330541763101854897
2026-04-01 17:02:24,165 [INFO]       v ID=9655441 | Aspirasi - Proses penambahan KBLI (4 November | None
2026-04-01 17:02:26,398 [INFO]    Detail: https://www.lapor.go.id/laporan/detil/aspirasi---pengajuan-lahan-baru-pada-oss-5-november-2025--202511141335491763102149969
2026-04-01 17:02:31,680 [INFO]       v ID=9655501 | Aspirasi - Pengajuan Lahan Baru Pada OSS (5 N | None
2026-04-01 17:02:34,157 [INFO]    Detail: https://www.lapor.go.id/laporan/detil/aspirasi---syarat-pengajuan-nib-pada-ud-usaha-dagang-5-november-2025--202511141339581763102398941
2026-04-01 17:02:39,247 [INFO]       v ID=9655561 | Aspirasi - Syarat Pengajuan NIB Pada UD (Usah | None
2026-04-01 17:02:42,452 [INFO]    Detail: https://www.lapor.go.id/laporan/detil/aspirasi---proses-permonohan-reklame-isidentil-5-november-2025--202511141343521763102632014
2026-04-01 17:02:47,365 [INFO]       v ID=9655611 | Aspirasi - Proses Permonohan Reklame Isidenti | None
2026-04-01 17:02:49,778 [INFO]    Detail: https://www.lapor.go.id/laporan/detil/aspirasi---proses-pencabutan-sip-7-november-2025--202511141348331763102913090
2026-04-01 17:02:55,178 [INFO]       v ID=9655696 | Aspirasi - Proses Pencabutan SIP (7 November  | None
2026-04-01 17:02:59,222 [INFO]    Detail: https://www.lapor.go.id/laporan/detil/jalan-rusak-202511151121301763180490654
2026-04-01 17:03:05,385 [INFO]       v ID=9659006 | Jalan Rusak | Jalan Berlubang
2026-04-01 17:03:09,567 [INFO]    Detail: https://www.lapor.go.id/laporan/detil/informasi-magang-mahasiswa-202511151544321763196272064
2026-04-01 17:03:16,188 [INFO]       v ID=9659701 | Informasi Magang Mahasiswa | Pendidikan Tinggi
2026-04-01 17:03:20,206 [INFO]    Total terkumpul sejauh ini: 2483 laporan

2026-04-01 17:03:22,778 [INFO] ── Halaman 250: https://www.lapor.go.id/kisah-sukses?page=250
2026-04-01 17:03:44,809 [INFO]    -> 10 laporan ditemukan
2026-04-01 17:03:44,809 [INFO]    Detail: https://www.lapor.go.id/laporan/detil/tentang-kejanggalan-tata-kelola-pemerintahan-desa-tambaksumur-kecamatan-tirtajaya-kabupaten-karawang-202511160117011763230621025
2026-04-01 17:03:50,075 [INFO]       v ID=9660956 | Tentang Kejanggalan Tata Kelola Pemerintahan  | Lainnya terkait Pembangunan Desa, Daerah Tertinggal, dan Transmigrasi
2026-04-01 17:03:53,257 [INFO]    Detail: https://www.lapor.go.id/laporan/detil/kerusakan-jalan-banyak-truk-besar-melintas-di-jalan-tembus-walitellon-yang-dilarang-dilalui-truk-bis-202511161558021763283482650
2026-04-01 17:03:59,492 [INFO]       v ID=9662041 | Kerusakan Jalan & Banyak Truk Besar Melintas  | Infrastruktur Jalan
2026-04-01 17:04:02,315 [INFO]    Detail: https://www.lapor.go.id/laporan/detil/pengaduan-lampu-jalan-padam-di-btn-batara-ugi-belum-ditindaklanjuti-sdh-seminggu-202511161811571763291517659
2026-04-01 17:04:07,330 [INFO]       v ID=9662401 | Pengaduan Lampu Jalan Padam Di Btn Batara Ugi | Penerangan Jalan
2026-04-01 17:04:10,121 [INFO]    Detail: https://www.lapor.go.id/laporan/detil/pengaduan-layanan-202511170853041763344384793
2026-04-01 17:04:15,683 [INFO]       v ID=9663986 | Pengaduan Layanan | None
2026-04-01 17:04:19,329 [INFO]    Detail: https://www.lapor.go.id/laporan/detil/pegawai-dinas-pendidikan-provsu-lari-dari-utang-rp-17-000-000-202511170857561763344676012
2026-04-01 17:04:24,483 [INFO]       v ID=9664036 | Pegawai Dinas Pendidikan Provsu Lari Dari Uta | Lainnya terkait Pendidik dan Tenaga Kependidikan
2026-04-01 17:04:28,379 [INFO]    Detail: https://www.lapor.go.id/laporan/detil/informasi-pencairan-saldo-pkh-peralihan-pos-ke-bank-himbara-yaitu-bank-bni-202511171443411763365421254
2026-04-01 17:04:33,689 [INFO]       v ID=9667251 | Informasi Pencairan Saldo Pkh Peralihan Pos K | Lainnya terkait Bantuan Sosial
2026-04-01 17:04:37,347 [INFO]    Detail: https://www.lapor.go.id/laporan/detil/cetak-ulang-ktp-202511171448461763365726340
2026-04-01 17:04:42,579 [INFO]       v ID=9667336 | CETAK ULANG KTP | None
2026-04-01 17:04:46,341 [INFO]    Detail: https://www.lapor.go.id/laporan/detil/pengaduan---berita-hoax-202511171548501763369330255
2026-04-01 17:04:51,425 [INFO]       v ID=9667806 | Pengaduan - Berita HOAX | None
2026-04-01 17:04:54,724 [INFO]    Detail: https://www.lapor.go.id/laporan/detil/penurunan-jumlah-pengunjung-di-situs-budaya-karangkamulyan-akibat-penutupan-lahan-parkir-202511180821511763428911166
2026-04-01 17:04:59,898 [INFO]       v ID=9670506 | Penurunan Jumlah Pengunjung Di Situs Budaya K | Kebudayaan
2026-04-01 17:05:03,088 [INFO]    Detail: https://www.lapor.go.id/laporan/detil/dana-insentif-covid19-di-rsud-dr-soeroto-ngawi-tidak-cair-202511181013311763435611567
2026-04-01 17:05:08,380 [INFO]       v ID=9671821 | Dana Insentif Covid19 Di Rsud Dr.soeroto Ngaw | Pengajuan Klaim Pelayanan Kesehatan Covid-19
2026-04-01 17:05:11,704 [INFO]    Total terkumpul sejauh ini: 2493 laporan

2026-04-01 17:05:14,146 [INFO] ── Halaman 251: https://www.lapor.go.id/kisah-sukses?page=251
2026-04-01 17:05:35,540 [INFO]    -> 10 laporan ditemukan
2026-04-01 17:05:35,540 [INFO]    Detail: https://www.lapor.go.id/laporan/detil/pertanyaan-202511181138001763440680816
2026-04-01 17:05:41,774 [INFO]       v ID=9672791 | PERTANYAAN | None
2026-04-01 17:05:44,233 [INFO]    Detail: https://www.lapor.go.id/laporan/detil/kesan-202511181142271763440947696
2026-04-01 17:05:50,975 [INFO]       v ID=9672821 | KESAN | None
2026-04-01 17:05:54,078 [INFO]    Detail: https://www.lapor.go.id/laporan/detil/pertanyaan-biaya-pelayanan-202511181149121763441352582
2026-04-01 17:06:04,532 [INFO]       v ID=9672891 | PERTANYAAN BIAYA PELAYANAN | None
2026-04-01 17:06:07,148 [INFO]    Detail: https://www.lapor.go.id/laporan/detil/pertanyaan-kehadiran-dokter-202511181155461763441746407
2026-04-01 17:06:13,628 [INFO]       v ID=9672961 | PERTANYAAN KEHADIRAN DOKTER | None
2026-04-01 17:06:16,280 [INFO]    Detail: https://www.lapor.go.id/laporan/detil/pertanyaan-jam-buka-pelayanan-202511181159411763441981774
2026-04-01 17:06:23,695 [INFO]       v ID=9672976 | PERTANYAAN JAM BUKA PELAYANAN | None
2026-04-01 17:06:26,875 [INFO]    Detail: https://www.lapor.go.id/laporan/detil/pertanyaan-pelayanan-poli-gigi-202511181205251763442325040
2026-04-01 17:06:34,547 [INFO]       v ID=9673021 | PERTANYAAN PELAYANAN POLI GIGI | None
2026-04-01 17:06:38,184 [INFO]    Detail: https://www.lapor.go.id/laporan/detil/pertanyaan-imunisasi-202511181213541763442834553
2026-04-01 17:06:44,511 [INFO]       v ID=9673051 | PERTANYAAN IMUNISASI | None
2026-04-01 17:06:48,488 [INFO]    Detail: https://www.lapor.go.id/laporan/detil/pertanyaan-pelayanan-dokter-gigi-202511181218021763443082544
2026-04-01 17:06:55,577 [INFO]       v ID=9673056 | PERTANYAAN PELAYANAN DOKTER GIGI | None
2026-04-01 17:06:59,056 [INFO]    Detail: https://www.lapor.go.id/laporan/detil/hasil-pengumuman-pppk-guru-202511181337251763447845182
2026-04-01 17:07:07,634 [INFO]       v ID=9673461 | Hasil Pengumuman PPPK Guru | None
2026-04-01 17:07:11,599 [INFO]    Detail: https://www.lapor.go.id/laporan/detil/rembesan-air-di-kamar-203-202511191048431763524123862
2026-04-01 17:07:18,348 [INFO]       v ID=9678831 | Rembesan air di kamar 203 | None
2026-04-01 17:07:21,860 [INFO]    Total terkumpul sejauh ini: 2503 laporan

2026-04-01 17:07:25,735 [INFO] ── Halaman 252: https://www.lapor.go.id/kisah-sukses?page=252
2026-04-01 17:07:47,847 [INFO]    -> 10 laporan ditemukan
2026-04-01 17:07:47,847 [INFO]    Detail: https://www.lapor.go.id/laporan/detil/keran-yang-menetes-terus-airnya-di-rusunawa-kamar-310-lt-3-202511191102171763524937062
2026-04-01 17:07:54,177 [INFO]       v ID=9679006 | Keran yang menetes terus airnya di Rusunawa k | None
2026-04-01 17:07:58,112 [INFO]    Detail: https://www.lapor.go.id/laporan/detil/tersumbat-pembuangan-wastafel-202511191118331763525913868
2026-04-01 17:08:04,783 [INFO]       v ID=9679221 | Tersumbat pembuangan wastafel | None
2026-04-01 17:08:07,387 [INFO]    Detail: https://www.lapor.go.id/laporan/detil/rembesan-air-dari-kamar-atas-202511191150211763527821755
2026-04-01 17:08:14,004 [INFO]       v ID=9679486 | Rembesan air dari kamar atas | None
2026-04-01 17:08:17,440 [INFO]    Detail: https://www.lapor.go.id/laporan/detil/bocor-pipa-air-202511191359411763535581069
2026-04-01 17:08:23,746 [INFO]       v ID=9680291 | Bocor pipa air | None
2026-04-01 17:08:27,454 [INFO]    Detail: https://www.lapor.go.id/laporan/detil/lampu-taman-belakang-padam-202511191406221763535982516
2026-04-01 17:08:34,418 [INFO]       v ID=9680351 | Lampu taman belakang padam | None
2026-04-01 17:08:36,494 [INFO]    Detail: https://www.lapor.go.id/laporan/detil/pintu-kamar-utama-rusak-202511191410461763536246783
2026-04-01 17:08:43,136 [INFO]       v ID=9680446 | Pintu kamar utama rusak | None
2026-04-01 17:08:45,202 [INFO]    Detail: https://www.lapor.go.id/laporan/detil/pipa-air-ke-wastafel-luber--202511191418211763536701656
2026-04-01 17:08:51,530 [INFO]       v ID=9680531 | Pipa air ke wastafel luber. | None
2026-04-01 17:08:54,427 [INFO]    Detail: https://www.lapor.go.id/laporan/detil/lorong-lantai-3-mati-202511191425571763537157130
2026-04-01 17:09:01,827 [INFO]       v ID=9680611 | Lorong lantai 3 mati | None
2026-04-01 17:09:05,351 [INFO]    Detail: https://www.lapor.go.id/laporan/detil/pengaduan---mooc-swajar-202511201451231763625083203
2026-04-01 17:09:11,718 [INFO]       v ID=9687461 | Pengaduan - MOOC SWAJAR | None
2026-04-01 17:09:15,548 [INFO]    Detail: https://www.lapor.go.id/laporan/detil/informasi-sertifikat-202511201454381763625278892
2026-04-01 17:09:21,758 [INFO]       v ID=9687486 | Informasi Sertifikat | None
2026-04-01 17:09:25,432 [INFO]    Total terkumpul sejauh ini: 2513 laporan

2026-04-01 17:09:27,447 [INFO] ── Halaman 253: https://www.lapor.go.id/kisah-sukses?page=253
2026-04-01 17:09:48,139 [INFO]    -> 10 laporan ditemukan
2026-04-01 17:09:48,139 [INFO]    Detail: https://www.lapor.go.id/laporan/detil/obat-tradisional-ilegal-202511211341121763707272644
2026-04-01 17:09:53,323 [INFO]       v ID=9691776 | Obat tradisional ilegal | None
2026-04-01 17:09:57,039 [INFO]    Detail: https://www.lapor.go.id/laporan/detil/kosmetik-ilegal-202511211354071763708047321
2026-04-01 17:10:02,137 [INFO]       v ID=9691871 | Kosmetik ilegal | None
2026-04-01 17:10:06,046 [INFO]    Detail: https://www.lapor.go.id/laporan/detil/amdk-ilegal-202511211400011763708401558
2026-04-01 17:10:11,313 [INFO]       v ID=9691906 | AMDK ilegal | None
2026-04-01 17:10:14,968 [INFO]    Detail: https://www.lapor.go.id/laporan/detil/suplemen-ilegal-202511211407311763708851908
2026-04-01 17:10:19,937 [INFO]       v ID=9691956 | Suplemen ilegal | None
2026-04-01 17:10:23,780 [INFO]    Detail: https://www.lapor.go.id/laporan/detil/pangan-label-tidak-sesuai-202511211411591763709119263
2026-04-01 17:10:30,177 [INFO]       v ID=9691981 | Pangan label tidak sesuai | None
2026-04-01 17:10:33,177 [INFO]    Detail: https://www.lapor.go.id/laporan/detil/mi-lethek-ditanyakan-sanitasi-hygiene-nya-202511211416101763709370245
2026-04-01 17:10:38,645 [INFO]       v ID=9693076 | Mi lethek ditanyakan sanitasi-hygiene nya | None
2026-04-01 17:10:41,385 [INFO]    Detail: https://www.lapor.go.id/laporan/detil/penggunaan-no-md-perusahaan-lain-202511211421131763709673666
2026-04-01 17:10:47,479 [INFO]       v ID=9693531 | Penggunaan no MD perusahaan lain | None
2026-04-01 17:10:50,238 [INFO]    Detail: https://www.lapor.go.id/laporan/detil/produsen-susu-kambing-pindah-lokasi-tidak-lapor-202511211426571763710017300
2026-04-01 17:10:55,350 [INFO]       v ID=9694231 | Produsen susu kambing pindah lokasi tidak lap | None
2026-04-01 17:10:58,396 [INFO]    Detail: https://www.lapor.go.id/laporan/detil/kosmetik-ilegal-202511211433511763710431877
2026-04-01 17:11:04,415 [INFO]       v ID=9694271 | Kosmetik ilegal | None
2026-04-01 17:11:07,927 [INFO]    Detail: https://www.lapor.go.id/laporan/detil/nik-kk-202511220932401763778760050
2026-04-01 17:11:13,248 [INFO]       v ID=9697816 | Nik & Kk | Sinkronisasi data kependudukan
2026-04-01 17:11:15,831 [INFO]    Total terkumpul sejauh ini: 2523 laporan

2026-04-01 17:11:18,951 [INFO] ── Halaman 254: https://www.lapor.go.id/kisah-sukses?page=254
2026-04-01 17:11:39,999 [INFO]    -> 10 laporan ditemukan
2026-04-01 17:11:39,999 [INFO]    Detail: https://www.lapor.go.id/laporan/detil/konsultasi-data-202511221748131763808493673
2026-04-01 17:11:46,748 [INFO]       v ID=9699106 | Konsultasi Data | None
2026-04-01 17:11:49,530 [INFO]    Detail: https://www.lapor.go.id/laporan/detil/permintaan-data-curah-hujan-5-tahun-terakhir-202511240854591763949299096
2026-04-01 17:11:58,057 [INFO]       v ID=9704301 | Permintaan Data Curah Hujan 5 Tahun Terakhir | None
2026-04-01 17:12:02,021 [INFO]    Detail: https://www.lapor.go.id/laporan/detil/permintaan-data-dalam-publikasi-dalam-angka-selama-5-tahun-202511240857551763949475096
2026-04-01 17:12:09,315 [INFO]       v ID=9704351 | Permintaan Data dalam Publikasi Dalam Angka s | None
2026-04-01 17:12:13,049 [INFO]    Detail: https://www.lapor.go.id/laporan/detil/email-dinas-kemenag-202511240933531763951633209
2026-04-01 17:12:19,474 [INFO]       v ID=9704731 | Email Dinas Kemenag | Agama
2026-04-01 17:12:21,714 [INFO]    Detail: https://www.lapor.go.id/laporan/detil/pelayanan-kesehatan-6-januari-2025-202511241025251763954725628
2026-04-01 17:12:28,953 [INFO]       v ID=9705861 | PELAYANAN KESEHATAN 6 JANUARI 2025 | None
2026-04-01 17:12:32,277 [INFO]    Detail: https://www.lapor.go.id/laporan/detil/penelitian-terkait-survei-budaya-organisasi-202511241452351763970755644
2026-04-01 17:12:32,382 [WARNING] Attempt 1/3 gagal (https://www.lapor.go.id/laporan/detil/penelitian-terkait-survei-budaya-organisasi-202511241452351763970755644): HTTPSConnectionPool(host='www.lapor.go.id', port=443): Max retries exceeded with url: /laporan/detil/penelitian-terkait-survei-budaya-organisasi-202511241452351763970755644 (Caused by NameResolutionError("<urllib3.connection.HTTPSConnection object at 0x000001DD4531A990>: Failed to resolve 'www.lapor.go.id' ([Errno 11001] getaddrinfo failed)"))
2026-04-01 17:12:43,924 [INFO]       v ID=9708646 | Penelitian terkait Survei Budaya Organisasi | None
2026-04-01 17:12:46,210 [INFO]    Detail: https://www.lapor.go.id/laporan/detil/sobat-tidak-bisa-diakses-202511241551371763974297605
2026-04-01 17:12:54,825 [INFO]       v ID=9709201 | SOBAT tidak bisa diakses | None
2026-04-01 17:12:58,059 [INFO]    Detail: https://www.lapor.go.id/laporan/detil/evakuasi-ular-202511241654281763978068079
2026-04-01 17:13:05,535 [INFO]       v ID=9709681 | Evakuasi Ular | Pemadaman Kebakaran
2026-04-01 17:13:08,160 [INFO]    Detail: https://www.lapor.go.id/laporan/detil/bencana-alam-banjir-202511251040031764042003831
2026-04-01 17:13:13,637 [INFO]       v ID=9714291 | Bencana Alam Banjir | None
2026-04-01 17:13:16,827 [INFO]    Detail: https://www.lapor.go.id/laporan/detil/bencana-alam-banjir-202511251132381764045158240
2026-04-01 17:13:21,970 [INFO]       v ID=9716011 | Bencana Alam Banjir | None
2026-04-01 17:13:24,116 [INFO]    Total terkumpul sejauh ini: 2533 laporan

2026-04-01 17:13:27,434 [INFO] ── Halaman 255: https://www.lapor.go.id/kisah-sukses?page=255
2026-04-01 17:13:50,015 [INFO]    -> 10 laporan ditemukan
2026-04-01 17:13:50,015 [INFO]    Detail: https://www.lapor.go.id/laporan/detil/aspirasi---perubahan-npwp-pt-pada-oss-11-november-2025--202511251424041764055444405
2026-04-01 17:13:55,527 [INFO]       v ID=9718241 | Aspirasi - Perubahan NPWP PT Pada OSS (11 Nov | None
2026-04-01 17:13:58,832 [INFO]    Detail: https://www.lapor.go.id/laporan/detil/aspirasi---berkas-yang-dibutuhkan-untuk-proses-pembuatan-nib-12-november-2025--202511251429221764055762786
2026-04-01 17:14:04,422 [INFO]       v ID=9718306 | Aspirasi - Berkas Yang Dibutuhkan Untuk Prose | None
2026-04-01 17:14:08,264 [INFO]    Detail: https://www.lapor.go.id/laporan/detil/aspirasi---progres-pengajuan-kkpr-non-berusaha-21-november-2025--202511251531451764059505671
2026-04-01 17:14:14,314 [INFO]       v ID=9719156 | Aspirasi - Progres Pengajuan KKPR Non Berusah | None
2026-04-01 17:14:17,538 [INFO]    Detail: https://www.lapor.go.id/laporan/detil/kendala-terkait-rekrutmen-mitra-bps-kabupaten-siak-202511260758091764118689177
2026-04-01 17:14:24,798 [INFO]       v ID=9722221 | kendala terkait rekrutmen mitra bps kabupaten | None
2026-04-01 17:14:27,585 [INFO]    Detail: https://www.lapor.go.id/laporan/detil/permintaan-bantuan-sosial-berkaitan-dengan-kakek-lansia-yang-tinggal-sendiri-202511260851021764121862418
2026-04-01 17:14:34,571 [INFO]       v ID=9722811 | Permintaan Bantuan Sosial Berkaitan dengan Ka | None
2026-04-01 17:14:38,299 [INFO]    Detail: https://www.lapor.go.id/laporan/detil/permintaan-data-okupansi-hotel-wisatawan-di-kota-dumai-202511260859161764122356045
2026-04-01 17:14:44,347 [INFO]       v ID=9722926 | Permintaan Data Okupansi Hotel & Wisatawan di | None
2026-04-01 17:14:46,525 [INFO]    Detail: https://www.lapor.go.id/laporan/detil/email-verifikasi-pendaftaran-akun-tidak-masuk-202511261157091764133029967
2026-04-01 17:14:52,741 [INFO]       v ID=9725371 | Email verifikasi pendaftaran akun tidak masuk | None
2026-04-01 17:14:54,999 [INFO]    Detail: https://www.lapor.go.id/laporan/detil/perbaikan-jalan-202511261445231764143123074
2026-04-01 17:15:01,371 [INFO]       v ID=9727191 | Perbaikan Jalan | Infrastruktur Jalan
2026-04-01 17:15:05,045 [INFO]    Detail: https://www.lapor.go.id/laporan/detil/cek-nik-202511261455361764143736731
2026-04-01 17:15:11,716 [INFO]       v ID=9727291 | Cek Nik | Administrasi Kependudukan dan Pencatatan Sipil
2026-04-01 17:15:14,330 [INFO]    Detail: https://www.lapor.go.id/laporan/detil/ketertiban-dan-perlindungan-masyarakat-202511261839361764157176905
2026-04-01 17:15:19,362 [INFO]       v ID=9728646 | Ketertiban Dan Perlindungan Masyarakat | Lainnya terkait Ketenteraman, Ketertiban Umum, dan Pelindungan Masyarakat
2026-04-01 17:15:22,044 [INFO]    Total terkumpul sejauh ini: 2543 laporan

2026-04-01 17:15:24,223 [INFO] ── Halaman 256: https://www.lapor.go.id/kisah-sukses?page=256
2026-04-01 17:15:52,079 [INFO]    -> 10 laporan ditemukan
2026-04-01 17:15:52,079 [INFO]    Detail: https://www.lapor.go.id/laporan/detil/pungutan-liar-kepada-guru-sd-di-kecamatan-sukorame-kabupaten-lamongan-provinsi-jawa-timur-202511270838411764207521179
2026-04-01 17:15:59,030 [INFO]       v ID=9731551 | Pungutan Liar Kepada Guru Sd Di Kecamatan Suk | Pungutan Liar
2026-04-01 17:16:01,405 [INFO]    Detail: https://www.lapor.go.id/laporan/detil/jalan-berlubang-202511270933061764210786467
2026-04-01 17:16:06,609 [INFO]       v ID=9732446 | Jalan Berlubang | Infrastruktur Jalan
2026-04-01 17:16:10,143 [INFO]    Detail: https://www.lapor.go.id/laporan/detil/bantuan-sosial-202511271737201764239840756
2026-04-01 17:16:16,160 [INFO]       v ID=9737506 | Bantuan Sosial | Bantuan Sosial
2026-04-01 17:16:19,453 [INFO]    Detail: https://www.lapor.go.id/laporan/detil/bencana-alam-banjir-202511280732391764289959691
2026-04-01 17:16:24,811 [INFO]       v ID=9739806 | Bencana Alam Banjir | None
2026-04-01 17:16:27,618 [INFO]    Detail: https://www.lapor.go.id/laporan/detil/bencana-alam-banjir-202511280745361764290736792
2026-04-01 17:16:36,659 [INFO]       v ID=9739881 | Bencana Alam Banjir | None
2026-04-01 17:16:39,385 [INFO]    Detail: https://www.lapor.go.id/laporan/detil/konsultasi-rekrutmen-calon-mitra-statistik-bps-kabupaten-malinau-tahun-2026-202511280750481764291048722
2026-04-01 17:16:46,569 [INFO]       v ID=9739921 | Konsultasi Rekrutmen Calon Mitra Statistik BP | None
2026-04-01 17:16:48,830 [INFO]    Detail: https://www.lapor.go.id/laporan/detil/bencana-alam-banjir-202511280804571764291897347
2026-04-01 17:16:55,993 [INFO]       v ID=9740056 | Bencana Alam Banjir | None
2026-04-01 17:16:59,951 [INFO]    Detail: https://www.lapor.go.id/laporan/detil/bencana-alam-banjir-202511280822081764292928993
2026-04-01 17:17:04,957 [INFO]       v ID=9740241 | Bencana Alam Banjir | None
2026-04-01 17:17:08,453 [INFO]    Detail: https://www.lapor.go.id/laporan/detil/bencana-alam-banjir-202511280848121764294492625
2026-04-01 17:17:13,673 [INFO]       v ID=9740401 | Bencana Alam Banjir | None
2026-04-01 17:17:17,224 [INFO]    Detail: https://www.lapor.go.id/laporan/detil/bencana-alam-banjir-202511280907351764295655655
2026-04-01 17:17:22,669 [INFO]       v ID=9740551 | Bencana Alam Banjir | None
2026-04-01 17:17:25,311 [INFO]    Total terkumpul sejauh ini: 2553 laporan

2026-04-01 17:17:27,406 [INFO] ── Halaman 257: https://www.lapor.go.id/kisah-sukses?page=257
2026-04-01 17:17:46,969 [INFO]    -> 10 laporan ditemukan
2026-04-01 17:17:46,969 [INFO]    Detail: https://www.lapor.go.id/laporan/detil/bencana-alam-banjir-202511280921451764296505968
2026-04-01 17:17:52,230 [INFO]       v ID=9740736 | Bencana Alam Banjir | None
2026-04-01 17:17:54,532 [INFO]    Detail: https://www.lapor.go.id/laporan/detil/pelayanan-yang-merugikan-pelaku-usaha-202511280924521764296692326
2026-04-01 17:18:00,899 [INFO]       v ID=9740766 | Pelayanan Yang Merugikan Pelaku Usaha | Perumahan Bersubsidi dan Rumah Susun
2026-04-01 17:18:04,098 [INFO]    Detail: https://www.lapor.go.id/laporan/detil/bencana-alam-banjir-202511280941091764297669982
2026-04-01 17:18:09,231 [INFO]       v ID=9740896 | Bencana Alam Banjir | None
2026-04-01 17:18:13,165 [INFO]    Detail: https://www.lapor.go.id/laporan/detil/bencana-alam-banjir-202511280954131764298453126
2026-04-01 17:18:18,595 [INFO]       v ID=9741046 | Bencana Alam Banjir | None
2026-04-01 17:18:22,476 [INFO]    Detail: https://www.lapor.go.id/laporan/detil/bencana-alam-banjir-202511281008321764299312466
2026-04-01 17:18:28,105 [INFO]       v ID=9741296 | Bencana Alam Banjir | None
2026-04-01 17:18:31,185 [INFO]    Detail: https://www.lapor.go.id/laporan/detil/permintaan-informasi-terkait-pendaftaran-calon-mitra-statistik-2026-202511281529261764318566937
2026-04-01 17:18:37,344 [INFO]       v ID=9743696 | Permintaan Informasi terkait Pendaftaran Calo | None
2026-04-01 17:18:39,889 [INFO]    Detail: https://www.lapor.go.id/laporan/detil/permintaan-informasi-terkait-pendaftaran-mitra-dan-magang-di-bps-kampar-202511281718421764325122669
2026-04-01 17:18:48,374 [INFO]       v ID=9744431 | Permintaan Informasi Terkait Pendaftaran Mitr | Topik Lainnya
2026-04-01 17:18:51,154 [INFO]    Detail: https://www.lapor.go.id/laporan/detil/permintaan-informasi-terkait-rekrutmen-mitra-di-bps-kampar-202511281718421764325122797
2026-04-01 17:18:57,548 [INFO]       v ID=9744436 | Permintaan Informasi Terkait Rekrutmen Mitra  | Topik Lainnya
2026-04-01 17:19:01,201 [INFO]    Detail: https://www.lapor.go.id/laporan/detil/permintaan-data-angka-kelahiran-bayi-lahir-hidup-di-kabupaten-kampar-yang-ditujukan-untuk-tugas-perkuliahan-202511281718431764325123035
2026-04-01 17:19:07,452 [INFO]       v ID=9744446 | Permintaan Data Angka Kelahiran (Bayi Lahir H | Lainnya terkait Kependudukan
2026-04-01 17:19:10,232 [INFO]    Detail: https://www.lapor.go.id/laporan/detil/renovasi-stadion-merpati-202512011226271764566787343
2026-04-01 17:19:15,299 [INFO]       v ID=9759061 | Renovasi Stadion Merpati | None
2026-04-01 17:19:18,915 [INFO]    Total terkumpul sejauh ini: 2563 laporan

2026-04-01 17:19:22,394 [INFO] ── Halaman 258: https://www.lapor.go.id/kisah-sukses?page=258
2026-04-01 17:19:42,860 [INFO]    -> 10 laporan ditemukan
2026-04-01 17:19:42,860 [INFO]    Detail: https://www.lapor.go.id/laporan/detil/peminjaman-area-dos-202512011245481764567948093
2026-04-01 17:19:47,797 [INFO]       v ID=9759161 | Peminjaman Area Dos | None
2026-04-01 17:19:50,368 [INFO]    Detail: https://www.lapor.go.id/laporan/detil/permintaan-data-demograsi-dan-ekonomi-kota-dumai-untuk-tugas-kuliah-202512011454191764575659498
2026-04-01 17:19:55,313 [INFO]       v ID=9760601 | Permintaan data Demograsi dan Ekonomi Kota Du | None
2026-04-01 17:19:57,526 [INFO]    Detail: https://www.lapor.go.id/laporan/detil/permintaan-data-migrasi-penduduk-kota-dumai-202512011457401764575860914
2026-04-01 17:20:02,576 [INFO]       v ID=9760626 | Permintaan data migrasi penduduk Kota Dumai | None
2026-04-01 17:20:05,464 [INFO]    Detail: https://www.lapor.go.id/laporan/detil/cara-mereset-jadwal-ujian-kompetensi-rekrutmen-calon-mitra-bps-2026-202512011535391764578139579
2026-04-01 17:20:11,173 [INFO]       v ID=9761001 | Cara mereset jadwal ujian kompetensi Rekrutme | None
2026-04-01 17:20:15,065 [INFO]    Detail: https://www.lapor.go.id/laporan/detil/cara-mengupdate-data-administrasipada-website-rekrutmen-calon-mitra-bps-2026-202512011540061764578406691
2026-04-01 17:20:20,045 [INFO]       v ID=9761041 | Cara mengupdate data administrasipada website | None
2026-04-01 17:20:22,629 [INFO]    Detail: https://www.lapor.go.id/laporan/detil/distribusi-mbg-yang-terlambat-202512011741411764585701936
2026-04-01 17:20:29,420 [INFO]       v ID=9761616 | Distribusi MBG yang terlambat | None
2026-04-01 17:20:32,646 [INFO]    Detail: https://www.lapor.go.id/laporan/detil/permohonan-laporan-polisi-l-p-polres-kabupaten-sukabumi--202512020254151764618855253
2026-04-01 17:20:38,853 [INFO]       v ID=9762981 | Permohonan Laporan Polisi (L.p) Polres Kabupa | Akta Perkawinan
2026-04-01 17:20:40,951 [INFO]    Detail: https://www.lapor.go.id/laporan/detil/permintaan-penerangan-jalan-umum-202512030713291764720809605
2026-04-01 17:20:46,482 [INFO]       v ID=9770791 | Permintaan Penerangan Jalan Umum | Penerangan Jalan
2026-04-01 17:20:49,473 [INFO]    Detail: https://www.lapor.go.id/laporan/detil/permintaan-no-kartu-keluarga-202512030807091764724029726
2026-04-01 17:20:55,433 [INFO]       v ID=9770961 | Permintaan No. Kartu Keluarga | Administrasi Kependudukan dan Pencatatan Sipil
2026-04-01 17:20:58,362 [INFO]    Detail: https://www.lapor.go.id/laporan/detil/rusaknya-lapangan-sempur-kota-bogor-202512031205581764738358496
2026-04-01 17:21:04,406 [INFO]       v ID=9773801 | Rusaknya Lapangan Sempur Kota Bogor | Taman
2026-04-01 17:21:07,235 [INFO]    Total terkumpul sejauh ini: 2573 laporan

2026-04-01 17:21:11,066 [INFO] ── Halaman 259: https://www.lapor.go.id/kisah-sukses?page=259
2026-04-01 17:21:31,626 [INFO]    -> 10 laporan ditemukan
2026-04-01 17:21:31,626 [INFO]    Detail: https://www.lapor.go.id/laporan/detil/permintaan-perbaikan-jalan-202512031656091764755769298
2026-04-01 17:21:37,924 [INFO]       v ID=9776111 | Permintaan Perbaikan Jalan | Lainnya terkait Pembangunan Desa, Daerah Tertinggal, dan Transmigrasi
2026-04-01 17:21:40,180 [INFO]    Detail: https://www.lapor.go.id/laporan/detil/pohon-tumbang-202512031835371764761737980
2026-04-01 17:21:44,967 [INFO]       v ID=9776551 | Pohon Tumbang | None
2026-04-01 17:21:47,248 [INFO]    Detail: https://www.lapor.go.id/laporan/detil/informasi-pelatihan-k3-202512040833141764811994892
2026-04-01 17:21:53,596 [INFO]       v ID=9778921 | Informasi Pelatihan K3 | Hak Pekerja
2026-04-01 17:21:56,289 [INFO]    Detail: https://www.lapor.go.id/laporan/detil/pelatihan-alat-berat-202512050233291764876809149
2026-04-01 17:22:01,775 [INFO]       v ID=9785181 | Pelatihan Alat Berat | Rekrutmen Tenagakerja
2026-04-01 17:22:04,283 [INFO]    Detail: https://www.lapor.go.id/laporan/detil/aspirasi---migrasi-oss-20-desember-2024--202512050920061764901206382
2026-04-01 17:22:09,913 [INFO]       v ID=9786886 | Aspirasi - Migrasi OSS (20 Desember 2024) | None
2026-04-01 17:22:13,100 [INFO]    Detail: https://www.lapor.go.id/laporan/detil/aspirasi---perpanjangan-izin-edar-pirt-12-desember-2024--202512050929221764901762415
2026-04-01 17:22:18,471 [INFO]       v ID=9786971 | Aspirasi - Perpanjangan Izin Edar PIRT (12 De | None
2026-04-01 17:22:21,747 [INFO]    Detail: https://www.lapor.go.id/laporan/detil/aspirasi---tata-cara-download-file-pirt-6-desember-2024--202512050940061764902406192
2026-04-01 17:22:27,022 [INFO]       v ID=9787101 | Aspirasi - Tata Cara Download File PIRT (6 De | None
2026-04-01 17:22:29,993 [INFO]    Detail: https://www.lapor.go.id/laporan/detil/aspirasi---kode-kbli-pada-oss-21-november-2024--202512050950061764903006460
2026-04-01 17:22:36,361 [INFO]       v ID=9787256 | Aspirasi - Kode KBLI pada OSS (21 November 20 | None
2026-04-01 17:22:39,663 [INFO]    Detail: https://www.lapor.go.id/laporan/detil/aspirasi---perizinan-ahli-fungsi-lahan-18-november-2024--202512050957081764903428893
2026-04-01 17:22:45,645 [INFO]       v ID=9787381 | Aspirasi - Perizinan Ahli Fungsi Lahan (18 No | None
2026-04-01 17:22:47,870 [INFO]    Detail: https://www.lapor.go.id/laporan/detil/aspirasi---persyaratan-pendirian-izin-bimbel-6-november-2024--202512051008061764904086854
2026-04-01 17:22:54,906 [INFO]       v ID=9787541 | Aspirasi - Persyaratan Pendirian Izin Bimbel  | None
2026-04-01 17:22:57,872 [INFO]    Total terkumpul sejauh ini: 2583 laporan

2026-04-01 17:23:00,364 [INFO] ── Halaman 260: https://www.lapor.go.id/kisah-sukses?page=260
2026-04-01 17:23:21,382 [INFO]    -> 10 laporan ditemukan
2026-04-01 17:23:21,382 [INFO]    Detail: https://www.lapor.go.id/laporan/detil/aspirasi---perpanjangan-sipp-27-oktober-2024--202512051018231764904703438
2026-04-01 17:23:28,465 [INFO]       v ID=9787656 | Aspirasi - Perpanjangan SIPP (27 Oktober 2024 | None
2026-04-01 17:23:31,492 [INFO]    Detail: https://www.lapor.go.id/laporan/detil/aspirasi---pengecekan-akun-pada-oss-25-oktober-2024--202512051039491764905989365
2026-04-01 17:23:37,572 [INFO]       v ID=9787846 | Aspirasi - Pengecekan Akun Pada OSS (25 Oktob | None
2026-04-01 17:23:40,178 [INFO]    Detail: https://www.lapor.go.id/laporan/detil/aspirasi---pengajuan-pada-mppd-15-oktober-2024--202512051051461764906706393
2026-04-01 17:23:46,702 [INFO]       v ID=9787986 | Aspirasi - Pengajuan Pada MPPD (15 Oktober 20 | None
2026-04-01 17:23:49,406 [INFO]    Detail: https://www.lapor.go.id/laporan/detil/anjing-liar-galak-202512061659231765015163919
2026-04-01 17:23:55,157 [INFO]       v ID=9790891 | Anjing Liar Galak | SP4N-LAPOR!
2026-04-01 17:23:58,429 [INFO]    Detail: https://www.lapor.go.id/laporan/detil/laporan-kejadian-bencana-alam-kecamatan-kertasari-kabupaten-bandung-202512081050191765165819912
2026-04-01 17:24:04,222 [INFO]       v ID=9793266 | LAPORAN KEJADIAN BENCANA ALAM KECAMATAN  KERT | None
2026-04-01 17:24:07,623 [INFO]    Detail: https://www.lapor.go.id/laporan/detil/laporan-kejadian-bencana-alam-longsoran-tanah-tpt-di-desa-cihawuk-kecamatan-kertasari-kabupaten-bandung-202512081315441765174544355
2026-04-01 17:24:13,330 [INFO]       v ID=9793716 | LAPORAN KEJADIAN BENCANA ALAM LONGSORAN TANAH | None
2026-04-01 17:24:16,678 [INFO]    Detail: https://www.lapor.go.id/laporan/detil/pengajuan-hak-bpjs-jkm-rw-202512081336491765175809103
2026-04-01 17:24:21,685 [INFO]       v ID=9793756 | Pengajuan Hak BPJS JKM RW | None
2026-04-01 17:24:24,081 [INFO]    Detail: https://www.lapor.go.id/laporan/detil/mobil-terperosok-ke-parit-di-jalan-walter-condrat-202512090908041765246084836
2026-04-01 17:24:29,903 [INFO]       v ID=9795286 | Mobil Terperosok ke Parit di Jalan Walter Con | None
2026-04-01 17:24:33,930 [INFO]    Detail: https://www.lapor.go.id/laporan/detil/01-07-2025-info-mitra-bps-202512101048271765338507858
2026-04-01 17:24:40,123 [INFO]       v ID=9799386 | 01/07/2025 Info mitra bps | None
2026-04-01 17:24:43,212 [INFO]    Detail: https://www.lapor.go.id/laporan/detil/07-07-2025-info-magang-202512101050511765338651042
2026-04-01 17:24:49,084 [INFO]       v ID=9799406 | 07/07/2025 Info magang | None
2026-04-01 17:24:52,516 [INFO]    Total terkumpul sejauh ini: 2593 laporan

2026-04-01 17:24:55,367 [INFO] ── Halaman 261: https://www.lapor.go.id/kisah-sukses?page=261
2026-04-01 17:25:17,390 [INFO]    -> 10 laporan ditemukan
2026-04-01 17:25:17,390 [INFO]    Detail: https://www.lapor.go.id/laporan/detil/08-07-2025-info-loker-202512101054381765338878983
2026-04-01 17:25:23,734 [INFO]       v ID=9799451 | 08/07/2025 info loker | None
2026-04-01 17:25:27,251 [INFO]    Detail: https://www.lapor.go.id/laporan/detil/10-07-2025-salah-sambung-202512101056331765338993950
2026-04-01 17:25:33,310 [INFO]       v ID=9799456 | 10/07/2025 salah sambung | None
2026-04-01 17:25:37,174 [INFO]    Detail: https://www.lapor.go.id/laporan/detil/14-07-2025-info-mitra-bps-202512101058011765339081432
2026-04-01 17:25:43,576 [INFO]       v ID=9799466 | 14/07/2025 Info mitra bps | None
2026-04-01 17:25:47,119 [INFO]    Detail: https://www.lapor.go.id/laporan/detil/20-07-2025-info-mitra-bps-202512101059311765339171938
2026-04-01 17:25:53,328 [INFO]       v ID=9799481 | 20/07/2025 Info mitra bps | None
2026-04-01 17:25:56,513 [INFO]    Detail: https://www.lapor.go.id/laporan/detil/14-08-2025-info-survei-202512101100581765339258695
2026-04-01 17:26:04,117 [INFO]       v ID=9799501 | 14/08/2025 info survei | None
2026-04-01 17:26:07,764 [INFO]    Detail: https://www.lapor.go.id/laporan/detil/20-08-2025-info-mitra-bps-202512101112211765339941798
2026-04-01 17:26:13,875 [INFO]       v ID=9799546 | 20/08/2025 Info mitra bps | None
2026-04-01 17:26:16,915 [INFO]    Detail: https://www.lapor.go.id/laporan/detil/20-08-2025-info-mitra-bps-202512101116201765340180746
2026-04-01 17:26:25,180 [INFO]       v ID=9799571 | 20/08/2025 Info mitra bps | None
2026-04-01 17:26:28,351 [INFO]    Detail: https://www.lapor.go.id/laporan/detil/20-08-2025-info-mitra-bps-202512101117471765340267168
2026-04-01 17:26:34,482 [INFO]       v ID=9799586 | 20/08/2025 Info mitra bps | None
2026-04-01 17:26:38,124 [INFO]    Detail: https://www.lapor.go.id/laporan/detil/21-08-2025-info-mitra-bps-202512101119171765340357683
2026-04-01 17:26:44,227 [INFO]       v ID=9799601 | 21/08/2025 Info mitra bps | None
2026-04-01 17:26:47,337 [INFO]    Detail: https://www.lapor.go.id/laporan/detil/03-09-2025-info-magang-202512101121341765340494806
2026-04-01 17:26:53,986 [INFO]       v ID=9799706 | 03/09/2025 Info magang | None
2026-04-01 17:26:57,034 [INFO]    Total terkumpul sejauh ini: 2603 laporan

2026-04-01 17:27:00,968 [INFO] ── Halaman 262: https://www.lapor.go.id/kisah-sukses?page=262
2026-04-01 17:27:22,746 [INFO]    -> 10 laporan ditemukan
2026-04-01 17:27:22,746 [INFO]    Detail: https://www.lapor.go.id/laporan/detil/10-09-2025-info-mitra-bps-202512101123531765340633924
2026-04-01 17:27:30,251 [INFO]       v ID=9799726 | 10/09/2025 Info mitra bps | None
2026-04-01 17:27:32,860 [INFO]    Detail: https://www.lapor.go.id/laporan/detil/15-09-2025-info-mitra-bps-202512101125471765340747397
2026-04-01 17:27:40,520 [INFO]       v ID=9799746 | 15/09/2025 Info mitra bps | None
2026-04-01 17:27:44,388 [INFO]    Detail: https://www.lapor.go.id/laporan/detil/jalan-rusak-202512101138111765341491636
2026-04-01 17:27:53,701 [INFO]       v ID=9799796 | Jalan Rusak | Infrastruktur Jalan
2026-04-01 17:27:55,989 [INFO]    Detail: https://www.lapor.go.id/laporan/detil/jalan-tergenang-air-202512101215341765343734011
2026-04-01 17:28:01,773 [INFO]       v ID=9799901 | Jalan Tergenang Air | Infrastruktur Jalan
2026-04-01 17:28:04,927 [INFO]    Detail: https://www.lapor.go.id/laporan/detil/hand-sanitizer-kedaluarsa-202512101317191765347439520
2026-04-01 17:28:10,180 [INFO]       v ID=9800061 | Hand Sanitizer Kedaluarsa | None
2026-04-01 17:28:13,012 [INFO]    Detail: https://www.lapor.go.id/laporan/detil/magang-hub-kemnaker-202512111030031765423803661
2026-04-01 17:28:18,391 [INFO]       v ID=9802271 | Magang hub kemnaker | None
2026-04-01 17:28:20,905 [INFO]    Detail: https://www.lapor.go.id/laporan/detil/jalan-berlubang-202512111853181765453998735
2026-04-01 17:28:27,225 [INFO]       v ID=9804116 | Jalan Berlubang | Infrastruktur Jalan
2026-04-01 17:28:29,565 [INFO]    Detail: https://www.lapor.go.id/laporan/detil/dugaan-korupsi-dana-banprov-202512141542351765701755337
2026-04-01 17:28:35,303 [INFO]       v ID=9808426 | Dugaan Korupsi Dana Banprov | Korupsi, Kolusi, dan Nepotisme
2026-04-01 17:28:38,905 [INFO]    Detail: https://www.lapor.go.id/laporan/detil/info-flushing-sampean-baru-202512150700261765756826117
2026-04-01 17:28:44,877 [INFO]       v ID=9808791 | Info flushing sampean baru | None
2026-04-01 17:28:48,850 [INFO]    Detail: https://www.lapor.go.id/laporan/detil/jaringan-internet-202512150722581765758178512
2026-04-01 17:28:53,725 [INFO]       v ID=9808806 | jaringan internet | None
2026-04-01 17:28:57,275 [INFO]    Total terkumpul sejauh ini: 2613 laporan

2026-04-01 17:29:01,219 [INFO] ── Halaman 263: https://www.lapor.go.id/kisah-sukses?page=263
2026-04-01 17:29:22,415 [INFO]    -> 10 laporan ditemukan
2026-04-01 17:29:22,415 [INFO]    Detail: https://www.lapor.go.id/laporan/detil/saran-kegiatan-tolob-untuk-depan-spbu-panji-202512150727051765758425288
2026-04-01 17:29:27,359 [INFO]       v ID=9808811 | Saran kegiatan TOLOB untuk depan SPBU Panji | None
2026-04-01 17:29:29,545 [INFO]    Detail: https://www.lapor.go.id/laporan/detil/rekrutmen-mitra-bps-tahun-2026-202512150929351765765775147
2026-04-01 17:29:34,876 [INFO]       v ID=9809271 | Rekrutmen Mitra BPS tahun 2026 | None
2026-04-01 17:29:38,884 [INFO]    Detail: https://www.lapor.go.id/laporan/detil/rekrutmen-mitra-untuk-se2026-202512150932311765765951845
2026-04-01 17:29:44,266 [INFO]       v ID=9809286 | rekrutmen mitra untuk se2026 | None
2026-04-01 17:29:47,333 [INFO]    Detail: https://www.lapor.go.id/laporan/detil/penertiban-orang-terlantar-202512151015181765768518926
2026-04-01 17:29:53,496 [INFO]       v ID=9809681 | Penertiban Orang Terlantar | None
2026-04-01 17:29:57,033 [INFO]    Detail: https://www.lapor.go.id/laporan/detil/pelanggaran-aturan-sekolah-yang-menghilangkan-hak-belajar-siswa-smpn-3-tenggarong-202512151214381765775678628
2026-04-01 17:30:01,798 [INFO]       v ID=9810891 | Pelanggaran Aturan Sekolah Yang Menghilangkan | Lainnya terkait Pendidikan Dasar dan Menengah
2026-04-01 17:30:05,306 [INFO]    Detail: https://www.lapor.go.id/laporan/detil/tidak-diikutsertakan-dalam-profiling-asn-tahun-2025-202512151421141765783274941
2026-04-01 17:30:10,579 [INFO]       v ID=9811556 | Tidak Diikutsertakan Dalam Profiling Asn Tahu | Lainnya terkait Kepegawaian
2026-04-01 17:30:14,051 [INFO]    Detail: https://www.lapor.go.id/laporan/detil/toko-frozen-food-tidak-layak-konsumsi-202512161135551765859755612
2026-04-01 17:30:20,079 [INFO]       v ID=9813866 | Toko Frozen Food Tidak Layak Konsumsi | Topik Lainnya
2026-04-01 17:30:23,264 [INFO]    Detail: https://www.lapor.go.id/laporan/detil/asn-pelaku-kdrt-penyebar-fitnah-penelantaran-anak-istri-202512161456251765871785327
2026-04-01 17:30:29,292 [INFO]       v ID=9817161 | Asn Pelaku Kdrt,Penyebar Fitnah,Penelantaran  | Kekerasan dalam rumah tangga
2026-04-01 17:30:32,422 [INFO]    Detail: https://www.lapor.go.id/laporan/detil/pelayanan-di-kantor-atr-bpn-kabupaten-tasikmalaya-sangat-buruk-202512161500581765872058922
2026-04-01 17:30:37,790 [INFO]       v ID=9817201 | Pelayanan Di Kantor Atr Bpn Kabupaten Tasikma | Sertifikat Tanah
2026-04-01 17:30:40,885 [INFO]    Detail: https://www.lapor.go.id/laporan/detil/tolong-bantu-kami-untuk-pembangunan-jalan-ke-builimbong-baibo-lembang-gasing-kecamatan-mengkendek-tana-toraja-202512161501191765872079268
2026-04-01 17:30:47,291 [INFO]       v ID=9817216 | Tolong Bantu Kami Untuk Pembangunan Jalan Ke  | Infrastruktur Jalan
2026-04-01 17:30:49,943 [INFO]    Total terkumpul sejauh ini: 2623 laporan

2026-04-01 17:30:53,378 [INFO] ── Halaman 264: https://www.lapor.go.id/kisah-sukses?page=264
2026-04-01 17:31:14,311 [INFO]    -> 10 laporan ditemukan
2026-04-01 17:31:14,311 [INFO]    Detail: https://www.lapor.go.id/laporan/detil/bimbingan-teknis-aplikasi-srikandi-kabupaten-buton-202512171017151765941435909
2026-04-01 17:31:20,311 [INFO]       v ID=9820841 | Bimbingan Teknis Aplikasi SRIKANDI Kabupaten  | Topik Lainnya
2026-04-01 17:31:24,131 [INFO]    Detail: https://www.lapor.go.id/laporan/detil/odgj-yang-meresahkan-dan-mengganggu-202512171451101765957870837
2026-04-01 17:31:30,337 [INFO]       v ID=9824541 | ODGJ yang meresahkan dan mengganggu | None
2026-04-01 17:31:33,344 [INFO]    Detail: https://www.lapor.go.id/laporan/detil/odgj-yang-meresahkan-202512171504541765958694793
2026-04-01 17:31:39,317 [INFO]       v ID=9824606 | ODGJ yang meresahkan | None
2026-04-01 17:31:42,913 [INFO]    Detail: https://www.lapor.go.id/laporan/detil/odgj-meresahkan-202512171613321765962812626
2026-04-01 17:31:47,863 [INFO]       v ID=9826056 | ODGJ Meresahkan | None
2026-04-01 17:31:51,463 [INFO]    Detail: https://www.lapor.go.id/laporan/detil/odgj-yang-meresahkan-202512172156191765983379144
2026-04-01 17:31:58,706 [INFO]       v ID=9831616 | ODGJ yang meresahkan | None
2026-04-01 17:32:01,345 [INFO]    Detail: https://www.lapor.go.id/laporan/detil/08-10-2025-info-penawaran-202512181537311766047051632
2026-04-01 17:32:07,593 [INFO]       v ID=9837116 | 08/10/2025 Info penawaran | None
2026-04-01 17:32:10,060 [INFO]    Detail: https://www.lapor.go.id/laporan/detil/09-10-2025-info-magang-202512181538351766047115645
2026-04-01 17:32:16,485 [INFO]       v ID=9837121 | 09/10/2025 Info magang | None
2026-04-01 17:32:19,076 [INFO]    Detail: https://www.lapor.go.id/laporan/detil/23-10-2025-info-penawaran-202512181540101766047210809
2026-04-01 17:32:25,092 [INFO]       v ID=9837141 | 23/10/2025 Info penawaran | None
2026-04-01 17:32:28,433 [INFO]    Detail: https://www.lapor.go.id/laporan/detil/21-10-2025-info-mitra-bps-202512181541421766047302196
2026-04-01 17:32:35,139 [INFO]       v ID=9837156 | 21/10/2025 Info mitra bps | None
2026-04-01 17:32:38,426 [INFO]    Detail: https://www.lapor.go.id/laporan/detil/04-11-2025-info-magang-202512181543021766047382124
2026-04-01 17:32:44,758 [INFO]       v ID=9837161 | 04/11/2025 Info magang | None
2026-04-01 17:32:48,668 [INFO]    Total terkumpul sejauh ini: 2633 laporan

2026-04-01 17:32:50,851 [INFO] ── Halaman 265: https://www.lapor.go.id/kisah-sukses?page=265
2026-04-01 17:33:11,464 [INFO]    -> 10 laporan ditemukan
2026-04-01 17:33:11,464 [INFO]    Detail: https://www.lapor.go.id/laporan/detil/05-11-2025-info-magang-202512181545351766047535447
2026-04-01 17:33:17,475 [INFO]       v ID=9837176 | 05/11/2025 info magang | None
2026-04-01 17:33:19,903 [INFO]    Detail: https://www.lapor.go.id/laporan/detil/17-11-2025-info-magang-202512181548401766047720712
2026-04-01 17:33:25,870 [INFO]       v ID=9837211 | 17/11/2025 info magang | None
2026-04-01 17:33:28,758 [INFO]    Detail: https://www.lapor.go.id/laporan/detil/19-11-2025-info-mitra-bps-202512181549551766047795769
2026-04-01 17:33:35,622 [INFO]       v ID=9837221 | 19/11/2025 Info mitra bps | None
2026-04-01 17:33:39,236 [INFO]    Detail: https://www.lapor.go.id/laporan/detil/19-11-2025-info-mitra-bps-202512181553131766047993262
2026-04-01 17:33:45,376 [INFO]       v ID=9837241 | 19/11/2025 Info mitra bps | None
2026-04-01 17:33:48,969 [INFO]    Detail: https://www.lapor.go.id/laporan/detil/10-12-2025-info-mitra-bps-202512181554161766048056018
2026-04-01 17:33:55,252 [INFO]       v ID=9837246 | 10/12/2025 Info mitra bps | None
2026-04-01 17:33:57,705 [INFO]    Detail: https://www.lapor.go.id/laporan/detil/16-12-2025-info-mitra-bps-202512181556081766048168921
2026-04-01 17:34:04,262 [INFO]       v ID=9837271 | 16/12/2025 Info mitra bps | None
2026-04-01 17:34:07,875 [INFO]    Detail: https://www.lapor.go.id/laporan/detil/17-12-2025-info-loker-202512181558081766048288087
2026-04-01 17:34:14,005 [INFO]       v ID=9837286 | 17/12/2025 info loker | None
2026-04-01 17:34:17,860 [INFO]    Detail: https://www.lapor.go.id/laporan/detil/17-12-2025-info-magang-202512181600431766048443156
2026-04-01 17:34:23,886 [INFO]       v ID=9837306 | 17/12/2025 info magang | None
2026-04-01 17:34:26,344 [INFO]    Detail: https://www.lapor.go.id/laporan/detil/kenapa-bpjs-kesehatan-keluarga-saya-di-nonaktifkan-202512181816311766056591175
2026-04-01 17:34:31,280 [INFO]       v ID=9837506 | Kenapa Bpjs Kesehatan Keluarga Saya Di Nonakt | Lainnya terkait Sosial dan Kesejahteraan
2026-04-01 17:34:34,719 [INFO]    Detail: https://www.lapor.go.id/laporan/detil/pohon-tumbang-jl-batu-pirus-202512191553301766134410749
2026-04-01 17:34:39,696 [INFO]       v ID=9842526 | Pohon Tumbang jl.batu pirus | None
2026-04-01 17:34:41,963 [INFO]    Total terkumpul sejauh ini: 2643 laporan

2026-04-01 17:34:45,790 [INFO] ── Halaman 266: https://www.lapor.go.id/kisah-sukses?page=266
2026-04-01 17:35:06,956 [INFO]    -> 10 laporan ditemukan
2026-04-01 17:35:06,956 [INFO]    Detail: https://www.lapor.go.id/laporan/detil/cara-pendaftaran-mitra-pengolahan-bps-2026-202512192051471766152307413
2026-04-01 17:35:13,700 [INFO]       v ID=9843536 | Cara Pendaftaran Mitra Pengolahan BPS 2026 | None
2026-04-01 17:35:15,807 [INFO]    Detail: https://www.lapor.go.id/laporan/detil/verifikasi-pendaftaran-akun-mitra-terlalu-lama-202512192118391766153919132
2026-04-01 17:35:21,734 [INFO]       v ID=9843586 | Verifikasi Pendaftaran Akun Mitra terlalu lam | None
2026-04-01 17:35:25,328 [INFO]    Detail: https://www.lapor.go.id/laporan/detil/permintaan-informasi-mengenai-kegiatan-petugas-mitra-bps-kabupaten-kepulauan-meranti-2025-202512192150141766155814756
2026-04-01 17:35:31,604 [INFO]       v ID=9843626 | Permintaan informasi mengenai kegiatan petuga | None
2026-04-01 17:35:33,741 [INFO]    Detail: https://www.lapor.go.id/laporan/detil/renovasi-trotoar-yang-lambat-dan-material-menggangu-aktivitas-202512201000461766199646711
2026-04-01 17:35:38,764 [INFO]       v ID=9844181 | Renovasi Trotoar Yang Lambat Dan Material Men | Trotoar
2026-04-01 17:35:41,292 [INFO]    Detail: https://www.lapor.go.id/laporan/detil/permasalahan-akses-website-202512211954021766321642011
2026-04-01 17:35:47,168 [INFO]       v ID=9845171 | permasalahan akses website | None
2026-04-01 17:35:51,162 [INFO]    Detail: https://www.lapor.go.id/laporan/detil/permohonan-bantuan-bencana-jembatan-pagiyanten-202512221128251766377705546
2026-04-01 17:35:56,092 [INFO]       v ID=9847001 | Permohonan Bantuan Bencana Jembatan Pagiyante | None
2026-04-01 17:35:59,893 [INFO]    Detail: https://www.lapor.go.id/laporan/detil/mobil-amblas-di-jalan-kurnia-hasan-2-202512221521421766391702866
2026-04-01 17:36:06,592 [INFO]       v ID=9848246 | Mobil amblas di Jalan kurnia Hasan 2 | None
2026-04-01 17:36:08,853 [INFO]    Detail: https://www.lapor.go.id/laporan/detil/ular-masuk-dapur-rumah-202512221528101766392090653
2026-04-01 17:36:15,466 [INFO]       v ID=9848311 | Ular masuk dapur rumah | None
2026-04-01 17:36:17,973 [INFO]    Detail: https://www.lapor.go.id/laporan/detil/cincin-tidak-bisa-dilepas-202512221532161766392336234
2026-04-01 17:36:23,957 [INFO]       v ID=9848351 | Cincin tidak bisa dilepas | None
2026-04-01 17:36:26,009 [INFO]    Detail: https://www.lapor.go.id/laporan/detil/ada-sarang-tawon-vespa-affinis-di-plafon-atap-dapur-202512221536351766392595231
2026-04-01 17:36:31,941 [INFO]       v ID=9848391 | ada Sarang Tawon (Vespa Affinis) di plafon at | None
2026-04-01 17:36:34,490 [INFO]    Total terkumpul sejauh ini: 2653 laporan

2026-04-01 17:36:36,682 [INFO] ── Halaman 267: https://www.lapor.go.id/kisah-sukses?page=267
2026-04-01 17:36:56,921 [INFO]    -> 10 laporan ditemukan
2026-04-01 17:36:56,921 [INFO]    Detail: https://www.lapor.go.id/laporan/detil/sosialisasi-layanan-pengaduan-hingga-tingkat-desa-202512230912241766455944150
2026-04-01 17:37:01,798 [INFO]       v ID=9849771 | Sosialisasi Layanan Pengaduan Hingga Tingkat  | Pelayanan Komunikasi Masyarakat
2026-04-01 17:37:04,759 [INFO]    Detail: https://www.lapor.go.id/laporan/detil/permohonan-bantuan-bencana-alam-desa-karangjambu-202512230914251766456065715
2026-04-01 17:37:10,249 [INFO]       v ID=9849796 | Permohonan Bantuan Bencana Alam Desa karangja | None
2026-04-01 17:37:12,328 [INFO]    Detail: https://www.lapor.go.id/laporan/detil/akselerasi-pendampingan-ppid-desa-secara-merata--202512230934401766457280160
2026-04-01 17:37:17,311 [INFO]       v ID=9850001 | Akselerasi Pendampingan Ppid Desa Secara Mera | Pelayanan Komunikasi Masyarakat
2026-04-01 17:37:21,068 [INFO]    Detail: https://www.lapor.go.id/laporan/detil/permohonan-bantuan-bencana-alam-desa-karangjambu-202512230935191766457319937
2026-04-01 17:37:26,010 [INFO]       v ID=9850011 | Permohonan Bantuan Bencana Alam Desa Karangja | None
2026-04-01 17:37:28,884 [INFO]    Detail: https://www.lapor.go.id/laporan/detil/optimalisasi-peran-ppid-202512230938541766457534837
2026-04-01 17:37:33,926 [INFO]       v ID=9850041 | Optimalisasi Peran Ppid | Pelayanan Komunikasi Masyarakat
2026-04-01 17:37:37,575 [INFO]    Detail: https://www.lapor.go.id/laporan/detil/saran-dan-aspirasi-optimalisasi-komunikasi-publik-melalui-media-sosial-pemerintah-kabupaten-karawang-202512230941341766457694230
2026-04-01 17:37:42,580 [INFO]       v ID=9850076 | Saran Dan Aspirasi Optimalisasi Komunikasi Pu | Pelayanan Komunikasi Masyarakat
2026-04-01 17:37:44,999 [INFO]    Detail: https://www.lapor.go.id/laporan/detil/saran-dan-aspirasi-terkait-optimalisasi-layanan-internet-publik-untuk-masyarakat-karawang-202512230944031766457843509
2026-04-01 17:37:50,035 [INFO]       v ID=9850101 | Saran Dan Aspirasi Terkait Optimalisasi Layan | Pelayanan Komunikasi Masyarakat
2026-04-01 17:37:53,529 [INFO]    Detail: https://www.lapor.go.id/laporan/detil/optimalisasi-sistem-open-data-agar-memudahkan-masyarakat-dalam-mendapatkan-data-yang-dibutuhkan-202512230948551766458135600
2026-04-01 17:37:58,576 [INFO]       v ID=9850151 | Optimalisasi Sistem Open Data Agar Memudahkan | Pelayanan Komunikasi Masyarakat
2026-04-01 17:38:01,425 [INFO]    Detail: https://www.lapor.go.id/laporan/detil/informasi-202512231005261766459126063
2026-04-01 17:38:06,499 [INFO]       v ID=9850301 | informasi | None
2026-04-01 17:38:10,367 [INFO]    Detail: https://www.lapor.go.id/laporan/detil/permintaan-mediasi-202512231013351766459615779
2026-04-01 17:38:15,851 [INFO]       v ID=9850381 | Permintaan mediasi | None
2026-04-01 17:38:18,244 [INFO]    Total terkumpul sejauh ini: 2663 laporan

2026-04-01 17:38:20,540 [INFO] ── Halaman 268: https://www.lapor.go.id/kisah-sukses?page=268
2026-04-01 17:38:40,667 [INFO]    -> 10 laporan ditemukan
2026-04-01 17:38:40,668 [INFO]    Detail: https://www.lapor.go.id/laporan/detil/kbli-umkm-masih-menunggu-verifikasi-persyaratan-202512231030471766460647480
2026-04-01 17:38:45,728 [INFO]       v ID=9850576 | KBLI UMKM masih Menunggu Verifikasi Persyarat | None
2026-04-01 17:38:49,415 [INFO]    Detail: https://www.lapor.go.id/laporan/detil/informasi-sppg-terbaru-dan-permintaan-informasi-202512231114101766463250561
2026-04-01 17:38:54,368 [INFO]       v ID=9851006 | informasi sppg terbaru dan permintaan informa | None
2026-04-01 17:38:57,962 [INFO]    Detail: https://www.lapor.go.id/laporan/detil/laporan-bencana-202512231117521766463472620
2026-04-01 17:39:03,611 [INFO]       v ID=9851021 | laporan bencana | None
2026-04-01 17:39:07,014 [INFO]    Detail: https://www.lapor.go.id/laporan/detil/aspirasi---memperbaruhi-sitr-yang-sudah-kadaluarsa-01-desember-2025--202512231423151766474595809
2026-04-01 17:39:11,940 [INFO]       v ID=9851741 | Aspirasi - Memperbaruhi SITR Yang Sudah Kadal | None
2026-04-01 17:39:15,609 [INFO]    Detail: https://www.lapor.go.id/laporan/detil/aspirasi---kendala-pengajuan-perizinan-nakes-01-desember-2025--202512231433011766475181133
2026-04-01 17:39:21,909 [INFO]       v ID=9851856 | Aspirasi - Kendala Pengajuan Perizinan Nakes  | None
2026-04-01 17:39:25,383 [INFO]    Detail: https://www.lapor.go.id/laporan/detil/aspirasi---kendala-pengajuan-izin-usaha-02-desember-2025--202512231444451766475885525
2026-04-01 17:39:30,264 [INFO]       v ID=9851936 | Aspirasi - Kendala Pengajuan Izin Usaha (02 D | None
2026-04-01 17:39:34,284 [INFO]    Detail: https://www.lapor.go.id/laporan/detil/aspirasi---pengajuan-ipr-reklame-04-desember-2025--202512231450411766476241369
2026-04-01 17:39:39,144 [INFO]       v ID=9852026 | Aspirasi - Pengajuan IPR Reklame (04 Desember | None
2026-04-01 17:39:41,763 [INFO]    Detail: https://www.lapor.go.id/laporan/detil/aspirasi-peningkatan-pelayanan-angkutan-umum-kabupaten-karawang-202512231512191766477539521
2026-04-01 17:39:48,608 [INFO]       v ID=9852216 | Aspirasi Peningkatan Pelayanan Angkutan Umum  | Lainnya terkait Perhubungan
2026-04-01 17:39:52,424 [INFO]    Detail: https://www.lapor.go.id/laporan/detil/usut-tuntas-anggaran-tunjangan-rumah-anggota-dprd-kabupaten-bekasi-202512231518181766477898661
2026-04-01 17:39:57,846 [INFO]       v ID=9852266 | Usut Tuntas Anggaran Tunjangan Rumah Anggota  | SP4N-LAPOR!
2026-04-01 17:40:01,688 [INFO]    Detail: https://www.lapor.go.id/laporan/detil/aspirasi-pembangunan-strategis-kabupaten-karawang-202512231522251766478145591
2026-04-01 17:40:07,110 [INFO]       v ID=9852281 | Aspirasi Pembangunan Strategis Kabupaten Kara | Lainnya terkait Infrastruktur Pendukung
2026-04-01 17:40:11,095 [INFO]    Total terkumpul sejauh ini: 2673 laporan

2026-04-01 17:40:15,034 [INFO] ── Halaman 269: https://www.lapor.go.id/kisah-sukses?page=269
2026-04-01 17:40:35,513 [INFO]    -> 10 laporan ditemukan
2026-04-01 17:40:35,513 [INFO]    Detail: https://www.lapor.go.id/laporan/detil/aspirasi-untuk-balai-latihan-kerja-disnaker-202512231525241766478324408
2026-04-01 17:40:40,996 [INFO]       v ID=9852301 | Aspirasi Untuk Balai Latihan Kerja Disnaker | Lainnya terkait Ketenagakerjaan
2026-04-01 17:40:44,284 [INFO]    Detail: https://www.lapor.go.id/laporan/detil/aspirasi-percepatan-kemajuan-umkm-kabupaten-karawang-202512231528151766478495007
2026-04-01 17:40:49,671 [INFO]       v ID=9852321 | Aspirasi Percepatan Kemajuan Umkm Kabupaten K | UMKM
2026-04-01 17:40:52,849 [INFO]    Detail: https://www.lapor.go.id/laporan/detil/keluhan-petani-hama-pertanian-hama-tikus-202512241120511766550051865
2026-04-01 17:40:57,893 [INFO]       v ID=9854286 | Keluhan Petani, Hama Pertanian, Hama Tikus | Pertanian dan Peternakan
2026-04-01 17:41:01,378 [INFO]    Detail: https://www.lapor.go.id/laporan/detil/transportasi-umum-202512241244151766555055560
2026-04-01 17:41:06,671 [INFO]       v ID=9854416 | Transportasi Umum | Transportasi Darat
2026-04-01 17:41:09,677 [INFO]    Detail: https://www.lapor.go.id/laporan/detil/pengurangan-penghapusan-sanksi-administrasi-pbb-p2-nop-32-77-760-001-010-0001-0-202512241450381766562638485
2026-04-01 17:41:14,548 [INFO]       v ID=9854961 | Pengurangan Penghapusan sanksi Administrasi P | None
2026-04-01 17:41:17,175 [INFO]    Detail: https://www.lapor.go.id/laporan/detil/aspirasi-mengenai-krisis-transportasi-umum-di-kabupaten-karawang-202512241506101766563570479
2026-04-01 17:41:24,179 [INFO]       v ID=9855141 | Aspirasi Mengenai Krisis Transportasi Umum Di | Transportasi Darat
2026-04-01 17:41:26,999 [INFO]    Detail: https://www.lapor.go.id/laporan/detil/perbaikan-jalan-202512270806071766797567107
2026-04-01 17:41:32,620 [INFO]       v ID=9857651 | Perbaikan Jalan | Lainnya terkait Pekerjaan Umum dan Penataan Ruang
2026-04-01 17:41:36,057 [INFO]    Detail: https://www.lapor.go.id/laporan/detil/tower-bts-yang-mana-izin-belum-terbit-202512272259231766851163118
2026-04-01 17:41:42,259 [INFO]       v ID=9858361 | Tower Bts Yang Mana Izin Belum Terbit | Lainnya terkait Ketenteraman, Ketertiban Umum, dan Pelindungan Masyarakat
2026-04-01 17:41:44,913 [INFO]    Detail: https://www.lapor.go.id/laporan/detil/pdam-202512280716351766880995846
2026-04-01 17:41:50,872 [INFO]       v ID=9858516 | PDAM | Layanan Air Minum
2026-04-01 17:41:53,048 [INFO]    Detail: https://www.lapor.go.id/laporan/detil/permintaan-data-202512291039351766979575090
2026-04-01 17:41:58,111 [INFO]       v ID=9861091 | Permintaan Data | None
2026-04-01 17:42:00,693 [INFO]    Total terkumpul sejauh ini: 2683 laporan

2026-04-01 17:42:03,614 [INFO] ── Halaman 270: https://www.lapor.go.id/kisah-sukses?page=270
2026-04-01 17:42:24,032 [INFO]    -> 10 laporan ditemukan
2026-04-01 17:42:24,032 [INFO]    Detail: https://www.lapor.go.id/laporan/detil/minimnya-ketersediaan-angkutan-umum-di-karawang-202512291042571766979777610
2026-04-01 17:42:29,384 [INFO]       v ID=9861111 | Minimnya Ketersediaan Angkutan Umum Di Karawa | Transportasi Darat
2026-04-01 17:42:31,602 [INFO]    Detail: https://www.lapor.go.id/laporan/detil/lubang-besar-di-jalan-depan-rm-samara-karawang-202512291044481766979888746
2026-04-01 17:42:36,643 [INFO]       v ID=9861121 | Lubang Besar Di Jalan Depan Rm Samara Karawan | Jalan Berlubang
2026-04-01 17:42:38,747 [INFO]    Detail: https://www.lapor.go.id/laporan/detil/aspirasi---permasalahan-penginputan-data-pada-oss-10-desember-2025--202512291438311766993911257
2026-04-01 17:42:43,577 [INFO]       v ID=9862146 | Aspirasi - Permasalahan Penginputan Data Pada | None
2026-04-01 17:42:46,827 [INFO]    Detail: https://www.lapor.go.id/laporan/detil/aspirasi---kendala-login-oss-10-desember-2025--202512291443161766994196470
2026-04-01 17:42:51,728 [INFO]       v ID=9862161 | Aspirasi - Kendala Login OSS (10 Desember 202 | None
2026-04-01 17:42:54,242 [INFO]    Detail: https://www.lapor.go.id/laporan/detil/aspirasi---kendala-penambahan-kbli-pada-oss-18-desember-2025--202512291454141766994854033
2026-04-01 17:42:59,018 [INFO]       v ID=9862176 | Aspirasi - Kendala Penambahan KBLI Pada OSS ( | None
2026-04-01 17:43:01,335 [INFO]    Detail: https://www.lapor.go.id/laporan/detil/aspirasi---kendala-penambahan-kbli-24-desember-2025--202512291459351766995175409
2026-04-01 17:43:06,260 [INFO]       v ID=9862191 | Aspirasi - Kendala Penambahan KBLI (24 Desemb | None
2026-04-01 17:43:08,355 [INFO]    Detail: https://www.lapor.go.id/laporan/detil/permintaan-informasi-pengecekan-status-bantuan-sosial-202512291513131766995993219
2026-04-01 17:43:14,453 [INFO]       v ID=9862231 | permintaan informasi pengecekan status bantua | None
2026-04-01 17:43:18,331 [INFO]    Detail: https://www.lapor.go.id/laporan/detil/tingkatkan-kualitas-kantin-di-kantor-pemkab-karawang-202512291519151766996355466
2026-04-01 17:43:23,151 [INFO]       v ID=9862246 | Tingkatkan Kualitas Kantin Di Kantor Pemkab K | UMKM
2026-04-01 17:43:26,976 [INFO]    Detail: https://www.lapor.go.id/laporan/detil/aduan-dugaan-kepada-perangkat-desa-yang-menggunkan-uang-anggaran-ketahanan-pangan--202512291532471766997167714
2026-04-01 17:43:33,924 [INFO]       v ID=9862291 | Aduan  Dugaan kepada perangkat Desa yang meng | None
2026-04-01 17:43:37,511 [INFO]    Detail: https://www.lapor.go.id/laporan/detil/kerusakan-alat-kontrasepsi-implan-setelah-pemasangan-202512291542271766997747888
2026-04-01 17:43:42,468 [INFO]       v ID=9862331 | Kerusakan Alat Kontrasepsi Implan setelah Pem | None
2026-04-01 17:43:46,391 [INFO]    Total terkumpul sejauh ini: 2693 laporan

2026-04-01 17:43:49,747 [INFO] ── Halaman 271: https://www.lapor.go.id/kisah-sukses?page=271
2026-04-01 17:44:09,969 [INFO]    -> 10 laporan ditemukan
2026-04-01 17:44:09,969 [INFO]    Detail: https://www.lapor.go.id/laporan/detil/kerusakan-alat-kontrasepsi-implan-setelah-pemasangan-202512291557111766998631083
2026-04-01 17:44:14,957 [INFO]       v ID=9862391 | Kerusakan Alat Kontrasepsi Implan setelah Pem | None
2026-04-01 17:44:17,277 [INFO]    Detail: https://www.lapor.go.id/laporan/detil/dugaan-penyalahgunaan-aset-desa-berupa-kantor-kepala-desa-yang-di-ubah-untuk-ruang-kegiatan-komersil--202512291628381767000518854
2026-04-01 17:44:23,409 [INFO]       v ID=9862466 | Dugaan Penyalahgunaan Aset Desa Berupa Kantor | None
2026-04-01 17:44:25,506 [INFO]    Detail: https://www.lapor.go.id/laporan/detil/laporan-keberatan-adanya-pembangunan-gedung-partai-gerindra-di-jl-adonis-samad-202512301058091767067089834
2026-04-01 17:44:30,953 [INFO]       v ID=9863976 | Laporan Keberatan adanya pembangunan gedung P | None
2026-04-01 17:44:34,208 [INFO]    Detail: https://www.lapor.go.id/laporan/detil/promosi-swalayan-sentral-khas-karawang-202512301106411767067601424
2026-04-01 17:44:39,188 [INFO]       v ID=9864001 | Promosi Swalayan Sentral Khas Karawang | UMKM
2026-04-01 17:44:42,326 [INFO]    Detail: https://www.lapor.go.id/laporan/detil/studio-music-shen-shen-berlatih-sampai-jam-12-malam-202512310014211767114861068
2026-04-01 17:44:47,170 [INFO]       v ID=9865871 | Studio Music Shen Shen Berlatih Sampai Jam 12 | Lainnya terkait Ketenteraman, Ketertiban Umum, dan Pelindungan Masyarakat
2026-04-01 17:44:50,391 [INFO]    Detail: https://www.lapor.go.id/laporan/detil/permintaan-informasi-magang-melalui-instagram-202512311303101767160990412
2026-04-01 17:44:56,548 [INFO]       v ID=9868001 | Permintaan Informasi Magang melalui Instagram | None
2026-04-01 17:45:00,149 [INFO]    Detail: https://www.lapor.go.id/laporan/detil/konsultasi-permintaan-data-202601020810301767316230506
2026-04-01 17:45:07,045 [INFO]       v ID=9870476 | Konsultasi Permintaan Data | None
2026-04-01 17:45:10,637 [INFO]    Detail: https://www.lapor.go.id/laporan/detil/longsor-batu-202601040942061767494526492
2026-04-01 17:45:18,155 [INFO]       v ID=9873681 | Longsor Batu | None
2026-04-01 17:45:21,334 [INFO]    Detail: https://www.lapor.go.id/laporan/detil/penipuan-dimintain-uang-lagi-oleh-dokter-setelah-didalam-ruangan-202601051441211767598881597
2026-04-01 17:45:27,795 [INFO]       v ID=9877056 | Penipuan Dimintain Uang Lagi Oleh Dokter Sete | Lainnya terkait Kesehatan
2026-04-01 17:45:30,757 [INFO]    Detail: https://www.lapor.go.id/laporan/detil/pengaduan---perilaku-pelaksana-202601061401161767682876820
2026-04-01 17:45:35,756 [INFO]       v ID=9880006 | Pengaduan - Perilaku Pelaksana | None
2026-04-01 17:45:38,271 [INFO]    Total terkumpul sejauh ini: 2703 laporan

2026-04-01 17:45:41,171 [INFO] ── Halaman 272: https://www.lapor.go.id/kisah-sukses?page=272
2026-04-01 17:46:01,223 [INFO]    -> 10 laporan ditemukan
2026-04-01 17:46:01,223 [INFO]    Detail: https://www.lapor.go.id/laporan/detil/pengaduan---perilaku-pelaksana-202601061405191767683119372
2026-04-01 17:46:06,223 [INFO]       v ID=9880021 | Pengaduan - Perilaku Pelaksana | None
2026-04-01 17:46:09,224 [INFO]    Detail: https://www.lapor.go.id/laporan/detil/pengaduan---antrean-farmasi-202601061411131767683473048
2026-04-01 17:46:14,445 [INFO]       v ID=9880046 | Pengaduan - Antrean Farmasi | None
2026-04-01 17:46:17,528 [INFO]    Detail: https://www.lapor.go.id/laporan/detil/pengaduan---komunikasi-efektif-202601061413521767683632259
2026-04-01 17:46:22,731 [INFO]       v ID=9880066 | Pengaduan - Komunikasi Efektif | None
2026-04-01 17:46:26,523 [INFO]    Detail: https://www.lapor.go.id/laporan/detil/pengaduan---sdm-202601061416221767683782774
2026-04-01 17:46:31,652 [INFO]       v ID=9880071 | Pengaduan - SDM | None
2026-04-01 17:46:35,275 [INFO]    Detail: https://www.lapor.go.id/laporan/detil/pengaduan---sdm-202601061423271767684207308
2026-04-01 17:46:40,247 [INFO]       v ID=9880086 | Pengaduan - SDM | None
2026-04-01 17:46:43,635 [INFO]    Detail: https://www.lapor.go.id/laporan/detil/pengaduan---pelayanan-202601061424281767684268548
2026-04-01 17:46:48,549 [INFO]       v ID=9880091 | Pengaduan - Pelayanan | None
2026-04-01 17:46:50,641 [INFO]    Detail: https://www.lapor.go.id/laporan/detil/pengaduan---pelayanan-202601061435051767684905724
2026-04-01 17:46:55,926 [INFO]       v ID=9880146 | Pengaduan - Pelayanan | None
2026-04-01 17:46:58,551 [INFO]    Detail: https://www.lapor.go.id/laporan/detil/pengaduan---kebersihan-202601061437251767685045412
2026-04-01 17:47:05,943 [INFO]       v ID=9880161 | Pengaduan - Kebersihan | None
2026-04-01 17:47:08,044 [INFO]    Detail: https://www.lapor.go.id/laporan/detil/pengaduan---farmasi-202601061452261767685946140
2026-04-01 17:47:13,073 [INFO]       v ID=9880221 | Pengaduan - Farmasi | None
2026-04-01 17:47:16,155 [INFO]    Detail: https://www.lapor.go.id/laporan/detil/pengaduan---pelayanan-202601061458391767686319070
2026-04-01 17:47:21,001 [INFO]       v ID=9880241 | Pengaduan - Pelayanan | None
2026-04-01 17:47:23,258 [INFO]    Total terkumpul sejauh ini: 2713 laporan

2026-04-01 17:47:27,115 [INFO] ── Halaman 273: https://www.lapor.go.id/kisah-sukses?page=273
2026-04-01 17:47:46,839 [INFO]    -> 10 laporan ditemukan
2026-04-01 17:47:46,839 [INFO]    Detail: https://www.lapor.go.id/laporan/detil/pengaduan---pelayanan-202601061459521767686392433
2026-04-01 17:47:52,010 [INFO]       v ID=9880246 | Pengaduan -  Pelayanan | None
2026-04-01 17:47:56,006 [INFO]    Detail: https://www.lapor.go.id/laporan/detil/pengaduan---sdm-202601061500521767686452060
2026-04-01 17:48:01,305 [INFO]       v ID=9880251 | Pengaduan - SDM | None
2026-04-01 17:48:04,340 [INFO]    Detail: https://www.lapor.go.id/laporan/detil/pengaduan---kehilangan-202601061533001767688380351
2026-04-01 17:48:09,324 [INFO]       v ID=9880436 | Pengaduan - Kehilangan | None
2026-04-01 17:48:12,949 [INFO]    Detail: https://www.lapor.go.id/laporan/detil/pengaduan---saran-dan-prasarana-202601061534341767688474130
2026-04-01 17:48:17,999 [INFO]       v ID=9880441 | Pengaduan - Saran dan Prasarana | None
2026-04-01 17:48:20,367 [INFO]    Detail: https://www.lapor.go.id/laporan/detil/pengaduan---sarana-dan-prasarana-202601061547471767689267561
2026-04-01 17:48:25,346 [INFO]       v ID=9880501 | Pengaduan -  Sarana dan Prasarana | None
2026-04-01 17:48:28,014 [INFO]    Detail: https://www.lapor.go.id/laporan/detil/aspirasi---proses-verifikasi-proses-nib-2-januari-2026--202601071453531767772433287
2026-04-01 17:48:33,192 [INFO]       v ID=9881856 | Aspirasi - Proses Verifikasi Proses NIB (2 Ja | None
2026-04-01 17:48:35,441 [INFO]    Detail: https://www.lapor.go.id/laporan/detil/aspirasi---pengajuan-sitr-5-januari-2026--202601071458491767772729842
2026-04-01 17:48:40,395 [INFO]       v ID=9881876 | Aspirasi - Pengajuan SITR (5 Januari 2026) | None
2026-04-01 17:48:43,301 [INFO]    Detail: https://www.lapor.go.id/laporan/detil/aspirasi---syarat-pengajuan-cv-6-januari-2026--202601071504101767773050552
2026-04-01 17:48:49,279 [INFO]       v ID=9881931 | Aspirasi - Syarat Pengajuan CV (6 Januari 202 | None
2026-04-01 17:48:51,984 [INFO]    Detail: https://www.lapor.go.id/laporan/detil/pengaduan-laporan-terhadap-instansi-bpkad-kabupaten-karawang-202601130847511768268871866
2026-04-01 17:48:56,946 [INFO]       v ID=9887887 | Pengaduan Laporan Terhadap Instansi Bpkad Kab | Lainnya terkait Perimbangan Keuangan Pusat dan Daerah
2026-04-01 17:48:59,408 [INFO]    Detail: https://www.lapor.go.id/laporan/detil/permohonan-informasi-penanganan-kasus-dugaan-tindakan-asusila-terhadap-siswi-smp-negeri-7-202601131044061768275846816
2026-04-01 17:49:04,496 [INFO]       v ID=9888601 | Permohonan informasi penanganan kasus dugaan  | Topik Lainnya
2026-04-01 17:49:07,578 [INFO]    Total terkumpul sejauh ini: 2723 laporan

2026-04-01 17:49:10,133 [INFO] ── Halaman 274: https://www.lapor.go.id/kisah-sukses?page=274
2026-04-01 17:49:29,538 [INFO]    -> 10 laporan ditemukan
2026-04-01 17:49:29,538 [INFO]    Detail: https://www.lapor.go.id/laporan/detil/ijazah-ditahan-pt-pegasus-eco-karting-202601131323561768285436815
2026-04-01 17:49:35,659 [INFO]       v ID=9888991 | Ijazah Ditahan Pt.pegasus Eco Karting | Lainnya terkait Ketenagakerjaan
2026-04-01 17:49:37,862 [INFO]    Detail: https://www.lapor.go.id/laporan/detil/bansos-202601132031261768311086957
2026-04-01 17:49:43,013 [INFO]       v ID=9889729 | Bansos | Bantuan Sosial
2026-04-01 17:49:45,204 [INFO]    Detail: https://www.lapor.go.id/laporan/detil/kos-kosan-atau-kontrakan-terindikasi-adanya-praktek-prostitusi-omline-202601140923581768357438361
2026-04-01 17:49:50,077 [INFO]       v ID=9890371 | Kos-Kosan Atau Kontrakan Terindikasi Adanya P | Keresahan Masyarakat
2026-04-01 17:49:53,604 [INFO]    Detail: https://www.lapor.go.id/laporan/detil/pkh-202601141513421768378422662
2026-04-01 17:49:58,581 [INFO]       v ID=9891637 | Pkh | Bansos PKH
2026-04-01 17:50:01,608 [INFO]    Detail: https://www.lapor.go.id/laporan/detil/dugaan-pelanggaran-berat-dan-penghindaran-kewajiban-ketenagakerjaan-oleh-pt-rhino-industry-indonesia-termasuk-penerapan-pkwt-berulang-untuk-core-staff-202601150828071768440487597
2026-04-01 17:50:06,868 [INFO]       v ID=9893023 | Dugaan Pelanggaran Berat Dan Penghindaran Kew | Lainnya terkait Ketenagakerjaan
2026-04-01 17:50:09,995 [INFO]    Detail: https://www.lapor.go.id/laporan/detil/permohonan-akses-website-siapol-dishub-jawa-timur-202601150953591768445639988
2026-04-01 17:50:15,996 [INFO]       v ID=9893461 | PERMOHONAN AKSES WEBSITE SIAPOL DISHUB JAWA T | None
2026-04-01 17:50:18,086 [INFO]    Detail: https://www.lapor.go.id/laporan/detil/pengaduan---sarana-dan-prasarana-202601151434401768462480561
2026-04-01 17:50:23,271 [INFO]       v ID=9895045 | Pengaduan - Sarana dan Prasarana | None
2026-04-01 17:50:26,943 [INFO]    Detail: https://www.lapor.go.id/laporan/detil/pengaduan---perilaku-pelaksana-202601151436141768462574204
2026-04-01 17:50:31,972 [INFO]       v ID=9895063 | Pengaduan - Perilaku Pelaksana | None
2026-04-01 17:50:34,629 [INFO]    Detail: https://www.lapor.go.id/laporan/detil/pengaduan---hantaran-obat-202601151438151768462695404
2026-04-01 17:50:39,711 [INFO]       v ID=9895087 | Pengaduan - Hantaran Obat | None
2026-04-01 17:50:43,435 [INFO]    Detail: https://www.lapor.go.id/laporan/detil/aspirasi---pencabutan-sip-7-januari-2026--202601151441161768462876622
2026-04-01 17:50:48,792 [INFO]       v ID=9895123 | Aspirasi - Pencabutan SIP (7 Januari 2026) | None
2026-04-01 17:50:51,044 [INFO]    Total terkumpul sejauh ini: 2733 laporan

2026-04-01 17:50:54,014 [INFO] ── Halaman 275: https://www.lapor.go.id/kisah-sukses?page=275
2026-04-01 17:51:14,332 [INFO]    -> 10 laporan ditemukan
2026-04-01 17:51:14,332 [INFO]    Detail: https://www.lapor.go.id/laporan/detil/aspirasi---kendala-pengurusan-sip-8-januari-2026--202601151451041768463464095
2026-04-01 17:51:19,531 [INFO]       v ID=9895219 | Aspirasi - Kendala Pengurusan SIP (8 Januari  | None
2026-04-01 17:51:22,554 [INFO]    Detail: https://www.lapor.go.id/laporan/detil/aspirasi---kesalahan-input-pada-oss-9-januari-2026--202601151454541768463694514
2026-04-01 17:51:28,036 [INFO]       v ID=9895243 | Aspirasi - Kesalahan input pada OSS (9 Januar | None
2026-04-01 17:51:30,220 [INFO]    Detail: https://www.lapor.go.id/laporan/detil/pengaduan---hotline-customer-service-202601151459081768463948320
2026-04-01 17:51:35,526 [INFO]       v ID=9895261 | Pengaduan - Hotline/ Customer Service | None
2026-04-01 17:51:38,500 [INFO]    Detail: https://www.lapor.go.id/laporan/detil/pengaduan---farmasi-202601151501111768464071425
2026-04-01 17:51:43,357 [INFO]       v ID=9895279 | Pengaduan - Farmasi | None
2026-04-01 17:51:46,632 [INFO]    Detail: https://www.lapor.go.id/laporan/detil/pengaduan---farmasi-202601151503141768464194597
2026-04-01 17:51:51,980 [INFO]       v ID=9895285 | Pengaduan - Farmasi | None
2026-04-01 17:51:54,399 [INFO]    Detail: https://www.lapor.go.id/laporan/detil/jalan-rusak-berlubang-belum-di-cor-aspal-air-menggenang--202601151526141768465574924
2026-04-01 17:52:00,271 [INFO]       v ID=9895423 | Jalan Rusak (Berlubang, Belum Di Cor/Aspal, A | Infrastruktur Jalan
2026-04-01 17:52:03,227 [INFO]    Detail: https://www.lapor.go.id/laporan/detil/permohonan-informasi---praktik-dokter-202601151528111768465691814
2026-04-01 17:52:08,701 [INFO]       v ID=9895435 | Permohonan Informasi - Praktik Dokter | None
2026-04-01 17:52:11,956 [INFO]    Detail: https://www.lapor.go.id/laporan/detil/pengaduan---prosedur-pelayanan-202601151530041768465804683
2026-04-01 17:52:17,041 [INFO]       v ID=9895447 | Pengaduan - Prosedur Pelayanan | None
2026-04-01 17:52:20,993 [INFO]    Detail: https://www.lapor.go.id/laporan/detil/pengaduan---farmasi-202601151531371768465897959
2026-04-01 17:52:26,174 [INFO]       v ID=9895471 | Pengaduan - Farmasi | None
2026-04-01 17:52:29,017 [INFO]    Detail: https://www.lapor.go.id/laporan/detil/pengaduan---prosedur-pelayanan-202601151535121768466112894
2026-04-01 17:52:33,983 [INFO]       v ID=9895501 | Pengaduan - Prosedur Pelayanan | None
2026-04-01 17:52:37,939 [INFO]    Total terkumpul sejauh ini: 2743 laporan

2026-04-01 17:52:40,142 [INFO] ── Halaman 276: https://www.lapor.go.id/kisah-sukses?page=276
2026-04-01 17:53:00,443 [INFO]    -> 10 laporan ditemukan
2026-04-01 17:53:00,443 [INFO]    Detail: https://www.lapor.go.id/laporan/detil/kesalahan-penulisan-di-sk-pppk-tahap-2-provinsi-ntt-202601151737491768473469066
2026-04-01 17:53:05,534 [INFO]       v ID=9895741 | Kesalahan Penulisan Di Sk Pppk Tahap 2 Provin | SK Kepegawaian
2026-04-01 17:53:07,889 [INFO]    Detail: https://www.lapor.go.id/laporan/detil/tidak-adanya-rambu-putar-balik-202601152122361768486956882
2026-04-01 17:53:12,830 [INFO]       v ID=9896059 | Tidak Adanya Rambu Putar Balik | Lainnya terkait Infrastruktur Jalan
2026-04-01 17:53:14,888 [INFO]    Detail: https://www.lapor.go.id/laporan/detil/jalan-berlobang-di-jl-pendreh-202601181445551768722355103
2026-04-01 17:53:20,909 [INFO]       v ID=9897877 | Jalan Berlobang di Jl. Pendreh | None
2026-04-01 17:53:24,645 [INFO]    Detail: https://www.lapor.go.id/laporan/detil/aktivitas-ahmadiyah-di-kabupaten-cianjur-202601190900321768788032961
2026-04-01 17:53:29,740 [INFO]       v ID=9898669 | Aktivitas Ahmadiyah Di Kabupaten Cianjur | Agama
2026-04-01 17:53:32,118 [INFO]    Detail: https://www.lapor.go.id/laporan/detil/portal-jalan-tidak-ditutup-menyebabkan-kemacetan-dan-mengganggu-kinerja-lampu-lalu-lintas-202601190915031768788903939
2026-04-01 17:53:38,307 [INFO]       v ID=9898747 | Portal Jalan Tidak Ditutup Menyebabkan Kemace | Lampu Penerangan Jalan Umum
2026-04-01 17:53:41,696 [INFO]    Detail: https://www.lapor.go.id/laporan/detil/permintaan-data-pertanian-202601201030441768879844853
2026-04-01 17:53:48,418 [INFO]       v ID=9902395 | Permintaan data Pertanian | None
2026-04-01 17:53:50,916 [INFO]    Detail: https://www.lapor.go.id/laporan/detil/jalan-berlubang-202601210927371768962457977
2026-04-01 17:53:56,030 [INFO]       v ID=9904765 | Jalan Berlubang | Jalan Berlubang
2026-04-01 17:53:58,682 [INFO]    Detail: https://www.lapor.go.id/laporan/detil/permintaan-data-keluarga-202601211507401768982860224
2026-04-01 17:54:04,799 [INFO]       v ID=9905875 | Permintaan Data Keluarga | None
2026-04-01 17:54:07,147 [INFO]    Detail: https://www.lapor.go.id/laporan/detil/permintaan-data-proyeksi-penduduk-202601211512171768983137195
2026-04-01 17:54:13,203 [INFO]       v ID=9905905 | Permintaan Data Proyeksi Penduduk | None
2026-04-01 17:54:16,994 [INFO]    Detail: https://www.lapor.go.id/laporan/detil/-8-agustus-2025-permintaan-informasi-data-jumlah-penduduk-berdasarkan-kelompok-usia-202601221424391769066679021
2026-04-01 17:54:23,684 [INFO]       v ID=9908281 | (8 Agustus 2025) Permintaan informasi data ju | None
2026-04-01 17:54:27,059 [INFO]    Total terkumpul sejauh ini: 2753 laporan

2026-04-01 17:54:30,152 [INFO] ── Halaman 277: https://www.lapor.go.id/kisah-sukses?page=277
2026-04-01 17:54:50,635 [INFO]    -> 10 laporan ditemukan
2026-04-01 17:54:50,635 [INFO]    Detail: https://www.lapor.go.id/laporan/detil/tolong-ditindak-penambangan-di-cilegon-supaya-tidak-terjadi-bencana-202601221509251769069365374
2026-04-01 17:54:55,633 [INFO]       v ID=9908527 | Tolong Ditindak Penambangan Di Cilegon Supaya | Kehutanan
2026-04-01 17:54:58,292 [INFO]    Detail: https://www.lapor.go.id/laporan/detil/permohonan-perbaikan-fasilitas-taman-kota-202601221554131769072053023
2026-04-01 17:55:03,646 [INFO]       v ID=9908827 | Permohonan Perbaikan Fasilitas Taman Kota | Topik Lainnya
2026-04-01 17:55:06,816 [INFO]    Detail: https://www.lapor.go.id/laporan/detil/permohonan-normalisasi-drainase-jalan-nasional-202601230951421769136702300
2026-04-01 17:55:12,341 [INFO]       v ID=9909781 | Permohonan Normalisasi Drainase Jalan Nasiona | Drainase (Gorong-Gorong/Parit)
2026-04-01 17:55:15,200 [INFO]    Detail: https://www.lapor.go.id/laporan/detil/penguasaan-wilayah-tpu-nagasari-kecamatan-karawang-barat-202601230958401769137120891
2026-04-01 17:55:21,149 [INFO]       v ID=9909799 | Penguasaan Wilayah Tpu Nagasari Kecamatan Kar | Ketertiban Umum
2026-04-01 17:55:23,666 [INFO]    Detail: https://www.lapor.go.id/laporan/detil/permohonan-perbaikan-rusunawa-baru-202601231000111769137211378
2026-04-01 17:55:28,807 [INFO]       v ID=9909817 | Permohonan perbaikan rusunawa baru | Topik Lainnya
2026-04-01 17:55:30,880 [INFO]    Detail: https://www.lapor.go.id/laporan/detil/perawatan-jembatan-kabanaran-202601231207151769144835173
2026-04-01 17:55:35,722 [INFO]       v ID=9910183 | Perawatan Jembatan Kabanaran | Pengelolaan Sampah
2026-04-01 17:55:39,603 [INFO]    Detail: https://www.lapor.go.id/laporan/detil/drainase-202601231212131769145133138
2026-04-01 17:55:45,164 [INFO]       v ID=9910207 | drainase | SP4N-LAPOR!
2026-04-01 17:55:48,034 [INFO]    Detail: https://www.lapor.go.id/laporan/detil/uang-kompensasi-tidak-di-berikan-oleh-perusahaan-tempat-saya-bekerja-202601231240301769146830259
2026-04-01 17:55:53,983 [INFO]       v ID=9910291 | Uang Kompensasi Tidak Di Berikan Oleh Perusah | Hak Pekerja
2026-04-01 17:55:57,478 [INFO]    Detail: https://www.lapor.go.id/laporan/detil/indeks-modal-manusia-202601260921491769394109829
2026-04-01 17:56:02,335 [INFO]       v ID=9913819 | Indeks Modal Manusia | None
2026-04-01 17:56:04,725 [INFO]    Detail: https://www.lapor.go.id/laporan/detil/permintaan-data-kemiskinan-202601260942291769395349676
2026-04-01 17:56:11,359 [INFO]       v ID=9914023 | Permintaan Data Kemiskinan | None
2026-04-01 17:56:15,015 [INFO]    Total terkumpul sejauh ini: 2763 laporan

2026-04-01 17:56:18,086 [INFO] ── Halaman 278: https://www.lapor.go.id/kisah-sukses?page=278
2026-04-01 17:56:38,983 [INFO]    -> 10 laporan ditemukan
2026-04-01 17:56:38,983 [INFO]    Detail: https://www.lapor.go.id/laporan/detil/rusak-nya-insfrastruktur-jalan-raya-202601261045591769399159263
2026-04-01 17:56:43,883 [INFO]       v ID=9914545 | Rusak Nya Insfrastruktur Jalan Raya | Infrastruktur Jalan
2026-04-01 17:56:47,322 [INFO]    Detail: https://www.lapor.go.id/laporan/detil/informasi-magang-202601261333531769409233383
2026-04-01 17:56:52,319 [INFO]       v ID=9915349 | Informasi Magang | None
2026-04-01 17:56:56,109 [INFO]    Detail: https://www.lapor.go.id/laporan/detil/menanyakan-untuk-kebutuhan-data-produksi-padi-serta-data-iklim-di-indramayu-a-n-adinda-unpad-202601261402091769410929399
2026-04-01 17:57:01,224 [INFO]       v ID=9915505 | Menanyakan untuk kebutuhan data produksi padi | None
2026-04-01 17:57:03,520 [INFO]    Detail: https://www.lapor.go.id/laporan/detil/pohon-tumbang-202601262025201769433920790
2026-04-01 17:57:08,397 [INFO]       v ID=9916483 | POHON TUMBANG | None
2026-04-01 17:57:11,961 [INFO]    Detail: https://www.lapor.go.id/laporan/detil/pohon-tumbang-202601262033241769434404719
2026-04-01 17:57:17,288 [INFO]       v ID=9916507 | POHON TUMBANG | None
2026-04-01 17:57:20,403 [INFO]    Detail: https://www.lapor.go.id/laporan/detil/pohon-tumbang-202601262038421769434722748
2026-04-01 17:57:25,318 [INFO]       v ID=9916525 | POHON TUMBANG | None
2026-04-01 17:57:28,988 [INFO]    Detail: https://www.lapor.go.id/laporan/detil/pohon-tumbang-202601262043151769434995122
2026-04-01 17:57:34,070 [INFO]       v ID=9916549 | POHON TUMBANG | None
2026-04-01 17:57:37,609 [INFO]    Detail: https://www.lapor.go.id/laporan/detil/orang-hilang-nelayan-belum-kembali-202601262050491769435449657
2026-04-01 17:57:43,086 [INFO]       v ID=9916585 | ORANG HILANG / NELAYAN BELUM KEMBALI | None
2026-04-01 17:57:45,368 [INFO]    Detail: https://www.lapor.go.id/laporan/detil/pohon-tumbang-202601262053421769435622238
2026-04-01 17:57:50,356 [INFO]       v ID=9916603 | POHON TUMBANG | None
2026-04-01 17:57:52,979 [INFO]    Detail: https://www.lapor.go.id/laporan/detil/permintaan-informasi-202601270723451769473425954
2026-04-01 17:57:58,367 [INFO]       v ID=9917185 | permintaan informasi | None
2026-04-01 17:58:01,057 [INFO]    Total terkumpul sejauh ini: 2773 laporan

2026-04-01 17:58:03,843 [INFO] ── Halaman 279: https://www.lapor.go.id/kisah-sukses?page=279
2026-04-01 17:58:23,951 [INFO]    -> 10 laporan ditemukan
2026-04-01 17:58:23,951 [INFO]    Detail: https://www.lapor.go.id/laporan/detil/permintaan-informasi-202601270749561769474996789
2026-04-01 17:58:28,996 [INFO]       v ID=9917281 | permintaan informasi | None
2026-04-01 17:58:32,029 [INFO]    Detail: https://www.lapor.go.id/laporan/detil/penerimaan-cpns-tahun-2026-kejaksaan-negeri-jayawijaya-202601270800431769475643800
2026-04-01 17:58:37,221 [INFO]       v ID=9917377 | Penerimaan CPNS Tahun 2026 Kejaksaan Negeri J | None
2026-04-01 17:58:40,371 [INFO]    Detail: https://www.lapor.go.id/laporan/detil/aspirasi---pengurusan-siup-14-januari-2026--202601270830121769477412815
2026-04-01 17:58:45,251 [INFO]       v ID=9917623 | Aspirasi - Pengurusan SIUP (14 Januari 2026) | None
2026-04-01 17:58:49,085 [INFO]    Detail: https://www.lapor.go.id/laporan/detil/aspirasi---peta-polygon-untuk-oss-15-januari-2026--202601270838031769477883233
2026-04-01 17:58:53,992 [INFO]       v ID=9917713 | Aspirasi - Peta Polygon Untuk OSS (15 Januari | None
2026-04-01 17:58:57,581 [INFO]    Detail: https://www.lapor.go.id/laporan/detil/aspirasi---penginputan-data-pada-e-simpadu-20-januari-2026--202601270849501769478590513
2026-04-01 17:59:02,740 [INFO]       v ID=9917797 | Aspirasi - Penginputan Data Pada E-simpadu (2 | None
2026-04-01 17:59:06,214 [INFO]    Detail: https://www.lapor.go.id/laporan/detil/aspirasi---proses-pembuatan-pirt-22-januari-2026--202601270857431769479063298
2026-04-01 17:59:11,309 [INFO]       v ID=9917899 | Aspirasi - Proses Pembuatan PIRT (22 Januari  | None
2026-04-01 17:59:14,783 [INFO]    Detail: https://www.lapor.go.id/laporan/detil/aspirasi---kendala-penginputan-data-pada-oss-26-januari-26--202601270906331769479593514
2026-04-01 17:59:20,137 [INFO]       v ID=9918007 | Aspirasi - Kendala Penginputan Data Pada OSS  | None
2026-04-01 17:59:23,838 [INFO]    Detail: https://www.lapor.go.id/laporan/detil/pohon-tumbang-202601270915311769480131483
2026-04-01 17:59:28,996 [INFO]       v ID=9918091 | POHON TUMBANG | None
2026-04-01 17:59:32,699 [INFO]    Detail: https://www.lapor.go.id/laporan/detil/pohon-tumbang-202601270918281769480308597
2026-04-01 17:59:38,792 [INFO]       v ID=9918121 | POHON TUMBANG | None
2026-04-01 17:59:40,899 [INFO]    Detail: https://www.lapor.go.id/laporan/detil/pohon-tumbang-202601270924381769480678646
2026-04-01 17:59:45,839 [INFO]       v ID=9918199 | POHON TUMBANG | None
2026-04-01 17:59:49,713 [INFO]    Total terkumpul sejauh ini: 2783 laporan

2026-04-01 17:59:52,973 [INFO] ── Halaman 280: https://www.lapor.go.id/kisah-sukses?page=280
2026-04-01 18:00:14,907 [INFO]    -> 10 laporan ditemukan
2026-04-01 18:00:14,907 [INFO]    Detail: https://www.lapor.go.id/laporan/detil/pohon-tumbang-202601270926101769480770919
2026-04-01 18:00:20,102 [INFO]       v ID=9918217 | POHON TUMBANG | None
2026-04-01 18:00:23,815 [INFO]    Detail: https://www.lapor.go.id/laporan/detil/pohon-tumbang-202601270928081769480888377
2026-04-01 18:00:29,888 [INFO]       v ID=9918241 | POHON TUMBANG | None
2026-04-01 18:00:31,954 [INFO]    Detail: https://www.lapor.go.id/laporan/detil/pohon-tumbang-202601270930131769481013502
2026-04-01 18:00:37,048 [INFO]       v ID=9918253 | POHON TUMBANG | None
2026-04-01 18:00:39,994 [INFO]    Detail: https://www.lapor.go.id/laporan/detil/pohon-tumbang-202601270933101769481190554
2026-04-01 18:00:44,963 [INFO]       v ID=9918277 | POHON TUMBANG | None
2026-04-01 18:00:47,129 [INFO]    Detail: https://www.lapor.go.id/laporan/detil/pohon-tumbang-202601270935531769481353038
2026-04-01 18:00:52,678 [INFO]       v ID=9918313 | POHON TUMBANG | None
2026-04-01 18:00:56,186 [INFO]    Detail: https://www.lapor.go.id/laporan/detil/informasi-anc-terpadu-202601271259201769493560858
2026-04-01 18:01:01,389 [INFO]       v ID=9919723 | Informasi ANC Terpadu | None
2026-04-01 18:01:05,033 [INFO]    Detail: https://www.lapor.go.id/laporan/detil/pelanggaran-bangunan-ruko-yang-mempersempit-aliran-sungai-202601271316281769494588067
2026-04-01 18:01:10,478 [INFO]       v ID=9919807 | Pelanggaran Bangunan Ruko Yang Mempersempit A | Drainase (Gorong-Gorong/Parit)
2026-04-01 18:01:13,997 [INFO]    Detail: https://www.lapor.go.id/laporan/detil/perilaku-calon-asn-pppk-kejaksaan-rs-adhyaksa-banten-meiliyane-listiady-di-sosmed-tiktok-202601271418311769498311403
2026-04-01 18:01:19,454 [INFO]       v ID=9920083 | Perilaku Calon Asn Pppk Kejaksaan Rs Adhyaksa | SP4N-LAPOR!
2026-04-01 18:01:22,877 [INFO]    Detail: https://www.lapor.go.id/laporan/detil/laporan-adanya-tawon-afinis-202601271453471769500427154
2026-04-01 18:01:28,966 [INFO]       v ID=9920473 | Laporan Adanya Tawon Afinis | Pemadam Kebakaran dan Penyelamatan
2026-04-01 18:01:31,919 [INFO]    Detail: https://www.lapor.go.id/laporan/detil/dapodik-202601291104491769659489411
2026-04-01 18:01:38,093 [INFO]       v ID=9925783 | DAPODIK | None
2026-04-01 18:01:40,216 [INFO]    Total terkumpul sejauh ini: 2793 laporan

2026-04-01 18:01:42,840 [INFO] ── Halaman 281: https://www.lapor.go.id/kisah-sukses?page=281
2026-04-01 18:02:04,206 [INFO]    -> 10 laporan ditemukan
2026-04-01 18:02:04,206 [INFO]    Detail: https://www.lapor.go.id/laporan/detil/permintaan-data-ekonomi-makro-kabupaten-tana-tidung-202601301243441769751824939
2026-04-01 18:02:10,987 [INFO]       v ID=9928123 | Permintaan data Ekonomi Makro Kabupaten Tana  | None
2026-04-01 18:02:14,754 [INFO]    Detail: https://www.lapor.go.id/laporan/detil/terima-kasih-kepada-bu-jaksa-dan-mbak-jaksa-yang-telah-hadir-berbagi-ilmu-dan-pengarahan-di-smp-negeri-45-semarang-202601301341531769755313214
2026-04-01 18:02:21,186 [INFO]       v ID=9928231 | Terima Kasih Kepada Bu Jaksa Dan Mbak Jaksa Y | Pendidikan Dasar dan Menengah
2026-04-01 18:02:23,864 [INFO]    Detail: https://www.lapor.go.id/laporan/detil/rumah-roboh-akibat-cuaca-ekstream-202601301518121769761092596
2026-04-01 18:02:29,586 [INFO]       v ID=9928651 | RUMAH ROBOH AKIBAT CUACA EKSTREAM | None
2026-04-01 18:02:33,141 [INFO]    Detail: https://www.lapor.go.id/laporan/detil/sampah-yang-menumpuk-di-sisi-jalan-202601310959131769828353034
2026-04-01 18:02:38,140 [INFO]       v ID=9929839 | SAMPAH YANG MENUMPUK DI SISI JALAN | None
2026-04-01 18:02:41,957 [INFO]    Detail: https://www.lapor.go.id/laporan/detil/odgj-202601311225021769837102892
2026-04-01 18:02:52,920 [INFO]       v ID=9929971 | ODGJ | None
2026-04-01 18:02:55,233 [INFO]    Detail: https://www.lapor.go.id/laporan/detil/permintaan-data-statistik-dari-sekretaris-daerah-kabupaten-rokan-hilir-202601311544441769849084198
2026-04-01 18:03:02,039 [INFO]       v ID=9930187 | Permintaan Data Statistik dari Sekretaris Dae | None
2026-04-01 18:03:05,251 [INFO]    Detail: https://www.lapor.go.id/laporan/detil/permohonan-surat-izin-pengambilan-data-dari-unobersitas-islam-riau-202601311603121769850192683
2026-04-01 18:03:11,581 [INFO]       v ID=9930223 | Permohonan Surat Izin Pengambilan Data dari U | None
2026-04-01 18:03:14,778 [INFO]    Detail: https://www.lapor.go.id/laporan/detil/keluhan-penggunaan-trotoar-sebagai-lapak-jualan-202601311639061769852346081
2026-04-01 18:03:20,916 [INFO]       v ID=9930277 | Keluhan Penggunaan Trotoar Sebagai Lapak Jual | Trotoar
2026-04-01 18:03:24,917 [INFO]    Detail: https://www.lapor.go.id/laporan/detil/banjir-jalan-nasional-202602010649211769903361532
2026-04-01 18:03:31,006 [INFO]       v ID=9930661 | Banjir Jalan Nasional | Drainase (Gorong-Gorong/Parit)
2026-04-01 18:03:33,553 [INFO]    Detail: https://www.lapor.go.id/laporan/detil/jadwal-ukbi-202602011449461769932186053
2026-04-01 18:03:39,877 [INFO]       v ID=9930913 | Jadwal UKBI | None
2026-04-01 18:03:43,541 [INFO]    Total terkumpul sejauh ini: 2803 laporan

2026-04-01 18:03:46,778 [INFO] ── Halaman 282: https://www.lapor.go.id/kisah-sukses?page=282
2026-04-01 18:04:09,724 [INFO]    -> 10 laporan ditemukan
2026-04-01 18:04:09,724 [INFO]    Detail: https://www.lapor.go.id/laporan/detil/penahanan-ijazah-asli-karyawan-202602011614411769937281224
2026-04-01 18:04:15,009 [INFO]       v ID=9931003 | Penahanan Ijazah Asli Karyawan | Lainnya terkait Ketenagakerjaan
2026-04-01 18:04:18,022 [INFO]    Detail: https://www.lapor.go.id/laporan/detil/website-error-202602020906301769997990416
2026-04-01 18:04:23,356 [INFO]       v ID=9931819 | Website error | None
2026-04-01 18:04:26,768 [INFO]    Detail: https://www.lapor.go.id/laporan/detil/cek-penerima-bantuan-kemensos-bpnt-dan-pkh-202602021147191770007639515
2026-04-01 18:04:32,787 [INFO]       v ID=9934453 | Cek Penerima Bantuan Kemensos Bpnt Dan Pkh | Bantuan Sosial
2026-04-01 18:04:36,305 [INFO]    Detail: https://www.lapor.go.id/laporan/detil/keluhan-penggunaan-trotoar-sebagai-lapak-jualan-202602030923311770085411637
2026-04-01 18:04:41,586 [INFO]       v ID=9936901 | Keluhan Penggunaan Trotoar Sebagai Lapak Jual | Ketertiban Umum
2026-04-01 18:04:44,870 [INFO]    Detail: https://www.lapor.go.id/laporan/detil/transportasi-publik-karawang-dinilai-tertinggal-dibanding-bekasi-202602031030141770089414812
2026-04-01 18:04:50,883 [INFO]       v ID=9937597 | Transportasi Publik Karawang Dinilai Tertingg | Transportasi Darat
2026-04-01 18:04:53,649 [INFO]    Detail: https://www.lapor.go.id/laporan/detil/bencana-musibah-rumah-roboh-202602040054121770141252618
2026-04-01 18:04:59,859 [INFO]       v ID=9939511 | Bencana/musibah rumah roboh | None
2026-04-01 18:05:02,809 [INFO]    Detail: https://www.lapor.go.id/laporan/detil/laporan-kerusakan-jalan-nasional-dan-permohonan-penanganan-jangka-panjang-202602051111501770264710197
2026-04-01 18:05:09,122 [INFO]       v ID=9942997 | Laporan Kerusakan Jalan Nasional dan Permohon | Infrastruktur Jalan
2026-04-01 18:05:11,630 [INFO]    Detail: https://www.lapor.go.id/laporan/detil/laporan-banjir-pada-jalan-nasional-akibat-drainase-tersumbat-dan-tindak-lanjut-palsu-oleh-bpjn-banten-satker-ppk-1-4-202602051450531770277853103
2026-04-01 18:05:16,559 [INFO]       v ID=9946255 | Laporan Banjir pada Jalan Nasional Akibat Dra | Drainase (Gorong-Gorong/Parit)
2026-04-01 18:05:19,654 [INFO]    Detail: https://www.lapor.go.id/laporan/detil/keterbukaan-informasi-pemenang-chima-202602061042151770349335332
2026-04-01 18:05:24,718 [INFO]       v ID=9947647 | Keterbukaan Informasi Pemenang ChiMA | None
2026-04-01 18:05:26,796 [INFO]    Detail: https://www.lapor.go.id/laporan/detil/kerusakan-jalan-202602061156511770353811453
2026-04-01 18:05:31,716 [INFO]       v ID=9947875 | Kerusakan Jalan | Jalan Berlubang
2026-04-01 18:05:34,830 [INFO]    Total terkumpul sejauh ini: 2813 laporan

2026-04-01 18:05:38,222 [INFO] ── Halaman 283: https://www.lapor.go.id/kisah-sukses?page=283
2026-04-01 18:05:59,871 [INFO]    -> 10 laporan ditemukan
2026-04-01 18:05:59,871 [INFO]    Detail: https://www.lapor.go.id/laporan/detil/sarana-dan-prasarana-penyediaan-layanan-202602061503281770365008257
2026-04-01 18:06:05,927 [INFO]       v ID=9948541 | Sarana dan Prasarana Penyediaan Layanan | None
2026-04-01 18:06:09,436 [INFO]    Detail: https://www.lapor.go.id/laporan/detil/kapasitas-sdm-202602061540191770367219085
2026-04-01 18:06:15,268 [INFO]       v ID=9948667 | Kapasitas SDM | None
2026-04-01 18:06:18,664 [INFO]    Detail: https://www.lapor.go.id/laporan/detil/ketepatan-waktu-penyelesaian-202602061543011770367381716
2026-04-01 18:06:23,866 [INFO]       v ID=9948697 | ketepatan waktu penyelesaian | None
2026-04-01 18:06:26,920 [INFO]    Detail: https://www.lapor.go.id/laporan/detil/sarana-dan-prasarana-202602061545161770367516679
2026-04-01 18:06:31,853 [INFO]       v ID=9948715 | Sarana dan Prasarana | None
2026-04-01 18:06:34,114 [INFO]    Detail: https://www.lapor.go.id/laporan/detil/warga-terdampak-sampah-pasar-cililin---20-juni-2025-202602061627581770370078963
2026-04-01 18:06:40,467 [INFO]       v ID=9948973 | Warga terdampak sampah Pasar Cililin - 20 Jun | None
2026-04-01 18:06:42,641 [INFO]    Detail: https://www.lapor.go.id/laporan/detil/akses-jalan-kawasan-industri-di-karawang-202602070849111770428951320
2026-04-01 18:06:48,981 [INFO]       v ID=9949609 | Akses Jalan Kawasan Industri Di Karawang | Infrastruktur Jalan
2026-04-01 18:06:51,590 [INFO]    Detail: https://www.lapor.go.id/laporan/detil/tps-ilegal-202602081759071770548347056
2026-04-01 18:06:56,757 [INFO]       v ID=9951175 | Tps Ilegal | Pengelolaan Sampah
2026-04-01 18:07:00,573 [INFO]    Detail: https://www.lapor.go.id/laporan/detil/rumah-rusak-202602090915421770603342587
2026-04-01 18:07:07,400 [INFO]       v ID=9951967 | Rumah Rusak | None
2026-04-01 18:07:10,962 [INFO]    Detail: https://www.lapor.go.id/laporan/detil/rumah-rusak-202602091031511770607911249
2026-04-01 18:07:18,105 [INFO]       v ID=9952447 | Rumah Rusak | None
2026-04-01 18:07:20,223 [INFO]    Detail: https://www.lapor.go.id/laporan/detil/evakuasi-ular-202602091050191770609019069
2026-04-01 18:07:26,548 [INFO]       v ID=9952549 | Evakuasi Ular | None
2026-04-01 18:07:29,635 [INFO]    Total terkumpul sejauh ini: 2823 laporan

2026-04-01 18:07:33,252 [INFO] ── Halaman 284: https://www.lapor.go.id/kisah-sukses?page=284
2026-04-01 18:07:55,613 [INFO]    -> 10 laporan ditemukan
2026-04-01 18:07:55,613 [INFO]    Detail: https://www.lapor.go.id/laporan/detil/banjir-drainase-dan-selokan-202602091100491770609649786
2026-04-01 18:08:02,290 [INFO]       v ID=9952621 | Banjir Drainase dan Selokan | None
2026-04-01 18:08:05,600 [INFO]    Detail: https://www.lapor.go.id/laporan/detil/banjir-drainase-dan-selokan-202602091109411770610181353
2026-04-01 18:08:12,185 [INFO]       v ID=9952675 | Banjir Drainase dan Selokan | None
2026-04-01 18:08:15,295 [INFO]    Detail: https://www.lapor.go.id/laporan/detil/rumah-rusak-202602091134141770611654790
2026-04-01 18:08:20,168 [INFO]       v ID=9952777 | Rumah Rusak | None
2026-04-01 18:08:23,411 [INFO]    Detail: https://www.lapor.go.id/laporan/detil/banjir-drainase-dan-selokan-202602091144561770612296386
2026-04-01 18:08:28,551 [INFO]       v ID=9952837 | Banjir Drainase dan Selokan | None
2026-04-01 18:08:31,492 [INFO]    Detail: https://www.lapor.go.id/laporan/detil/angin-kencang-202602091157311770613051228
2026-04-01 18:08:36,913 [INFO]       v ID=9952879 | Angin Kencang | None
2026-04-01 18:08:39,442 [INFO]    Detail: https://www.lapor.go.id/laporan/detil/rumah-rusak-202602091207511770613671192
2026-04-01 18:08:44,277 [INFO]       v ID=9952915 | Rumah Rusak | None
2026-04-01 18:08:46,746 [INFO]    Detail: https://www.lapor.go.id/laporan/detil/banjir-drainase-dan-selokan-202602091217191770614239427
2026-04-01 18:08:53,485 [INFO]       v ID=9952933 | Banjir Drainase dan Selokan | None
2026-04-01 18:08:57,284 [INFO]    Detail: https://www.lapor.go.id/laporan/detil/banjir-drainase-dan-selokan-202602091320001770618000791
2026-04-01 18:09:03,463 [INFO]       v ID=9953095 | Banjir Drainase dan Selokan | None
2026-04-01 18:09:05,943 [INFO]    Detail: https://www.lapor.go.id/laporan/detil/banjir-drainase-dan-selokan-202602091338231770619103432
2026-04-01 18:09:12,208 [INFO]       v ID=9953155 | Banjir Drainase dan Selokan | None
2026-04-01 18:09:15,593 [INFO]    Detail: https://www.lapor.go.id/laporan/detil/banjir-drainase-dan-selokan-202602091349471770619787035
2026-04-01 18:09:22,123 [INFO]       v ID=9953179 | Banjir Drainase dan Selokan | None
2026-04-01 18:09:24,653 [INFO]    Total terkumpul sejauh ini: 2833 laporan

2026-04-01 18:09:28,584 [INFO] ── Halaman 285: https://www.lapor.go.id/kisah-sukses?page=285
2026-04-01 18:09:48,750 [INFO]    -> 10 laporan ditemukan
2026-04-01 18:09:48,750 [INFO]    Detail: https://www.lapor.go.id/laporan/detil/kerusakan-parah-jalan-link-pantura-napungmali-mudajebak-km-9-desa-wailamung-202602091451431770623503649
2026-04-01 18:09:54,612 [INFO]       v ID=9953419 | Kerusakan Parah Jalan Link Pantura Napungmali | Infrastruktur Jalan
2026-04-01 18:09:56,875 [INFO]    Detail: https://www.lapor.go.id/laporan/detil/jalan-sempit-202602091517521770625072622
2026-04-01 18:10:02,009 [INFO]       v ID=9953605 | jalan sempit | None
2026-04-01 18:10:05,535 [INFO]    Detail: https://www.lapor.go.id/laporan/detil/banjir-drainase-dan-selokan-202602091523371770625417514
2026-04-01 18:10:11,018 [INFO]       v ID=9953641 | Banjir Drainase dan Selokan | None
2026-04-01 18:10:14,307 [INFO]    Detail: https://www.lapor.go.id/laporan/detil/banjir-drainase-dan-selokan-202602091613441770628424938
2026-04-01 18:10:19,240 [INFO]       v ID=9953833 | Banjir Drainase dan Selokan | None
2026-04-01 18:10:22,467 [INFO]    Detail: https://www.lapor.go.id/laporan/detil/jalanan-warga-sudah-rusak-202602091840581770637258071
2026-04-01 18:10:29,269 [INFO]       v ID=9954163 | Jalanan Warga Sudah Rusak | Infrastruktur Jalan
2026-04-01 18:10:32,847 [INFO]    Detail: https://www.lapor.go.id/laporan/detil/banjir-drainase-dan-selokan-202602100132051770661925887
2026-04-01 18:10:40,028 [INFO]       v ID=9954727 | Banjir Drainase dan Selokan | None
2026-04-01 18:10:43,415 [INFO]    Detail: https://www.lapor.go.id/laporan/detil/banjir-drainase-dan-selokan-202602100156061770663366519
2026-04-01 18:10:48,913 [INFO]       v ID=9954751 | Banjir Drainase dan Selokan | None
2026-04-01 18:10:51,382 [INFO]    Detail: https://www.lapor.go.id/laporan/detil/angin-kencang-202602100213481770664428884
2026-04-01 18:10:56,247 [INFO]       v ID=9954769 | Angin Kencang | None
2026-04-01 18:10:59,860 [INFO]    Detail: https://www.lapor.go.id/laporan/detil/angin-kencang-202602100244091770666249343
2026-04-01 18:11:06,554 [INFO]       v ID=9954793 | Angin Kencang | None
2026-04-01 18:11:08,830 [INFO]    Detail: https://www.lapor.go.id/laporan/detil/bangunan-rusak-202602100312121770667932059
2026-04-01 18:11:14,641 [INFO]       v ID=9954811 | Bangunan Rusak | None
2026-04-01 18:11:17,016 [INFO]    Total terkumpul sejauh ini: 2843 laporan

2026-04-01 18:11:20,982 [INFO] ── Halaman 286: https://www.lapor.go.id/kisah-sukses?page=286
2026-04-01 18:11:40,875 [INFO]    -> 10 laporan ditemukan
2026-04-01 18:11:40,875 [INFO]    Detail: https://www.lapor.go.id/laporan/detil/evakuasi-sarang-tawon-202602100336001770669360696
2026-04-01 18:11:47,882 [INFO]       v ID=9954835 | Evakuasi Sarang Tawon | None
2026-04-01 18:11:51,848 [INFO]    Detail: https://www.lapor.go.id/laporan/detil/rumah-rusak-202602100411061770671466522
2026-04-01 18:11:58,050 [INFO]       v ID=9954847 | Rumah Rusak | None
2026-04-01 18:12:01,267 [INFO]    Detail: https://www.lapor.go.id/laporan/detil/jalan-berlubang-202602120813451770858825111
2026-04-01 18:12:06,518 [INFO]       v ID=9960595 | Permohonan Perbaikan Jalan Berlubang | Infrastruktur Jalan
2026-04-01 18:12:09,612 [INFO]    Detail: https://www.lapor.go.id/laporan/detil/evakuasi-ular-202602130836391770946599843
2026-04-01 18:12:16,035 [INFO]       v ID=9962797 | Evakuasi Ular | None
2026-04-01 18:12:18,239 [INFO]    Detail: https://www.lapor.go.id/laporan/detil/evakuasi-mayat-202602130842061770946926873
2026-04-01 18:12:23,439 [INFO]       v ID=9962815 | Evakuasi Mayat | None
2026-04-01 18:12:26,613 [INFO]    Detail: https://www.lapor.go.id/laporan/detil/orang-tenggelam-202602130845071770947107354
2026-04-01 18:12:31,560 [INFO]       v ID=9962833 | Orang tenggelam | None
2026-04-01 18:12:35,429 [INFO]    Detail: https://www.lapor.go.id/laporan/detil/pohon-tumbang-202602130905441770948344879
2026-04-01 18:12:40,636 [INFO]       v ID=9962935 | POHON TUMBANG | None
2026-04-01 18:12:42,951 [INFO]    Detail: https://www.lapor.go.id/laporan/detil/pohon-tumbang-202602130910311770948631448
2026-04-01 18:12:47,925 [INFO]       v ID=9962959 | POHON TUMBANG | None
2026-04-01 18:12:51,709 [INFO]    Detail: https://www.lapor.go.id/laporan/detil/angin-puting-beliung-202602130914271770948867789
2026-04-01 18:12:56,757 [INFO]       v ID=9962965 | ANGIN PUTING BELIUNG | None
2026-04-01 18:13:00,649 [INFO]    Detail: https://www.lapor.go.id/laporan/detil/pohon-tumbang-202602130919021770949142608
2026-04-01 18:13:05,681 [INFO]       v ID=9962995 | POHON TUMBANG | None
2026-04-01 18:13:07,954 [INFO]    Total terkumpul sejauh ini: 2853 laporan

2026-04-01 18:13:10,479 [INFO] ── Halaman 287: https://www.lapor.go.id/kisah-sukses?page=287
2026-04-01 18:13:30,454 [INFO]    -> 10 laporan ditemukan
2026-04-01 18:13:30,454 [INFO]    Detail: https://www.lapor.go.id/laporan/detil/pohon-tumbang-202602130922391770949359517
2026-04-01 18:13:36,632 [INFO]       v ID=9963013 | POHON TUMBANG | None
2026-04-01 18:13:40,379 [INFO]    Detail: https://www.lapor.go.id/laporan/detil/evakuasi-jenazah-202602130927071770949627013
2026-04-01 18:13:45,896 [INFO]       v ID=9963037 | EVAKUASI JENAZAH | None
2026-04-01 18:13:49,020 [INFO]    Detail: https://www.lapor.go.id/laporan/detil/permohonan-kunjungan-edukasi-bencana-dari-mi-al-falahiyah-202602130936051770950165368
2026-04-01 18:13:54,262 [INFO]       v ID=9963079 | PERMOHONAN KUNJUNGAN EDUKASI BENCANA DARI MI  | None
2026-04-01 18:13:56,383 [INFO]    Detail: https://www.lapor.go.id/laporan/detil/permohonan-kunjungan-edukasi-bencana-dari-sd-islam-insan-kamil-tuban-202602130942041770950524032
2026-04-01 18:14:01,230 [INFO]       v ID=9963109 | PERMOHONAN KUNJUNGAN EDUKASI BENCANA DARI SD  | None
2026-04-01 18:14:04,400 [INFO]    Detail: https://www.lapor.go.id/laporan/detil/permohonan-kunjungan-edukasi-bencana-dari-tk-bina-anak-sholeh-202602130957401770951460082
2026-04-01 18:14:09,641 [INFO]       v ID=9963163 | PERMOHONAN KUNJUNGAN EDUKASI BENCANA DARI TK  | None
2026-04-01 18:14:11,811 [INFO]    Detail: https://www.lapor.go.id/laporan/detil/jalan-berlubang-202602131631591770975119240
2026-04-01 18:14:16,813 [INFO]       v ID=9964213 | Jalan Berlubang | Infrastruktur Jalan
2026-04-01 18:14:20,489 [INFO]    Detail: https://www.lapor.go.id/laporan/detil/jl-gelombang-202602161945061771245906965
2026-04-01 18:14:25,819 [INFO]       v ID=9967765 | Jl Gelombang | Jalan Berlubang
2026-04-01 18:14:28,143 [INFO]    Detail: https://www.lapor.go.id/laporan/detil/pohon-tumbang-202602171016081771298168164
2026-04-01 18:14:33,265 [INFO]       v ID=9967993 | POHON TUMBANG | None
2026-04-01 18:14:35,470 [INFO]    Detail: https://www.lapor.go.id/laporan/detil/laporan-gangguan-jalan-202602180104571771351497104
2026-04-01 18:14:40,356 [INFO]       v ID=9968683 | Laporan Gangguan Jalan | Lainnya terkait Ketenteraman, Ketertiban Umum, dan Pelindungan Masyarakat
2026-04-01 18:14:42,546 [INFO]    Detail: https://www.lapor.go.id/laporan/detil/aspirasi---prosedur-pengajuan-ijin-pemasangan-banner-02-februari-2026--202602190830161771464616726
2026-04-01 18:14:47,659 [INFO]       v ID=9973639 | Aspirasi - Prosedur Pengajuan Ijin Pemasangan | None
2026-04-01 18:14:50,656 [INFO]    Total terkumpul sejauh ini: 2863 laporan

2026-04-01 18:14:53,124 [INFO] ── Halaman 288: https://www.lapor.go.id/kisah-sukses?page=288
2026-04-01 18:15:12,902 [INFO]    -> 10 laporan ditemukan
2026-04-01 18:15:12,902 [INFO]    Detail: https://www.lapor.go.id/laporan/detil/aspirasi---proses-pembuatan-izin-praktek-tenaga-teknos-kefarmasian-sipttk-03-februari-2026--202602190838261771465106340
2026-04-01 18:15:17,810 [INFO]       v ID=9973939 | Aspirasi - Proses Pembuatan Izin Praktek Tena | None
2026-04-01 18:15:20,273 [INFO]    Detail: https://www.lapor.go.id/laporan/detil/aspirasi---penginputan-npwp-pada-oss-05-februari-2026--202602190852141771465934682
2026-04-01 18:15:25,131 [INFO]       v ID=9974047 | Aspirasi - Penginputan NPWP Pada OSS (05 Febr | None
2026-04-01 18:15:29,049 [INFO]    Detail: https://www.lapor.go.id/laporan/detil/aspirasi---kendala-tidak-bisa-login-pada-esimpadu-10-februari-2026--202602190904151771466655380
2026-04-01 18:15:33,863 [INFO]       v ID=9974137 | Aspirasi - Kendala Tidak Bisa Login Pada Esim | None
2026-04-01 18:15:36,239 [INFO]    Detail: https://www.lapor.go.id/laporan/detil/cek-bansos-202602200931011771554661264
2026-04-01 18:15:41,075 [INFO]       v ID=9977827 | CEK BANSOS | None
2026-04-01 18:15:43,498 [INFO]    Detail: https://www.lapor.go.id/laporan/detil/aspirasi---pengurusan-nib-yayasan-12-februari-2026--202602201029451771558185750
2026-04-01 18:15:48,484 [INFO]       v ID=9978283 | Aspirasi - Pengurusan NIB Yayasan (12 Februar | None
2026-04-01 18:15:50,545 [INFO]    Detail: https://www.lapor.go.id/laporan/detil/aspirasi---pendaftaran-kbli-12-februari-2026--202602201033081771558388627
2026-04-01 18:15:55,403 [INFO]       v ID=9978295 | Aspirasi - Pendaftaran KBLI (12 Februari 2026 | None
2026-04-01 18:15:58,503 [INFO]    Detail: https://www.lapor.go.id/laporan/detil/evakuasi-hewan-liar-buas-202602221117351771733855996
2026-04-01 18:16:04,617 [INFO]       v ID=9981475 | EVAKUASI HEWAN LIAR/BUAS | Evakuasi Hewan Liar
2026-04-01 18:16:08,471 [INFO]    Detail: https://www.lapor.go.id/laporan/detil/surat-rekom-dari-dinas-peternakan-kabupaten-nganjuk-tak-kunjung-keluar-202602231452211771833141943
2026-04-01 18:16:13,801 [INFO]       v ID=9985873 | Surat Rekom Dari Dinas Peternakan Kabupaten N | Pertanian dan Peternakan
2026-04-01 18:16:16,650 [INFO]    Detail: https://www.lapor.go.id/laporan/detil/dapat-obat-cuma-sedikit-202602240833311771896811042
2026-04-01 18:16:22,502 [INFO]       v ID=9986833 | Dapat Obat Cuma Sedikit | None
2026-04-01 18:16:26,104 [INFO]    Detail: https://www.lapor.go.id/laporan/detil/permintaan-data-lkpj-bupati-2025-202602241005141771902314652
2026-04-01 18:16:32,349 [INFO]       v ID=9987577 | Permintaan Data LKPJ Bupati 2025 | None
2026-04-01 18:16:35,416 [INFO]    Total terkumpul sejauh ini: 2873 laporan

2026-04-01 18:16:38,594 [INFO] ── Halaman 289: https://www.lapor.go.id/kisah-sukses?page=289
2026-04-01 18:17:00,245 [INFO]    -> 10 laporan ditemukan
2026-04-01 18:17:00,245 [INFO]    Detail: https://www.lapor.go.id/laporan/detil/permintaan-data-indeks-kesehatan-202602241009191771902559987
2026-04-01 18:17:05,274 [INFO]       v ID=9987619 | Permintaan Data Indeks Kesehatan | None
2026-04-01 18:17:07,559 [INFO]    Detail: https://www.lapor.go.id/laporan/detil/pelayanan-lama-202602241023421771903422194
2026-04-01 18:17:13,751 [INFO]       v ID=9987763 | Pelayanan lama | None
2026-04-01 18:17:17,217 [INFO]    Detail: https://www.lapor.go.id/laporan/detil/rumah-roboh-202602241107301771906050957
2026-04-01 18:17:22,149 [INFO]       v ID=9988201 | Rumah Roboh | None
2026-04-01 18:17:26,185 [INFO]    Detail: https://www.lapor.go.id/laporan/detil/keluhan-pelaksanaan-mbg-tanggal-23-februari-2026-202602241121331771906893690
2026-04-01 18:17:31,581 [INFO]       v ID=9988333 | Keluhan pelaksanaan MBG tanggal 23 Februari 2 | Kualitas Makanan MBG
2026-04-01 18:17:34,606 [INFO]    Detail: https://www.lapor.go.id/laporan/detil/longsor-202602241439101771918750901
2026-04-01 18:17:41,144 [INFO]       v ID=9989221 | Longsor | None
2026-04-01 18:17:43,313 [INFO]    Detail: https://www.lapor.go.id/laporan/detil/banguan-rusak-202602241500251771920025951
2026-04-01 18:17:49,535 [INFO]       v ID=9989335 | Banguan Rusak | None
2026-04-01 18:17:53,355 [INFO]    Detail: https://www.lapor.go.id/laporan/detil/rumah-rusak-202602241512281771920748135
2026-04-01 18:17:59,587 [INFO]       v ID=9989371 | Rumah Rusak | None
2026-04-01 18:18:02,965 [INFO]    Detail: https://www.lapor.go.id/laporan/detil/rumah-rusak-202602241522491771921369948
2026-04-01 18:18:09,074 [INFO]       v ID=9989407 | Rumah Rusak | None
2026-04-01 18:18:11,346 [INFO]    Detail: https://www.lapor.go.id/laporan/detil/subjek-permohonan-penegasan-hak-istri-pns-sesuai-pp-10-1983-jo-pp-45-1990-202602241818471771931927052
2026-04-01 18:18:17,615 [INFO]       v ID=9989551 | Subjek: Permohonan Penegasan Hak Istri Pns Se | Akta Perceraian
2026-04-01 18:18:21,282 [INFO]    Detail: https://www.lapor.go.id/laporan/detil/permohonan-vaksinasi-rabies-di-banjar-palak-dan-banjar-delod-peken-desa-keramas-202602242146141771944374158
2026-04-01 18:18:26,512 [INFO]       v ID=9989707 | Permohonan Vaksinasi Rabies Di Banjar Palak D | Vaksinasi Rabies
2026-04-01 18:18:29,914 [INFO]    Total terkumpul sejauh ini: 2883 laporan

2026-04-01 18:18:32,240 [INFO] ── Halaman 290: https://www.lapor.go.id/kisah-sukses?page=290
2026-04-01 18:18:53,012 [INFO]    -> 10 laporan ditemukan
2026-04-01 18:18:53,012 [INFO]    Detail: https://www.lapor.go.id/laporan/detil/undangan-mekanisme-sanggahan-dokumen-rb-202602251739201772015960996
2026-04-01 18:18:58,025 [INFO]       v ID=9992869 | Undangan Mekanisme Sanggahan Dokumen RB | None
2026-04-01 18:19:00,148 [INFO]    Detail: https://www.lapor.go.id/laporan/detil/permohonan-informasi-terkait-ketentuan-hukum-mengenai-kekerasan-dalam-rumah-tangga-202602260525301772058330228
2026-04-01 18:19:05,132 [INFO]       v ID=9993205 | Permohonan Informasi Terkait Ketentuan Hukum  | Akta Perceraian
2026-04-01 18:19:08,157 [INFO]    Detail: https://www.lapor.go.id/laporan/detil/belum-menerima-digitalisasi-pendidikan-202602261035211772076921509
2026-04-01 18:19:14,323 [INFO]       v ID=9994303 | Belum Menerima Digitalisasi Pendidikan | Sarana dan Prasarana Pendidikan
2026-04-01 18:19:17,534 [INFO]    Detail: https://www.lapor.go.id/laporan/detil/toko-warung-tidak-ramah-sama-sekali-202602270603341772147014708
2026-04-01 18:19:23,648 [INFO]       v ID=9996475 | Toko Warung Tidak Ramah Sama Sekali | Lainnya terkait Ketenteraman, Ketertiban Umum, dan Pelindungan Masyarakat
2026-04-01 18:19:26,153 [INFO]    Detail: https://www.lapor.go.id/laporan/detil/aspirasi---pengurusan-perpanjangan-sip-13-februari-2026--202602270706181772150778699
2026-04-01 18:19:31,151 [INFO]       v ID=9996523 | Aspirasi - Pengurusan Perpanjangan SIP (13 Fe | None
2026-04-01 18:19:33,304 [INFO]    Detail: https://www.lapor.go.id/laporan/detil/aspirasi---kendala-pengajuan-izin-sip-19-februari-2026--202602270710391772151039764
2026-04-01 18:19:38,516 [INFO]       v ID=9996541 | Aspirasi - Kendala Pengajuan Izin SIP (19 Feb | None
2026-04-01 18:19:41,789 [INFO]    Detail: https://www.lapor.go.id/laporan/detil/aspirasi---prosedur-pengajuan-reklame-19-februari-2026--202602270715541772151354198
2026-04-01 18:19:47,834 [INFO]       v ID=9996547 | Aspirasi - Prosedur Pengajuan Reklame (19 Feb | None
2026-04-01 18:19:50,740 [INFO]    Detail: https://www.lapor.go.id/laporan/detil/aspirasi---kendala-pencabutan-sip-23-februari-2026--202602270719281772151568015
2026-04-01 18:19:55,633 [INFO]       v ID=9996559 | Aspirasi - Kendala Pencabutan SIP (23 Februar | None
2026-04-01 18:19:58,870 [INFO]    Detail: https://www.lapor.go.id/laporan/detil/aspirasi---poses-pembatalan-pengajuan-reklame-23-februari-2026--202602270724131772151853122
2026-04-01 18:20:06,841 [INFO]       v ID=9996571 | Aspirasi - Poses Pembatalan Pengajuan Reklame | None
2026-04-01 18:20:10,569 [INFO]    Detail: https://www.lapor.go.id/laporan/detil/kebakaran-202602282204491772291089778
2026-04-01 18:20:17,711 [INFO]       v ID=10003171 | Kebakaran | None
2026-04-01 18:20:21,398 [INFO]    Total terkumpul sejauh ini: 2893 laporan

2026-04-01 18:20:24,063 [INFO] ── Halaman 291: https://www.lapor.go.id/kisah-sukses?page=291
2026-04-01 18:20:45,117 [INFO]    -> 10 laporan ditemukan
2026-04-01 18:20:45,117 [INFO]    Detail: https://www.lapor.go.id/laporan/detil/kabel-yang-menjuntai-202602282214161772291656796
2026-04-01 18:20:52,245 [INFO]       v ID=10003183 | Kabel yang menjuntai | None
2026-04-01 18:20:55,826 [INFO]    Detail: https://www.lapor.go.id/laporan/detil/permintaan-data-variabel-untuk-menghitung-data-dasar-cadangan-beras-daerah-ddcbd--202602282219171772291957472
2026-04-01 18:21:03,193 [INFO]       v ID=10003189 | Permintaan Data Variabel untuk Menghitung Dat | None
2026-04-01 18:21:06,966 [INFO]    Detail: https://www.lapor.go.id/laporan/detil/rumah-rusak-202603030937531772505473242
2026-04-01 18:21:13,123 [INFO]       v ID=10008331 | Rumah Rusak | None
2026-04-01 18:21:16,414 [INFO]    Detail: https://www.lapor.go.id/laporan/detil/jalan-amblas-202603030946331772505993929
2026-04-01 18:21:22,218 [INFO]       v ID=10008373 | Jalan Amblas | None
2026-04-01 18:21:24,885 [INFO]    Detail: https://www.lapor.go.id/laporan/detil/permintaan-data-dari-kemenag-kabupaten-situbondo-202603041153421772600022869
2026-04-01 18:21:31,507 [INFO]       v ID=10013137 | Permintaan Data dari Kemenag Kabupaten Situbo | None
2026-04-01 18:21:35,471 [INFO]    Detail: https://www.lapor.go.id/laporan/detil/permohonan-data-dan-konsultasi-statistik-202603060738111772757491177
2026-04-01 18:21:41,558 [INFO]       v ID=10020991 | PERMOHONAN DATA DAN KONSULTASI STATISTIK | None
2026-04-01 18:21:43,615 [INFO]    Detail: https://www.lapor.go.id/laporan/detil/aspirasi---proses-perubahan-produk-jasa-dan-kapasitas-produksi-di-oss-02-maret-2026--202603060742571772757777731
2026-04-01 18:21:48,739 [INFO]       v ID=10021009 | Aspirasi - Proses perubahan produk/jasa dan k | None
2026-04-01 18:21:52,750 [INFO]    Detail: https://www.lapor.go.id/laporan/detil/aspirasi---proses-rilis-pbg-03-maret-2026--202603060749361772758176648
2026-04-01 18:21:57,705 [INFO]       v ID=10021033 | Aspirasi - Proses rilis PBG (03 Maret 2026) | None
2026-04-01 18:22:01,403 [INFO]    Detail: https://www.lapor.go.id/laporan/detil/aspirasi---izin-pemasangan-reklame-03-maret-2026--202603060753111772758391943
2026-04-01 18:22:06,600 [INFO]       v ID=10021045 | Aspirasi - Izin Pemasangan Reklame (03 Maret  | None
2026-04-01 18:22:08,894 [INFO]    Detail: https://www.lapor.go.id/laporan/detil/hak-akses-oss-202603101346001773125160466
2026-04-01 18:22:14,383 [INFO]       v ID=10034599 | Hak Akses OSS | None
2026-04-01 18:22:17,020 [INFO]    Total terkumpul sejauh ini: 2903 laporan

2026-04-01 18:22:20,895 [INFO] ── Halaman 292: https://www.lapor.go.id/kisah-sukses?page=292
2026-04-01 18:22:41,333 [INFO]    -> 10 laporan ditemukan
2026-04-01 18:22:41,333 [INFO]    Detail: https://www.lapor.go.id/laporan/detil/angin-kencang-202603120814211773278061185
2026-04-01 18:22:47,552 [INFO]       v ID=10038301 | Angin Kencang | None
2026-04-01 18:22:50,951 [INFO]    Detail: https://www.lapor.go.id/laporan/detil/angin-kencang-202603120829061773278946329
2026-04-01 18:22:57,251 [INFO]       v ID=10038367 | Angin Kencang | None
2026-04-01 18:23:00,139 [INFO]    Detail: https://www.lapor.go.id/laporan/detil/angin-kencang-202603120836541773279414567
2026-04-01 18:23:06,415 [INFO]       v ID=10038403 | Angin Kencang | None
2026-04-01 18:23:09,477 [INFO]    Detail: https://www.lapor.go.id/laporan/detil/angin-kencang-202603120849521773280192581
2026-04-01 18:23:14,490 [INFO]       v ID=10038487 | Angin Kencang | None
2026-04-01 18:23:18,485 [INFO]    Detail: https://www.lapor.go.id/laporan/detil/angin-kencang-202603121358051773298685345
2026-04-01 18:23:23,446 [INFO]       v ID=10039795 | Angin Kencang | None
2026-04-01 18:23:27,120 [INFO]    Detail: https://www.lapor.go.id/laporan/detil/permintaan-data-dari-dinas-kesehatan-202603121525261773303926063
2026-04-01 18:23:33,372 [INFO]       v ID=10039921 | Permintaan Data dari Dinas Kesehatan | None
2026-04-01 18:23:35,814 [INFO]    Detail: https://www.lapor.go.id/laporan/detil/permintaan-data-oleh-dinas-lingkungan-hidup-202603121533131773304393345
2026-04-01 18:23:41,049 [INFO]       v ID=10039927 | Permintaan Data oleh Dinas Lingkungan Hidup | None
2026-04-01 18:23:44,858 [INFO]    Detail: https://www.lapor.go.id/laporan/detil/permintaan-data-kependudukan-dari-bkad-202603121535021773304502335
2026-04-01 18:23:49,925 [INFO]       v ID=10039939 | Permintaan Data Kependudukan dari BKAD | None
2026-04-01 18:23:53,834 [INFO]    Detail: https://www.lapor.go.id/laporan/detil/angin-kencang-202603131003211773371001872
2026-04-01 18:23:58,886 [INFO]       v ID=10041463 | Angin Kencang | None
2026-04-01 18:24:02,834 [INFO]    Detail: https://www.lapor.go.id/laporan/detil/angin-kencang-202603131017521773371872136
2026-04-01 18:24:08,976 [INFO]       v ID=10041481 | Angin Kencang | None
2026-04-01 18:24:11,732 [INFO]    Total terkumpul sejauh ini: 2913 laporan

2026-04-01 18:24:15,684 [INFO] ── Halaman 293: https://www.lapor.go.id/kisah-sukses?page=293
2026-04-01 18:24:36,674 [INFO]    -> 10 laporan ditemukan
2026-04-01 18:24:36,689 [INFO]    Detail: https://www.lapor.go.id/laporan/detil/angin-kencang-202603131035251773372925311
2026-04-01 18:24:42,853 [INFO]       v ID=10041565 | Angin Kencang | None
2026-04-01 18:24:46,793 [INFO]    Detail: https://www.lapor.go.id/laporan/detil/cara-buka-blokir-wondr-bni-202603140235421773430542782
2026-04-01 18:24:52,240 [INFO]       v ID=10042291 | Cara buka Blokir Wondr BNI | None
2026-04-01 18:24:55,177 [INFO]    Detail: https://www.lapor.go.id/laporan/detil/angin-kencang-202603160852181773625938190
2026-04-01 18:25:00,052 [INFO]       v ID=10044895 | Angin Kencang | None
2026-04-01 18:25:03,042 [INFO]    Detail: https://www.lapor.go.id/laporan/detil/angin-kencang-202603160906101773626770562
2026-04-01 18:25:10,148 [INFO]       v ID=10044955 | Angin Kencang | None
2026-04-01 18:25:12,527 [INFO]    Detail: https://www.lapor.go.id/laporan/detil/angin-kencang-202603160916481773627408730
2026-04-01 18:25:18,958 [INFO]       v ID=10044985 | Angin Kencang | None
2026-04-01 18:25:22,058 [INFO]    Detail: https://www.lapor.go.id/laporan/detil/angin-kencang-202603160939551773628795460
2026-04-01 18:25:28,690 [INFO]       v ID=10045111 | Angin Kencang | None
2026-04-01 18:25:31,272 [INFO]    Detail: https://www.lapor.go.id/laporan/detil/p3k-paruh-waktu-pemkot-semarang-202603161027331773631653699
2026-04-01 18:25:36,253 [INFO]       v ID=10045465 | P3K Paruh Waktu Pemkot Semarang | THR tidak dibayarkan
2026-04-01 18:25:39,365 [INFO]    Detail: https://www.lapor.go.id/laporan/detil/apirasi---proses-verifikasi-persyaratan-dasar-lokasi-perumahan-baru-05-maret-2026--202603170922291773714149934
2026-04-01 18:25:44,453 [INFO]       v ID=10047391 | Apirasi - Proses Verifikasi persyaratan dasar | None
2026-04-01 18:25:48,460 [INFO]    Detail: https://www.lapor.go.id/laporan/detil/aspirasi---proses-pembuatan-pirt-12-maret-2026--202603170937091773715029167
2026-04-01 18:25:53,456 [INFO]       v ID=10047529 | Aspirasi - Proses Pembuatan PIRT (12 Maret 20 | None
2026-04-01 18:25:56,657 [INFO]    Detail: https://www.lapor.go.id/laporan/detil/aspirasi---perubahan-data-pada-kbli-17-maret-2026--202603170943361773715416839
2026-04-01 18:26:02,273 [INFO]       v ID=10047577 | Aspirasi - Perubahan Data Pada KBLI (17 Maret | None
2026-04-01 18:26:05,834 [INFO]    Total terkumpul sejauh ini: 2923 laporan

2026-04-01 18:26:09,269 [INFO] ── Halaman 294: https://www.lapor.go.id/kisah-sukses?page=294
2026-04-01 18:26:30,329 [INFO]    -> 10 laporan ditemukan
2026-04-01 18:26:30,329 [INFO]    Detail: https://www.lapor.go.id/laporan/detil/angin-kencang-202603171105191773720319353
2026-04-01 18:26:35,532 [INFO]       v ID=10047889 | Angin Kencang | None
2026-04-01 18:26:38,524 [INFO]    Detail: https://www.lapor.go.id/laporan/detil/angin-kencang-202603171127581773721678331
2026-04-01 18:26:43,716 [INFO]       v ID=10048009 | Angin Kencang | None
2026-04-01 18:26:47,750 [INFO]    Detail: https://www.lapor.go.id/laporan/detil/angin-kencang-202603171143061773722586624
2026-04-01 18:26:53,042 [INFO]       v ID=10048063 | Angin Kencang | None
2026-04-01 18:26:56,525 [INFO]    Detail: https://www.lapor.go.id/laporan/detil/angin-kencang-202603171155061773723306550
2026-04-01 18:27:01,947 [INFO]       v ID=10048099 | Angin Kencang | None
2026-04-01 18:27:05,470 [INFO]    Detail: https://www.lapor.go.id/laporan/detil/angin-kencang-202603171358481773730728159
2026-04-01 18:27:10,540 [INFO]       v ID=10048387 | Angin Kencang | None
2026-04-01 18:27:13,445 [INFO]    Detail: https://www.lapor.go.id/laporan/detil/laporan-penipuan-transaksi-elektronik-dan-peretasan-akun-dompet-digital-dana-melalui-manipulasi-malware-overlay--202603250353461774385626903
2026-04-01 18:27:18,941 [INFO]       v ID=10053499 | Laporan Penipuan Transaksi Elektronik Dan Per | Perlindungan Konsumen terkait Jasa Keuangan
2026-04-01 18:27:22,155 [INFO]    Detail: https://www.lapor.go.id/laporan/detil/evakuasi-sarang-tawon-202603250827161774402036503
2026-04-01 18:27:28,567 [INFO]       v ID=10053697 | Evakuasi Sarang Tawon | None
2026-04-01 18:27:30,685 [INFO]    Detail: https://www.lapor.go.id/laporan/detil/kebakaran-rumah-202603250841161774402876640
2026-04-01 18:27:37,165 [INFO]       v ID=10053751 | Kebakaran Rumah | None
2026-04-01 18:27:39,949 [INFO]    Detail: https://www.lapor.go.id/laporan/detil/kebakaran-bangunan-202603250848311774403311875
2026-04-01 18:27:49,248 [INFO]       v ID=10053769 | Kebakaran Bangunan | None
2026-04-01 18:27:52,094 [INFO]    Detail: https://www.lapor.go.id/laporan/detil/pdam-202603260802471774486967507
2026-04-01 18:27:58,662 [INFO]       v ID=10055611 | PDAM | Layanan Air Minum
2026-04-01 18:28:02,099 [INFO]    Total terkumpul sejauh ini: 2933 laporan

2026-04-01 18:28:04,204 [INFO] ── Halaman 295: https://www.lapor.go.id/kisah-sukses?page=295
2026-04-01 18:28:27,454 [INFO]    -> 10 laporan ditemukan
2026-04-01 18:28:27,456 [INFO]    Detail: https://www.lapor.go.id/laporan/detil/laporan-aduan-masyarakat-terkait-kredit-usaha-rakyat-202603261014051774494845603
2026-04-01 18:28:32,558 [INFO]       v ID=10056187 | Laporan aduan masyarakat terkait Kredit Usaha | None
2026-04-01 18:28:35,271 [INFO]    Detail: https://www.lapor.go.id/laporan/detil/permintaan-data-untuk-penelitian-di-pulau-gili-labak-202603271152031774587123190
2026-04-01 18:28:41,462 [INFO]       v ID=10059235 | Permintaan Data untuk Penelitian di Pulau Gil | None
2026-04-01 18:28:44,981 [INFO]    Detail: https://www.lapor.go.id/laporan/detil/5-1-2026-info-magang-202603271612301774602750674
2026-04-01 18:28:52,417 [INFO]       v ID=10059985 | 5/1/2026 info magang | None
2026-04-01 18:28:56,004 [INFO]    Detail: https://www.lapor.go.id/laporan/detil/6-1-2026---info-mitra-bps-202603271615281774602928606
2026-04-01 18:29:02,450 [INFO]       v ID=10059991 | 6/1/2026 - Info mitra bps | None
2026-04-01 18:29:06,223 [INFO]    Detail: https://www.lapor.go.id/laporan/detil/8-1-2026---info-magang-202603271814461774610086900
2026-04-01 18:29:12,479 [INFO]       v ID=10060183 | 8/1/2026 - info magang | None
2026-04-01 18:29:15,917 [INFO]    Detail: https://www.lapor.go.id/laporan/detil/19-01-2026---info-mitra-bps-202603271816351774610195909
2026-04-01 18:29:21,999 [INFO]       v ID=10060189 | 19/01/2026 - Info mitra bps | None
2026-04-01 18:29:25,156 [INFO]    Detail: https://www.lapor.go.id/laporan/detil/jahat-202603281850481774698648233
2026-04-01 18:29:30,093 [INFO]       v ID=10061011 | Jahat | Pencemaran Lingkungan
2026-04-01 18:29:32,718 [INFO]    Detail: https://www.lapor.go.id/laporan/detil/aspirasi---persyaratan-proses-nib-25-maret-2026--202603310809391774919379782
2026-04-01 18:29:37,772 [INFO]       v ID=10067479 | Aspirasi - Persyaratan Proses NIB (25 Maret 2 | None
2026-04-01 18:29:40,161 [INFO]    Detail: https://www.lapor.go.id/laporan/detil/aspirasi---progres-perijinan-pendirian-sekolah-25-maret-2026--202603310818331774919913608
2026-04-01 18:29:45,132 [INFO]       v ID=10067563 | Aspirasi - Progres Perijinan Pendirian Sekola | None
2026-04-01 18:29:47,290 [INFO]    Detail: https://www.lapor.go.id/laporan/detil/aspirasi---pengajuan-surat-ijin-praktik-perawat-30-maret-2026--202603310823371774920217468
2026-04-01 18:29:52,514 [INFO]       v ID=10067617 | Aspirasi - Pengajuan Surat Ijin Praktik Peraw | None
2026-04-01 18:29:55,678 [INFO]    Total terkumpul sejauh ini: 2943 laporan

2026-04-01 18:29:58,875 [INFO] ── Halaman 296: https://www.lapor.go.id/kisah-sukses?page=296
2026-04-01 18:30:20,999 [INFO]    -> 10 laporan ditemukan
2026-04-01 18:30:20,999 [INFO]    Detail: https://www.lapor.go.id/laporan/detil/melapor-rumah-tak-layak-huni-202604010853051775008385022
2026-04-01 18:30:27,624 [INFO]       v ID=10071895 | Melapor Rumah Tak Layak  Huni | Bantuan Sosial
2026-04-01 18:30:30,921 [INFO]    Detail: https://www.lapor.go.id/laporan/detil/asap-batok-yang-sangat-meresahkan-dan-menggangu-kesehatan-manusia-202604010904481775009088849
2026-04-01 18:30:37,467 [INFO]       v ID=10071949 | Asap Batok Yang Sangat Meresahkan,Dan Menggan | Lainnya terkait Kesehatan
2026-04-01 18:30:40,028 [INFO]    Detail: https://www.lapor.go.id/laporan/detil/02-05-2026---info-mitra-bps-202604011042541775014974247
2026-04-01 18:30:46,896 [INFO]       v ID=10072375 | 02/05/2026 - Info mitra bps | None
2026-04-01 18:30:50,466 [INFO]    Detail: https://www.lapor.go.id/laporan/detil/02-09-2026---info-magang-202604011122211775017341348
2026-04-01 18:30:56,916 [INFO]       v ID=10072573 | 02/09/2026 - info magang | None
2026-04-01 18:30:59,308 [INFO]    Detail: https://www.lapor.go.id/laporan/detil/26-02-2026---info-bps-202604011235131775021713859
2026-04-01 18:31:05,936 [INFO]       v ID=10072855 | 26/02/2026 - info BPS | None
2026-04-01 18:31:08,320 [INFO]    Detail: https://www.lapor.go.id/laporan/detil/26-02-2026---info-survei-bps-202604011237151775021835715
2026-04-01 18:31:14,528 [INFO]       v ID=10072861 | 26/02/2026 - info survei BPS | None
2026-04-01 18:31:16,925 [INFO]    Detail: https://www.lapor.go.id/laporan/detil/01-03-2026---info-mitra-bps-202604011243351775022215648
2026-04-01 18:31:23,230 [INFO]       v ID=10072873 | 01/03/2026 - Info mitra bps | None
2026-04-01 18:31:27,123 [INFO]    Detail: https://www.lapor.go.id/laporan/detil/03-03-2026---info-mitra-bps-202604011247191775022439474
2026-04-01 18:31:34,581 [INFO]       v ID=10072885 | 03/03/2026 - Info mitra bps | None
2026-04-01 18:31:37,275 [INFO]    Detail: https://www.lapor.go.id/laporan/detil/03-03-2026---info-mitra-bps-202604011259331775023173794
2026-04-01 18:31:43,596 [INFO]       v ID=10072897 | 03/03/2026 - Info mitra bps | None
2026-04-01 18:31:46,293 [INFO]    Detail: https://www.lapor.go.id/laporan/detil/03-03-2025---info-taspen-202604011311051775023865481
2026-04-01 18:31:52,613 [INFO]       v ID=10072939 | 03/03/2025 - info taspen | None
2026-04-01 18:31:56,610 [INFO]    Total terkumpul sejauh ini: 2953 laporan

2026-04-01 18:32:00,392 [INFO] ── Halaman 297: https://www.lapor.go.id/kisah-sukses?page=297
2026-04-01 18:32:21,488 [INFO]    -> 4 laporan ditemukan
2026-04-01 18:32:21,488 [INFO]    Detail: https://www.lapor.go.id/laporan/detil/05-03-2026---info-bps-202604011333111775025191182
2026-04-01 18:32:27,721 [INFO]       v ID=10073023 | 05/03/2026 - info BPS | None
2026-04-01 18:32:30,267 [INFO]    Detail: https://www.lapor.go.id/laporan/detil/07-03-2026---info-mitra-bps-202604011516341775031394409
2026-04-01 18:32:36,332 [INFO]       v ID=10073317 | 07/03/2026 - Info mitra bps | None
2026-04-01 18:32:39,569 [INFO]    Detail: https://www.lapor.go.id/laporan/detil/17-03-2026---info-mitra-bps-202604011521571775031717844
2026-04-01 18:32:45,751 [INFO]       v ID=10073323 | 17/03/2026 - Info mitra bps | None
2026-04-01 18:32:48,267 [INFO]    Detail: https://www.lapor.go.id/laporan/detil/19-03-2026---info-magang-202604011525341775031934511
2026-04-01 18:32:54,737 [INFO]       v ID=10073335 | 19/03/2026 - info magang | None
2026-04-01 18:32:57,308 [INFO]    Total terkumpul sejauh ini: 2957 laporan

2026-04-01 18:33:01,236 [INFO] ── Halaman 298: https://www.lapor.go.id/kisah-sukses?page=298
2026-04-01 18:33:19,017 [INFO]    -> 0 laporan ditemukan
2026-04-01 18:33:19,017 [INFO] Halaman 298 kosong (1/3).
2026-04-01 18:33:21,428 [INFO] ── Halaman 299: https://www.lapor.go.id/kisah-sukses?page=299
2026-04-01 18:33:37,347 [INFO]    -> 0 laporan ditemukan
2026-04-01 18:33:37,347 [INFO] Halaman 299 kosong (2/3).
2026-04-01 18:33:39,959 [INFO] ── Halaman 300: https://www.lapor.go.id/kisah-sukses?page=300
2026-04-01 18:33:57,509 [INFO]    -> 0 laporan ditemukan
2026-04-01 18:33:57,509 [INFO] Halaman 300 kosong (3/3).
2026-04-01 18:33:57,509 [INFO] Sudah mentok. Scraping selesai!
2026-04-01 18:33:57,686 [INFO] CSV tersimpan -> lapor_dataset.csv (2957 baris)
2026-04-01 18:33:57,747 [INFO] JSON tersimpan -> lapor_dataset.json
2026-04-01 18:33:57,747 [INFO] === Selesai. Total 2957 laporan berhasil diambil. ===
